-- phpMyAdmin SQL Dump
-- version 5.2.0
-- https://www.phpmyadmin.net/
--
-- Host: 127.0.0.1
-- Czas generowania: 25 Paź 2022, 09:17
-- Wersja serwera: 10.4.24-MariaDB
-- Wersja PHP: 8.1.6

SET SQL_MODE = "NO_AUTO_VALUE_ON_ZERO";
START TRANSACTION;
SET time_zone = "+00:00";


/*!40101 SET @OLD_CHARACTER_SET_CLIENT=@@CHARACTER_SET_CLIENT */;
/*!40101 SET @OLD_CHARACTER_SET_RESULTS=@@CHARACTER_SET_RESULTS */;
/*!40101 SET @OLD_COLLATION_CONNECTION=@@COLLATION_CONNECTION */;
/*!40101 SET NAMES utf8mb4 */;

--
-- Baza danych: `szkola_lukasz_stepien`
--

-- --------------------------------------------------------

--
-- Struktura tabeli dla tabeli `klasy`
--

CREATE TABLE `klasy` (
  `idklasy` int(11) NOT NULL,
  `Nazwa` varchar(200) NOT NULL,
  `RokSzkolny` varchar(9) NOT NULL
) ENGINE=InnoDB DEFAULT CHARSET=utf8mb4;

--
-- Zrzut danych tabeli `klasy`
--

INSERT INTO `klasy` (`idklasy`, `Nazwa`, `RokSzkolny`) VALUES
(1, 'Eimbee', '4937/8337'),
(2, 'Minyx', '0806/9357'),
(3, 'Edgewire', '3068/4470'),
(4, 'Trilia', '4150/2828'),
(5, 'Pixonyx', '4429/3452'),
(6, 'Youspan', '6628/1632'),
(7, 'Ooba', '5161/3175'),
(8, 'Youspan', '6135/8293'),
(9, 'Thoughtblab', '4542/1272'),
(10, 'Layo', '2839/5754'),
(11, 'Thoughtbeat', '9488/0496'),
(12, 'Dabfeed', '1330/8023'),
(13, 'Photobug', '8701/8922'),
(14, 'Livetube', '6685/8579'),
(15, 'Skidoo', '1190/8362'),
(16, 'Divanoodle', '0349/5295'),
(17, 'Twimm', '8407/0814'),
(18, 'Devcast', '8699/9220'),
(19, 'Tagcat', '0364/0843'),
(20, 'Babbleopia', '8746/8606'),
(21, 'Voomm', '2374/9665'),
(22, 'Lazz', '7199/3765'),
(23, 'Kayveo', '0455/1099'),
(24, 'Eimbee', '0886/4500'),
(25, 'Buzzbean', '4402/4048'),
(26, 'Blogtag', '5006/5493'),
(27, 'Youbridge', '9406/9805'),
(28, 'BlogXS', '3805/6382'),
(29, 'Quimm', '1754/1976'),
(30, 'Photobug', '2975/3782'),
(31, 'Voomm', '7746/1522'),
(32, 'Oyoba', '5589/3775'),
(33, 'Zazio', '9220/6224'),
(34, 'Oyoloo', '1086/9190'),
(35, 'Browsebug', '5885/8344'),
(36, 'Kwimbee', '7223/7736'),
(37, 'Babblestorm', '7319/7066'),
(38, 'Tagchat', '5121/0353'),
(39, 'Edgepulse', '9942/5386'),
(40, 'Omba', '1826/7962'),
(41, 'Npath', '7164/8825'),
(42, 'Zoomcast', '2330/4780'),
(43, 'Eare', '8889/2055'),
(44, 'Oloo', '9397/9447'),
(45, 'Izio', '5012/2256'),
(46, 'Innotype', '1027/5313'),
(47, 'Eabox', '6830/1244'),
(48, 'Twiyo', '2959/4661'),
(49, 'Quatz', '6450/4281'),
(50, 'Oyoloo', '1502/6409'),
(51, 'Mymm', '1099/2477'),
(52, 'Edgeblab', '2631/3549'),
(53, 'Buzzbean', '8557/5617'),
(54, 'LiveZ', '2433/9429'),
(55, 'Einti', '8210/7621'),
(56, 'Rhynyx', '5836/3586'),
(57, 'Flipopia', '3576/3666'),
(58, 'Ailane', '0107/9729'),
(59, 'Dynazzy', '3082/0387'),
(60, 'Kwimbee', '1695/5206'),
(61, 'Mydo', '9265/7398'),
(62, 'Dablist', '4139/4225'),
(63, 'Skipstorm', '2085/8160'),
(64, 'Thoughtstorm', '3430/1172'),
(65, 'Voonyx', '2386/2437'),
(66, 'Trudeo', '7337/8076'),
(67, 'Photobug', '8728/4192'),
(68, 'Yamia', '9191/5990'),
(69, 'Tagpad', '7602/1887'),
(70, 'Camimbo', '5278/6372'),
(71, 'Plambee', '3241/6692'),
(72, 'Rhynyx', '1310/0038'),
(73, 'Wordpedia', '9895/0829'),
(74, 'Feedbug', '2546/6461'),
(75, 'Oyoloo', '9273/6036'),
(76, 'Oloo', '6814/7495'),
(77, 'Buzzster', '0543/1211'),
(78, 'Digitube', '4185/4584'),
(79, 'Zoomzone', '9597/2175'),
(80, 'Rooxo', '8004/9288'),
(81, 'Skinder', '3339/7737'),
(82, 'Skippad', '0945/0237'),
(83, 'Einti', '1286/0818'),
(84, 'Meembee', '5932/5993'),
(85, 'Riffpedia', '1646/7077'),
(86, 'Trilia', '0424/0097'),
(87, 'Ntag', '1960/9315'),
(88, 'Gabtype', '6769/5722'),
(89, 'Aivee', '6175/4140'),
(90, 'Realblab', '4416/3033'),
(91, 'Riffpedia', '1204/7410'),
(92, 'Chatterpoint', '9246/8344'),
(93, 'Dynabox', '2728/2283'),
(94, 'Yata', '9811/6960'),
(95, 'Shuffletag', '2484/0963'),
(96, 'Mydo', '6189/2751'),
(97, 'Feednation', '0789/8549'),
(98, 'Eire', '9764/7874'),
(99, 'Podcat', '1230/7452'),
(100, 'Brightdog', '7454/4617'),
(101, 'Meetz', '8566/9269'),
(102, 'Dabfeed', '4742/3238'),
(103, 'Feedbug', '9622/6826'),
(104, 'Gigabox', '1378/1601'),
(105, 'Feedfish', '1794/0682'),
(106, 'Browsezoom', '4790/9248'),
(107, 'Pixonyx', '5275/5109'),
(108, 'Edgeify', '3929/7939'),
(109, 'Riffpedia', '2645/6061'),
(110, 'Kazio', '3807/7748'),
(111, 'Quimba', '9113/2841'),
(112, 'Edgepulse', '5841/5689'),
(113, 'Vinte', '5204/3875'),
(114, 'Omba', '2367/5296'),
(115, 'Centimia', '7354/6393'),
(116, 'Edgeblab', '6493/8396'),
(117, 'Divanoodle', '2245/9385'),
(118, 'Gabvine', '5233/4353'),
(119, 'Skaboo', '4616/4819'),
(120, 'Yata', '4924/5156'),
(121, 'Rhycero', '3470/5124'),
(122, 'Buzzshare', '3180/1464'),
(123, 'Avamm', '2235/9848'),
(124, 'Realcube', '0328/7676'),
(125, 'Ainyx', '3392/6521'),
(126, 'Meetz', '3822/6645'),
(127, 'Skimia', '5072/5858'),
(128, 'Realfire', '1911/0417'),
(129, 'Viva', '3322/0390'),
(130, 'Jaxspan', '6515/8320'),
(131, 'Gabspot', '1346/7843'),
(132, 'Trunyx', '9751/6201'),
(133, 'Feedfire', '0512/0608'),
(134, 'Voolia', '7761/8482'),
(135, 'Oyoloo', '2375/7103'),
(136, 'Brainlounge', '5284/3108'),
(137, 'Cogibox', '2658/1344'),
(138, 'Mynte', '6922/1412'),
(139, 'Tagtune', '5354/1735'),
(140, 'Devify', '9304/5397'),
(141, 'Photospace', '1614/2961'),
(142, 'Edgeclub', '3141/5568'),
(143, 'Skyble', '4363/5765'),
(144, 'Izio', '1390/4987'),
(145, 'Thoughtblab', '5029/6634'),
(146, 'Brainbox', '7707/8959'),
(147, 'Jabbertype', '2302/2957'),
(148, 'Meejo', '9227/1724'),
(149, 'Talane', '4801/5251'),
(150, 'Chatterpoint', '0586/4972'),
(151, 'Dabjam', '9589/5307'),
(152, 'Jetwire', '9769/8260'),
(153, 'Flashpoint', '5008/8087'),
(154, 'Chatterbridge', '6371/6850'),
(155, 'Meemm', '7784/6309'),
(156, 'Cogilith', '5943/2500'),
(157, 'Jabbertype', '8174/0825'),
(158, 'Zoonoodle', '4883/8371'),
(159, 'Chatterbridge', '8295/2169'),
(160, 'Skajo', '0194/6231'),
(161, 'Yozio', '2234/8874'),
(162, 'Gigashots', '7949/8781'),
(163, 'Trilia', '4219/9043'),
(164, 'Meetz', '7631/6062'),
(165, 'Tagchat', '7499/4817'),
(166, 'Shuffletag', '9530/1942'),
(167, 'Zoombox', '8151/6269'),
(168, 'Topicstorm', '1968/5629'),
(169, 'Latz', '5872/7067'),
(170, 'Meejo', '3897/5412'),
(171, 'Babblestorm', '1448/4563'),
(172, 'Gigashots', '4350/1847'),
(173, 'Kayveo', '1728/6534'),
(174, 'Eamia', '2191/0214'),
(175, 'Vipe', '9761/4658'),
(176, 'Leenti', '7086/4725'),
(177, 'Dablist', '7345/5107'),
(178, 'Skipstorm', '8904/6872'),
(179, 'Babbleset', '8391/5186'),
(180, 'Eadel', '7542/8950'),
(181, 'Gevee', '7405/0535'),
(182, 'Yotz', '4756/2488'),
(183, 'Realcube', '1778/9517'),
(184, 'Yata', '6830/3517'),
(185, 'Jayo', '0506/3453'),
(186, 'Camido', '8315/1057'),
(187, 'Dynabox', '1167/5786'),
(188, 'Lazz', '3305/0396'),
(189, 'Eidel', '5584/4420'),
(190, 'Kaymbo', '9344/5407'),
(191, 'LiveZ', '4952/4463'),
(192, 'Oyoloo', '1860/6857'),
(193, 'Mynte', '4905/6390'),
(194, 'Trilia', '6106/1011'),
(195, 'Linklinks', '8231/7795'),
(196, 'Mycat', '4895/4538'),
(197, 'Mydo', '6360/8193'),
(198, 'Babbleset', '7152/4047'),
(199, 'Npath', '4993/7828'),
(200, 'Twitterbeat', '0552/9701'),
(201, 'Livetube', '7523/8208'),
(202, 'Babbleset', '3581/9319'),
(203, 'Realbuzz', '2356/2986'),
(204, 'Zoomlounge', '7916/8885'),
(205, 'Edgetag', '6891/5366'),
(206, 'Fivechat', '2734/2715'),
(207, 'Jayo', '0274/6461'),
(208, 'Topicshots', '9715/0982'),
(209, 'Shufflester', '8395/7648'),
(210, 'Tagtune', '3927/9822'),
(211, 'Kare', '3385/3208'),
(212, 'Ainyx', '8093/5612'),
(213, 'Photojam', '2941/6639'),
(214, 'Demivee', '1468/8799'),
(215, 'Abata', '3438/4024'),
(216, 'Wikido', '2625/3534'),
(217, 'Yoveo', '7612/8241'),
(218, 'Divavu', '8090/4598'),
(219, 'Skiptube', '5656/3263'),
(220, 'Zooxo', '5653/8758'),
(221, 'Quaxo', '0366/9038'),
(222, 'Skibox', '9055/3837'),
(223, 'Twimm', '6038/1125'),
(224, 'Youspan', '8428/0373'),
(225, 'Gabcube', '0843/9307'),
(226, 'Jaloo', '7630/0948'),
(227, 'Shuffledrive', '6683/3473'),
(228, 'Voomm', '8462/3499'),
(229, 'Linkbridge', '4905/2751'),
(230, 'Rhynoodle', '0205/8177'),
(231, 'Zoovu', '8155/3871'),
(232, 'LiveZ', '1042/4867'),
(233, 'Browsetype', '1042/3142'),
(234, 'Eadel', '1173/9223'),
(235, 'Twitterworks', '0367/2513'),
(236, 'Browseblab', '5987/9495'),
(237, 'Kaymbo', '7957/1770'),
(238, 'Brightdog', '5059/0409'),
(239, 'Wikibox', '7384/2280'),
(240, 'Buzzbean', '5542/7369'),
(241, 'Jaxnation', '3117/6592'),
(242, 'Photobug', '6631/1684'),
(243, 'Rooxo', '6916/3228'),
(244, 'Lajo', '4964/5496'),
(245, 'Realfire', '8746/4158'),
(246, 'Voonyx', '6591/9631'),
(247, 'Flashset', '7289/6733'),
(248, 'BlogXS', '1696/7861'),
(249, 'Gevee', '3277/0431'),
(250, 'Mymm', '3397/7907'),
(251, 'Edgeclub', '6048/7856'),
(252, 'Devshare', '1622/8470'),
(253, 'Mudo', '7024/3183'),
(254, 'Avavee', '6401/8089'),
(255, 'Divanoodle', '8408/2668'),
(256, 'Trudeo', '0487/2089'),
(257, 'Demivee', '6570/7231'),
(258, 'Jaxspan', '9650/7336'),
(259, 'Topiclounge', '0020/6180'),
(260, 'Fivechat', '7423/6861'),
(261, 'Meemm', '1215/0847'),
(262, 'Flashdog', '4562/3909'),
(263, 'Zoomdog', '3390/5466'),
(264, 'Blogspan', '0759/1846'),
(265, 'Rhycero', '9539/3212'),
(266, 'Yacero', '8637/0992'),
(267, 'Youopia', '1867/3973'),
(268, 'Devpoint', '6209/4680'),
(269, 'Avavee', '1308/5417'),
(270, 'Skyble', '4362/9390'),
(271, 'Feedfire', '5308/0824'),
(272, 'Zoomdog', '4634/8591'),
(273, 'Zoozzy', '8107/7167'),
(274, 'Kwideo', '3051/9961'),
(275, 'Skinder', '3664/0649'),
(276, 'Oodoo', '3493/7125'),
(277, 'Pixonyx', '4401/7128'),
(278, 'Yamia', '4093/4209'),
(279, 'Topiczoom', '4343/4710'),
(280, 'Fadeo', '6810/3900'),
(281, 'Abata', '7690/6747'),
(282, 'LiveZ', '2725/4423'),
(283, 'Devbug', '9019/2368'),
(284, 'Photolist', '2765/5109'),
(285, 'Meejo', '3471/1005'),
(286, 'Twitterbeat', '0693/8469'),
(287, 'Jamia', '4017/4231'),
(288, 'Abata', '8822/4452'),
(289, 'Trilia', '5715/8406'),
(290, 'Oyoba', '3418/8430'),
(291, 'Yombu', '0675/4922'),
(292, 'Babblestorm', '7724/6166'),
(293, 'Snaptags', '6639/0905'),
(294, 'Brightdog', '2564/3712'),
(295, 'Innotype', '5793/4288'),
(296, 'Jayo', '1277/1975'),
(297, 'Aimbu', '6550/7375'),
(298, 'Tagpad', '7780/2317'),
(299, 'Devbug', '2275/2201'),
(300, 'Zoovu', '8493/8621'),
(301, 'Fatz', '1058/3087'),
(302, 'Trunyx', '1165/7973'),
(303, 'Blogspan', '9333/2498'),
(304, 'Kwideo', '0397/4224'),
(305, 'Twitterlist', '9578/8792'),
(306, 'Voomm', '0892/4090'),
(307, 'Meembee', '6883/2756'),
(308, 'Skalith', '6050/6960'),
(309, 'Abata', '2493/0788'),
(310, 'Zoovu', '4637/6069'),
(311, 'Kaymbo', '0092/4278'),
(312, 'Ozu', '1356/5699'),
(313, 'Camido', '4100/6956'),
(314, 'Realcube', '7131/7129'),
(315, 'Ntags', '5143/1346'),
(316, 'Meeveo', '6529/8193'),
(317, 'Wikizz', '0282/4046'),
(318, 'Dabvine', '8072/6802'),
(319, 'Eire', '7036/2200'),
(320, 'Jabbercube', '5764/9473'),
(321, 'Browsecat', '3698/6964'),
(322, 'Yodo', '4627/9728'),
(323, 'Zoonder', '3448/5525'),
(324, 'Tanoodle', '4065/5945'),
(325, 'Photobean', '3756/9292'),
(326, 'Dynabox', '6207/8531'),
(327, 'Miboo', '4103/3586'),
(328, 'Voonte', '3182/2801'),
(329, 'Viva', '3968/9914'),
(330, 'Roomm', '6853/6243'),
(331, 'Minyx', '7415/6621'),
(332, 'Npath', '2697/8757'),
(333, 'Edgetag', '2227/0745'),
(334, 'Pixoboo', '1429/7626'),
(335, 'Flashspan', '5098/7844'),
(336, 'Cogibox', '3633/1757'),
(337, 'Fliptune', '6959/6416'),
(338, 'Mynte', '9689/1177'),
(339, 'Podcat', '2678/2471'),
(340, 'Browseblab', '9276/2237'),
(341, 'Dabvine', '5189/2341'),
(342, 'Mudo', '4786/0852'),
(343, 'Topiczoom', '3057/8360'),
(344, 'Rhyzio', '1852/7960'),
(345, 'Linkbuzz', '8253/9922'),
(346, 'Jaxnation', '9198/3404'),
(347, 'Divanoodle', '0341/0056'),
(348, 'Rhycero', '5039/6003'),
(349, 'Mybuzz', '8554/8154'),
(350, 'Midel', '1337/7719'),
(351, 'Riffpath', '4804/9377'),
(352, 'Voonte', '3321/9035'),
(353, 'Aivee', '9372/9112'),
(354, 'Mybuzz', '2074/5618'),
(355, 'Photofeed', '9384/7013'),
(356, 'Katz', '8583/7252'),
(357, 'Vitz', '1196/5869'),
(358, 'Wordpedia', '2853/9644'),
(359, 'Voomm', '0248/7818'),
(360, 'Lazz', '7349/0318'),
(361, 'Einti', '3684/0820'),
(362, 'Katz', '9560/3255'),
(363, 'Feedspan', '0922/1181'),
(364, 'Miboo', '4592/1266'),
(365, 'Edgeclub', '7120/7289'),
(366, 'Roomm', '8203/7509'),
(367, 'Rhynyx', '3847/2559'),
(368, 'Snaptags', '0563/4066'),
(369, 'Avamm', '5681/7874'),
(370, 'Youspan', '9786/0068'),
(371, 'Realcube', '4278/3360'),
(372, 'Zoovu', '8341/0696'),
(373, 'Kanoodle', '2543/6471'),
(374, 'Pixope', '1396/2963'),
(375, 'Tagtune', '0239/3744'),
(376, 'Youspan', '0775/8133'),
(377, 'Ainyx', '8247/6188'),
(378, 'Yodoo', '1917/3241'),
(379, 'Edgeclub', '2285/5123'),
(380, 'Bubblebox', '1016/0783'),
(381, 'Skippad', '3192/5731'),
(382, 'Skimia', '4226/7412'),
(383, 'Jaloo', '3213/4625'),
(384, 'Devshare', '6999/6312'),
(385, 'Flashpoint', '0506/9209'),
(386, 'Rhyloo', '7024/3376'),
(387, 'Meevee', '9644/7517'),
(388, 'Thoughtbeat', '0399/0479'),
(389, 'DabZ', '1534/3270'),
(390, 'Buzzbean', '6170/2074'),
(391, 'Twimbo', '5391/6325'),
(392, 'Gevee', '6361/8037'),
(393, 'Devify', '0122/7478'),
(394, 'Agimba', '1659/2858'),
(395, 'Topicstorm', '4952/5854'),
(396, 'Dabtype', '3495/9064'),
(397, 'Meezzy', '7822/4759'),
(398, 'Riffpath', '1150/8620'),
(399, 'Quaxo', '5598/8899'),
(400, 'Meetz', '5293/5284'),
(401, 'Flashpoint', '6556/2844'),
(402, 'Bluezoom', '4020/2920'),
(403, 'Riffwire', '3354/5108'),
(404, 'Riffpedia', '7943/5156'),
(405, 'Digitube', '2159/1928'),
(406, 'Flipopia', '1087/6736'),
(407, 'Izio', '9249/4541'),
(408, 'Zooveo', '8571/7004'),
(409, 'Blognation', '0309/9526'),
(410, 'Skynoodle', '3540/8341'),
(411, 'Jabbersphere', '8734/5955'),
(412, 'Devbug', '3898/7376'),
(413, 'Aimbo', '1570/8382'),
(414, 'JumpXS', '1156/0422'),
(415, 'Devify', '0811/2952'),
(416, 'Shufflester', '7268/9166'),
(417, 'Skimia', '1454/6377'),
(418, 'Plambee', '4729/9647'),
(419, 'Jetwire', '2973/3779'),
(420, 'Linkbridge', '2890/1171'),
(421, 'Tambee', '3162/5347'),
(422, 'Lazz', '0066/8520'),
(423, 'Gabtune', '8490/3951'),
(424, 'Topiczoom', '2942/8055'),
(425, 'Demimbu', '2413/6005'),
(426, 'JumpXS', '4340/8632'),
(427, 'Riffpath', '2633/6712'),
(428, 'Feedfire', '4159/4529'),
(429, 'Linktype', '1622/1410'),
(430, 'Zazio', '5456/7400'),
(431, 'Pixoboo', '5955/8759'),
(432, 'Oba', '1078/1548'),
(433, 'Jaxnation', '8361/1056'),
(434, 'Aibox', '3140/3190'),
(435, 'Realpoint', '5820/4441'),
(436, 'Fanoodle', '9127/0851'),
(437, 'Gigashots', '7164/8474'),
(438, 'Oloo', '1510/4864'),
(439, 'Skidoo', '2676/5386'),
(440, 'Oyondu', '4224/6250'),
(441, 'Trilith', '2071/3274'),
(442, 'Jabbertype', '3268/0292'),
(443, 'Eare', '9469/1820'),
(444, 'Trunyx', '0532/9496'),
(445, 'Twitterbeat', '5395/1814'),
(446, 'JumpXS', '5351/8649'),
(447, 'Jabberstorm', '9580/3363'),
(448, 'Wordtune', '2733/5899'),
(449, 'Aivee', '1922/6933'),
(450, 'Feedspan', '0188/6798'),
(451, 'Zooveo', '1736/0297'),
(452, 'Zoozzy', '2085/3596'),
(453, 'Gigabox', '0848/1381'),
(454, 'Edgewire', '6176/4288'),
(455, 'Jetpulse', '5172/8281'),
(456, 'Browsezoom', '8148/5380'),
(457, 'Topicblab', '4337/2806'),
(458, 'Devify', '0477/0769'),
(459, 'Bluezoom', '1136/1743'),
(460, 'Jaxnation', '4390/5901'),
(461, 'Youopia', '5652/0139'),
(462, 'Twiyo', '3205/0970'),
(463, 'Skynoodle', '9470/1949'),
(464, 'Buzzshare', '8026/9057'),
(465, 'Brainlounge', '9695/0649'),
(466, 'Skivee', '3164/6705'),
(467, 'Voonyx', '0061/1646'),
(468, 'Jaxspan', '6313/0164'),
(469, 'Skibox', '5920/5845'),
(470, 'Skajo', '4048/5126'),
(471, 'Chatterpoint', '3334/4091'),
(472, 'Babblestorm', '1031/4095'),
(473, 'Zoozzy', '4516/2184'),
(474, 'Vinder', '1090/5491'),
(475, 'Thoughtbridge', '0192/4707'),
(476, 'Plambee', '7968/3515'),
(477, 'Trudeo', '9495/1685'),
(478, 'Kanoodle', '6869/0677'),
(479, 'Yambee', '8372/1127'),
(480, 'DabZ', '0142/7326'),
(481, 'Meevee', '7843/7937'),
(482, 'Thoughtworks', '0152/7025'),
(483, 'Teklist', '5872/9432'),
(484, 'Linkbridge', '0428/3157'),
(485, 'Photolist', '6066/0325'),
(486, 'Yabox', '3923/4029'),
(487, 'Camido', '8770/2419'),
(488, 'Katz', '7459/8317'),
(489, 'Shuffledrive', '5360/8174'),
(490, 'Wikizz', '0491/4000'),
(491, 'Viva', '8448/9120'),
(492, 'Riffwire', '2982/2621'),
(493, 'Aimbu', '5905/0995'),
(494, 'Trunyx', '9405/5030'),
(495, 'Zooxo', '1628/3645'),
(496, 'Oyoba', '9284/0895'),
(497, 'Tazzy', '6049/3235'),
(498, 'Fivechat', '7666/5065'),
(499, 'Feedmix', '8528/6163'),
(500, 'Quinu', '6475/5072'),
(501, 'Feedfire', '7484/2323'),
(502, 'Podcat', '0350/0924'),
(503, 'Skyvu', '6465/5083'),
(504, 'Jabbersphere', '5956/3425'),
(505, 'Edgepulse', '0499/4153'),
(506, 'Brainsphere', '4966/1550'),
(507, 'Muxo', '8915/2418'),
(508, 'Thoughtworks', '3789/8439'),
(509, 'Omba', '9503/6692'),
(510, 'Youspan', '2402/2815'),
(511, 'Eare', '4988/8160'),
(512, 'Katz', '8761/0104'),
(513, 'Shufflebeat', '9487/1265'),
(514, 'Jabberbean', '0085/4937'),
(515, 'Zooxo', '2816/7749'),
(516, 'Livetube', '6854/2536'),
(517, 'Yabox', '0021/9160'),
(518, 'Edgepulse', '6547/0774'),
(519, 'Kazu', '4527/9497'),
(520, 'Eimbee', '2918/6221'),
(521, 'Livetube', '5257/7614'),
(522, 'Jetwire', '2800/1007'),
(523, 'Nlounge', '9713/9863'),
(524, 'Yakitri', '0844/3974'),
(525, 'Tavu', '9285/7196'),
(526, 'Topiczoom', '1944/2432'),
(527, 'Livefish', '8454/2062'),
(528, 'Devcast', '7183/3000'),
(529, 'Tavu', '9099/0239'),
(530, 'Riffwire', '1226/3012'),
(531, 'Wikivu', '8341/5556'),
(532, 'Jetwire', '1133/8696'),
(533, 'Meetz', '6497/7624'),
(534, 'Kwilith', '6698/3109'),
(535, 'Wikizz', '4367/6748'),
(536, 'Cogibox', '1743/9058'),
(537, 'Zoozzy', '9850/7174'),
(538, 'Meembee', '2518/0412'),
(539, 'Flashspan', '9781/3530'),
(540, 'Skimia', '0179/1892'),
(541, 'Mynte', '1228/0409'),
(542, 'Buzzbean', '1444/4859'),
(543, 'Meemm', '2587/6516'),
(544, 'Brainsphere', '1242/0886'),
(545, 'Vinder', '2194/1007'),
(546, 'Photobean', '0857/5221'),
(547, 'Eadel', '8575/0354'),
(548, 'Jabbertype', '4924/9846'),
(549, 'Voonder', '4456/1766'),
(550, 'Eidel', '9688/9890'),
(551, 'Meemm', '1145/1970'),
(552, 'Skippad', '3841/3838'),
(553, 'Devify', '7465/2818'),
(554, 'Fanoodle', '2939/2363'),
(555, 'Zoonoodle', '3729/7506'),
(556, 'Youopia', '8755/2059'),
(557, 'Livefish', '1790/2409'),
(558, 'Mybuzz', '9183/6726'),
(559, 'Trunyx', '4171/9105'),
(560, 'Youspan', '0807/8541'),
(561, 'Jatri', '1333/9901'),
(562, 'Vinte', '3839/3575'),
(563, 'Twitternation', '1561/1838'),
(564, 'Skyba', '1578/1416'),
(565, 'Mycat', '2133/0004'),
(566, 'Skyvu', '2702/9323'),
(567, 'Skynoodle', '2074/6862'),
(568, 'Quatz', '0450/8993'),
(569, 'Trudoo', '0232/8842'),
(570, 'Zooveo', '4060/7600'),
(571, 'Divape', '9055/0114'),
(572, 'Kwideo', '5357/3951'),
(573, 'Skalith', '2453/2911'),
(574, 'Avaveo', '4852/7137'),
(575, 'Trudoo', '3360/7872'),
(576, 'Devbug', '1761/7379'),
(577, 'Fanoodle', '6002/7190'),
(578, 'Vitz', '6620/3889'),
(579, 'Wikizz', '1101/6023'),
(580, 'Jayo', '3127/2454'),
(581, 'Kimia', '2227/3620'),
(582, 'Demivee', '9881/5154'),
(583, 'Skiba', '5962/4003'),
(584, 'Yacero', '5411/2050'),
(585, 'Trupe', '6573/6154'),
(586, 'Linkbridge', '2009/8006'),
(587, 'Jaxspan', '2395/1699'),
(588, 'Kimia', '2544/6954'),
(589, 'Pixope', '0536/0518'),
(590, 'Feednation', '5433/9144'),
(591, 'Browseblab', '7745/2895'),
(592, 'Eazzy', '9956/5429'),
(593, 'Dabjam', '8164/3837'),
(594, 'Bubblemix', '5169/1939'),
(595, 'Camido', '8667/6258'),
(596, 'Gabtune', '3543/0464'),
(597, 'Babbleblab', '3196/4532'),
(598, 'Yodel', '3103/0648'),
(599, 'Vimbo', '4604/8217'),
(600, 'Omba', '4467/5106'),
(601, 'Quatz', '8051/7864'),
(602, 'Jaxbean', '4897/2091'),
(603, 'Eadel', '2777/9595'),
(604, 'Skilith', '4631/1655'),
(605, 'Jabbercube', '3982/0879'),
(606, 'Innotype', '1583/8461'),
(607, 'Vimbo', '2257/0720'),
(608, 'Meezzy', '9057/5100'),
(609, 'Pixonyx', '0216/3528'),
(610, 'Tazzy', '4226/9597'),
(611, 'Voolith', '5692/5516'),
(612, 'Shuffletag', '6061/0025'),
(613, 'Yombu', '4374/5125'),
(614, 'Wikido', '1343/0366'),
(615, 'Gabtune', '8941/6557'),
(616, 'Dazzlesphere', '5454/0673'),
(617, 'Blognation', '7496/6232'),
(618, 'Yakitri', '4064/8335'),
(619, 'Yotz', '8165/1664'),
(620, 'Rooxo', '2233/2924'),
(621, 'Eabox', '8438/4180'),
(622, 'Kaymbo', '9063/1890'),
(623, 'Vinte', '0466/8419'),
(624, 'Thoughtstorm', '2956/3515'),
(625, 'Photolist', '9000/5716'),
(626, 'Voolia', '6999/3409'),
(627, 'Twinte', '2856/7190'),
(628, 'Rhyzio', '9139/2422'),
(629, 'Fliptune', '8236/4958'),
(630, 'Kwilith', '8973/0462'),
(631, 'Skalith', '0390/5753'),
(632, 'Voonder', '8246/8888'),
(633, 'Yadel', '1905/7210'),
(634, 'Gigazoom', '7042/3179'),
(635, 'Vipe', '8745/0750'),
(636, 'Jabbertype', '9088/8978'),
(637, 'Realbuzz', '6219/5747'),
(638, 'Tazzy', '2424/7107'),
(639, 'Skiba', '9486/6462'),
(640, 'Trilith', '3691/2263'),
(641, 'Kazio', '6403/8200'),
(642, 'Quimm', '7421/9116'),
(643, 'Livetube', '7121/9492'),
(644, 'Twiyo', '0583/9101'),
(645, 'Mudo', '2433/4594'),
(646, 'Eire', '2107/8014'),
(647, 'Jabberbean', '4988/5723'),
(648, 'Zoomzone', '8982/2660'),
(649, 'Thoughtblab', '0016/9261'),
(650, 'Meevee', '7976/5212'),
(651, 'Edgeblab', '2076/9315'),
(652, 'Meevee', '9365/5888'),
(653, 'Gigaclub', '8908/0158'),
(654, 'Meejo', '4657/4589'),
(655, 'Browsezoom', '0377/4431'),
(656, 'Nlounge', '4024/8853'),
(657, 'Meevee', '3909/1747'),
(658, 'Photojam', '3353/7726'),
(659, 'Jaxnation', '6009/7346'),
(660, 'Gigashots', '8371/0020'),
(661, 'Jaxworks', '2144/8050'),
(662, 'Zoomlounge', '0956/8822'),
(663, 'Kanoodle', '8748/4566'),
(664, 'Quinu', '3266/7235'),
(665, 'Fiveclub', '3185/4685'),
(666, 'Skyvu', '9105/7927'),
(667, 'Tanoodle', '6111/4229'),
(668, 'Zoomdog', '2087/5024'),
(669, 'Skinix', '0210/2488'),
(670, 'Youtags', '1594/0186'),
(671, 'Twitterworks', '5265/0208'),
(672, 'Quinu', '3004/4954'),
(673, 'Brainsphere', '8851/2835'),
(674, 'Geba', '1959/2543'),
(675, 'Eimbee', '5834/2606'),
(676, 'Ntags', '9934/6486'),
(677, 'Wikizz', '9585/6916'),
(678, 'Skyble', '3928/6114'),
(679, 'Yakitri', '7056/4132'),
(680, 'Meeveo', '8665/3247'),
(681, 'Devpulse', '5490/5078'),
(682, 'Jetwire', '5361/6419'),
(683, 'Myworks', '7949/5323'),
(684, 'Gabspot', '1896/8291'),
(685, 'Realcube', '1665/7002'),
(686, 'Livetube', '7979/7758'),
(687, 'Wordify', '6679/7407'),
(688, 'Geba', '1405/4617'),
(689, 'Brightbean', '1046/9924'),
(690, 'Blogspan', '3972/4583'),
(691, 'Tavu', '2774/7760'),
(692, 'Wordpedia', '4403/7265'),
(693, 'Zoozzy', '8363/2629'),
(694, 'Tagchat', '1805/5246'),
(695, 'Avavee', '3188/6658'),
(696, 'Viva', '7984/0851'),
(697, 'Twinder', '6568/1574'),
(698, 'Chatterbridge', '8295/3923'),
(699, 'Dabjam', '0776/9188'),
(700, 'Photolist', '4852/4144'),
(701, 'Latz', '5160/8720'),
(702, 'Linkbuzz', '5677/0480'),
(703, 'Jaxworks', '5590/9064'),
(704, 'Bubblebox', '5600/3002'),
(705, 'Geba', '1964/5763'),
(706, 'Twitterlist', '3642/9547'),
(707, 'Twiyo', '6071/7891'),
(708, 'Twitterwire', '0999/8074'),
(709, 'Jabbersphere', '1077/2083'),
(710, 'BlogXS', '2620/2126'),
(711, 'Linklinks', '2587/2674'),
(712, 'Devcast', '9542/8970'),
(713, 'Realmix', '5016/2317'),
(714, 'Vidoo', '1563/4902'),
(715, 'Babblestorm', '9080/4783'),
(716, 'Buzzster', '2160/9743'),
(717, 'Skibox', '1685/6143'),
(718, 'Topiczoom', '1144/8721'),
(719, 'Plajo', '7674/5520'),
(720, 'Pixonyx', '6671/3652'),
(721, 'Meembee', '1906/3595'),
(722, 'Cogilith', '0631/9226'),
(723, 'Browseblab', '7287/7287'),
(724, 'Realfire', '5293/5910'),
(725, 'Katz', '5612/8110'),
(726, 'Fivechat', '4649/8397'),
(727, 'Wikido', '1545/7229'),
(728, 'Yombu', '1584/6196'),
(729, 'Oyondu', '1314/1632'),
(730, 'Gabcube', '3847/7073'),
(731, 'Vitz', '5356/0726'),
(732, 'Ozu', '4928/3721'),
(733, 'Kazu', '9947/9132'),
(734, 'Photospace', '0600/6576'),
(735, 'Viva', '4290/7096'),
(736, 'Digitube', '6782/3087'),
(737, 'Babbleblab', '5005/3773'),
(738, 'Flashset', '0953/3852'),
(739, 'Ozu', '9291/4736'),
(740, 'Skimia', '4865/1091'),
(741, 'Oozz', '1348/8345'),
(742, 'Dabfeed', '3108/6183'),
(743, 'Zoomlounge', '0931/6591'),
(744, 'Rhynyx', '3908/9432'),
(745, 'Quinu', '6297/4659'),
(746, 'Riffpath', '3187/5048'),
(747, 'Zoovu', '3762/9522'),
(748, 'Meevee', '6969/2984'),
(749, 'Rooxo', '7600/1879'),
(750, 'Ntag', '2615/1699'),
(751, 'Photospace', '3895/4980'),
(752, 'Gabtype', '0823/6152'),
(753, 'Rooxo', '1656/3656'),
(754, 'Trunyx', '8231/3083'),
(755, 'Meevee', '9086/6764'),
(756, 'Fatz', '8134/0247'),
(757, 'Teklist', '1329/5484'),
(758, 'Avamm', '1996/2040'),
(759, 'Aimbo', '4695/8427'),
(760, 'Quaxo', '3053/3314'),
(761, 'Yodoo', '3661/8227'),
(762, 'Yamia', '0346/6800'),
(763, 'Voonte', '1275/6327'),
(764, 'Quatz', '9083/0851'),
(765, 'Realpoint', '9321/9583'),
(766, 'Skibox', '0723/8092'),
(767, 'Eire', '2988/9804'),
(768, 'Zoomlounge', '5438/1975'),
(769, 'Jazzy', '1359/5148'),
(770, 'Yodoo', '4727/7490'),
(771, 'Twinder', '3739/9928'),
(772, 'Innojam', '6595/8247'),
(773, 'Feedfire', '5429/8660'),
(774, 'Thoughtblab', '0564/3349'),
(775, 'Oba', '9945/8038'),
(776, 'Gevee', '6369/2269'),
(777, 'Cogibox', '0914/6096'),
(778, 'Nlounge', '1814/4775'),
(779, 'Zoombeat', '7683/2310'),
(780, 'Cogibox', '3869/6141'),
(781, 'Eare', '5829/9184'),
(782, 'Topicware', '8657/6222'),
(783, 'Ooba', '8067/1855'),
(784, 'Tanoodle', '0778/2149'),
(785, 'Flashspan', '9016/2543'),
(786, 'Oloo', '3878/4688'),
(787, 'Leexo', '6011/5421'),
(788, 'Jaxspan', '2574/7886'),
(789, 'Midel', '9402/2146'),
(790, 'Zoomcast', '9341/5934'),
(791, 'Blogpad', '5461/3262'),
(792, 'Twimm', '4944/4942'),
(793, 'Kayveo', '1929/6901'),
(794, 'Photojam', '0057/6390'),
(795, 'Wordpedia', '3384/1213'),
(796, 'Tagfeed', '3518/0684'),
(797, 'Skipstorm', '8175/5179'),
(798, 'Tazz', '7993/1716'),
(799, 'Edgetag', '1864/9538'),
(800, 'Babbleopia', '8536/9751'),
(801, 'Photobug', '3687/2866'),
(802, 'Browsetype', '7045/5310'),
(803, 'Skipstorm', '5456/0592'),
(804, 'Photofeed', '7451/4000'),
(805, 'Skilith', '3387/8753'),
(806, 'Voomm', '7981/6084'),
(807, 'Minyx', '4122/0019'),
(808, 'Eabox', '2843/5064'),
(809, 'Myworks', '2649/1374'),
(810, 'Vitz', '2252/3207'),
(811, 'Oyoyo', '4253/9537'),
(812, 'Flashdog', '8753/4768'),
(813, 'Ntag', '9471/6889'),
(814, 'Youfeed', '7471/9499'),
(815, 'Gabtype', '6740/3998'),
(816, 'Meetz', '7352/6791'),
(817, 'Yozio', '4743/8930'),
(818, 'Jayo', '1330/3486'),
(819, 'Meedoo', '1594/0481'),
(820, 'LiveZ', '2909/2482'),
(821, 'Twitterworks', '6752/7312'),
(822, 'Skinix', '4051/4534'),
(823, 'Dabfeed', '6620/7387'),
(824, 'Skimia', '8859/2901'),
(825, 'Dabvine', '1726/3877'),
(826, 'Wikivu', '8621/3775'),
(827, 'Dynazzy', '1934/6443'),
(828, 'Realcube', '9767/7521'),
(829, 'Riffpedia', '6983/8635'),
(830, 'Flashpoint', '9443/3598'),
(831, 'Meedoo', '1917/5503'),
(832, 'Quire', '7021/8401'),
(833, 'Meeveo', '8775/8839'),
(834, 'Youopia', '8838/9234'),
(835, 'Zoozzy', '5343/9230'),
(836, 'Camimbo', '2725/3611'),
(837, 'Fivechat', '0450/0972'),
(838, 'Gigazoom', '2177/8016'),
(839, 'Trudeo', '1895/9218'),
(840, 'Centizu', '2394/4442'),
(841, 'Gabvine', '9775/4520'),
(842, 'Quatz', '4177/3165'),
(843, 'Brainsphere', '3535/5203'),
(844, 'Feedspan', '5397/0098'),
(845, 'Tagopia', '2868/2357'),
(846, 'Meetz', '3285/8824'),
(847, 'Skiba', '8587/7332'),
(848, 'Gigashots', '2271/6100'),
(849, 'Dabshots', '2920/1028'),
(850, 'Flipbug', '9610/7846'),
(851, 'Skilith', '9997/6885'),
(852, 'Voonyx', '5173/8903'),
(853, 'Linklinks', '4844/2950'),
(854, 'Realcube', '5500/9095'),
(855, 'Camido', '3716/6270'),
(856, 'Kazio', '2982/6630'),
(857, 'Vitz', '8635/7382'),
(858, 'Realpoint', '7913/8759'),
(859, 'Bubblemix', '3789/8091'),
(860, 'Trudoo', '3377/5226'),
(861, 'Yakidoo', '1179/2659'),
(862, 'Browsetype', '0670/8548'),
(863, 'Fivebridge', '2819/1341'),
(864, 'Dazzlesphere', '1498/7270'),
(865, 'Skyba', '6719/9581'),
(866, 'Yakitri', '6189/7917'),
(867, 'Oyope', '6931/7226'),
(868, 'Rhynoodle', '0141/2329'),
(869, 'Feedfire', '6548/6207'),
(870, 'Quinu', '3723/6543'),
(871, 'Riffwire', '6610/8625'),
(872, 'Shufflester', '5189/8765'),
(873, 'Twitterwire', '6636/1853'),
(874, 'Flashpoint', '5431/9375'),
(875, 'Aibox', '2668/7959'),
(876, 'Bubbletube', '2682/3274'),
(877, 'Twinte', '3480/2708'),
(878, 'Fivebridge', '1897/7312'),
(879, 'Rhycero', '0430/9983'),
(880, 'Roodel', '3216/7717'),
(881, 'Tagopia', '2293/9180'),
(882, 'Trudeo', '4688/1255'),
(883, 'Flashspan', '4192/6879'),
(884, 'Photospace', '3177/6042'),
(885, 'Voonyx', '0014/0548'),
(886, 'Tagfeed', '6252/5194'),
(887, 'Jabberstorm', '0199/7626'),
(888, 'Oozz', '7983/0496'),
(889, 'Twinder', '9205/2547'),
(890, 'Jabberstorm', '4613/6956'),
(891, 'Fivebridge', '1303/3148'),
(892, 'Twimbo', '2238/4061'),
(893, 'Skaboo', '7902/7162'),
(894, 'Ainyx', '9864/9385'),
(895, 'Gabcube', '8944/6855'),
(896, 'Roodel', '1916/5696'),
(897, 'Shuffledrive', '9460/3776'),
(898, 'Eidel', '4226/7055'),
(899, 'Gabcube', '9751/3463'),
(900, 'Edgeclub', '7674/6549'),
(901, 'Feednation', '1741/6331'),
(902, 'Rhycero', '4684/2138'),
(903, 'Realpoint', '0481/8879'),
(904, 'Youtags', '7107/2707'),
(905, 'Shufflester', '0007/7218'),
(906, 'Browsedrive', '2422/3161'),
(907, 'Topicshots', '7749/0590'),
(908, 'Bluezoom', '0223/8246'),
(909, 'Devify', '0945/5906'),
(910, 'Flashset', '8365/8644'),
(911, 'Rhybox', '2262/5508'),
(912, 'Twitterwire', '1557/9386'),
(913, 'Kanoodle', '2209/8913'),
(914, 'Topiczoom', '3307/7962'),
(915, 'Devify', '6261/9822'),
(916, 'Twinte', '8328/0578'),
(917, 'Yamia', '4425/7161'),
(918, 'Ozu', '3087/7002'),
(919, 'Teklist', '5923/2000'),
(920, 'Oyoba', '2888/6055'),
(921, 'Yodo', '3981/7430'),
(922, 'Skilith', '1588/6682'),
(923, 'Twitterbridge', '7165/7472'),
(924, 'Demimbu', '2820/1103'),
(925, 'Quaxo', '2725/2706'),
(926, 'Ntag', '5660/9258'),
(927, 'Chatterbridge', '5986/0365'),
(928, 'Babbleopia', '7925/0891'),
(929, 'Buzzshare', '7928/0269'),
(930, 'Mita', '5076/7961'),
(931, 'Livetube', '5304/4060'),
(932, 'Janyx', '3476/9582'),
(933, 'Reallinks', '1990/5583'),
(934, 'Voonix', '1819/4878'),
(935, 'Topicshots', '3650/7172'),
(936, 'Eimbee', '1899/1541'),
(937, 'Avavee', '9001/6434'),
(938, 'Jatri', '1622/3867'),
(939, 'Feedfire', '8657/5957'),
(940, 'Agimba', '2863/1320'),
(941, 'Babbleset', '1231/2727'),
(942, 'Skipstorm', '9505/2069'),
(943, 'Eire', '5838/7580'),
(944, 'Rhycero', '9252/2058'),
(945, 'Abatz', '7366/7395'),
(946, 'Pixoboo', '9241/6661'),
(947, 'Jaloo', '1079/2967'),
(948, 'Flashpoint', '6625/2811'),
(949, 'Chatterbridge', '4388/5857'),
(950, 'Ntag', '6626/7373'),
(951, 'Zooxo', '0504/1540'),
(952, 'Rooxo', '6428/6414'),
(953, 'Vinder', '8325/4452'),
(954, 'Rooxo', '1905/5929'),
(955, 'Linktype', '6127/2760'),
(956, 'Jaloo', '0341/7825'),
(957, 'Shufflebeat', '9489/5632'),
(958, 'Feedbug', '7067/2960'),
(959, 'Yodo', '1099/6757'),
(960, 'Kanoodle', '2693/2130'),
(961, 'Skimia', '5052/3190'),
(962, 'Jaxbean', '6970/7248'),
(963, 'Mydo', '0644/5655'),
(964, 'Thoughtbridge', '1402/2096'),
(965, 'Thoughtstorm', '2964/7029'),
(966, 'Yozio', '2699/0423'),
(967, 'Wordpedia', '4026/0836'),
(968, 'Topiczoom', '0853/6899'),
(969, 'Linkbridge', '7619/0966'),
(970, 'Tekfly', '0891/7567'),
(971, 'Skimia', '5832/4860'),
(972, 'Babbleblab', '4061/4190'),
(973, 'Trupe', '1139/3163'),
(974, 'Twitternation', '8902/9423'),
(975, 'Youbridge', '4957/2945'),
(976, 'Skidoo', '3647/2903'),
(977, 'Devpoint', '5818/4954'),
(978, 'Livetube', '0841/8911'),
(979, 'Quimm', '4722/3083'),
(980, 'Realblab', '4033/6671'),
(981, 'Brightdog', '9553/3493'),
(982, 'Oodoo', '5711/2489'),
(983, 'Babbleblab', '3479/9203'),
(984, 'Fliptune', '1115/2567'),
(985, 'Kimia', '5464/7871'),
(986, 'BlogXS', '3003/8415'),
(987, 'Bubblebox', '0773/9287'),
(988, 'Photobean', '4268/1856'),
(989, 'Cogilith', '5645/2010'),
(990, 'Ozu', '5652/6377'),
(991, 'Feedfish', '5978/7358'),
(992, 'Rhybox', '2264/9070'),
(993, 'Meembee', '5535/2989'),
(994, 'Devpoint', '2671/4845'),
(995, 'Shufflester', '7864/6095'),
(996, 'Jabbertype', '5076/4558'),
(997, 'Yodo', '1804/6790'),
(998, 'Rooxo', '9554/9067'),
(999, 'Ozu', '6794/9225'),
(1000, 'Browsecat', '2884/9733');

-- --------------------------------------------------------

--
-- Struktura tabeli dla tabeli `nauczyciele`
--

CREATE TABLE `nauczyciele` (
  `idnauczyciela` int(11) NOT NULL,
  `Nazwisko` varchar(200) NOT NULL,
  `Imie` varchar(200) NOT NULL,
  `DataUrodzenia` date NOT NULL,
  `Nip` int(10) NOT NULL,
  `Tytul` varchar(200) NOT NULL
) ENGINE=InnoDB DEFAULT CHARSET=utf8mb4;

--
-- Zrzut danych tabeli `nauczyciele`
--

INSERT INTO `nauczyciele` (`idnauczyciela`, `Nazwisko`, `Imie`, `DataUrodzenia`, `Nip`, `Tytul`) VALUES
(1, 'Kinnier', 'Cleopatra', '2019-12-06', 2147483647, 'Sales Associate'),
(2, 'Rowthorn', 'Lowe', '2005-06-22', 2147483647, 'Senior Editor'),
(3, 'Ranyard', 'Ginger', '2013-05-15', 2147483647, 'Web Developer I'),
(4, 'Sheaber', 'Thacher', '2005-11-03', 2147483647, 'Administrative Officer'),
(5, 'Gorthy', 'Dewie', '2010-07-30', 2147483647, 'Research Assistant IV'),
(6, 'Hickenbottom', 'Linea', '2020-03-19', 2022643385, 'Librarian'),
(7, 'Slisby', 'Jacintha', '2011-02-03', 2147483647, 'Senior Financial Analyst'),
(8, 'Beamish', 'Carny', '2012-06-08', 2147483647, 'Research Nurse'),
(9, 'Bechley', 'Charles', '2020-06-27', 2147483647, 'Statistician III'),
(10, 'Tedder', 'Phillipe', '2007-08-14', 2147483647, 'Legal Assistant'),
(11, 'Wildsmith', 'Ambros', '2006-11-27', 2147483647, 'Administrative Officer'),
(12, 'Vautin', 'Der', '2016-10-10', 2147483647, 'Geological Engineer'),
(13, 'Skeeles', 'Basilius', '2005-06-13', 2147483647, 'Administrative Assistant IV'),
(14, 'Ansley', 'Maura', '2021-09-02', 2147483647, 'VP Accounting'),
(15, 'Guidini', 'Andrea', '2008-10-19', 2147483647, 'Operator'),
(16, 'Swaffer', 'Giulia', '2009-11-28', 2147483647, 'Account Executive'),
(17, 'Strattan', 'Hasheem', '2018-10-13', 2147483647, 'Recruiter'),
(18, 'Coode', 'Shoshana', '2012-09-02', 2147483647, 'Internal Auditor'),
(19, 'Shrieve', 'Jordain', '2012-07-27', 2147483647, 'Programmer Analyst II'),
(20, 'Mostin', 'Tandie', '2008-11-27', 2147483647, 'Staff Scientist'),
(21, 'De la croix', 'Avie', '2017-08-19', 2147483647, 'Account Representative II'),
(22, 'Cassy', 'Ray', '2018-04-11', 2147483647, 'Recruiting Manager'),
(23, 'Rippingale', 'Stesha', '2019-04-02', 2147483647, 'Sales Representative'),
(24, 'Dulany', 'Mateo', '2007-01-10', 2147483647, 'General Manager'),
(25, 'Kopman', 'Allyn', '2011-09-04', 2147483647, 'Compensation Analyst'),
(26, 'Bratten', 'Carrie', '2013-06-15', 2147483647, 'Data Coordiator'),
(27, 'Osboldstone', 'Fifi', '2013-02-04', 2147483647, 'Teacher'),
(28, 'Kapiloff', 'Clarance', '2020-07-10', 2147483647, 'Teacher'),
(29, 'Webb-Bowen', 'Kyrstin', '2019-04-01', 2147483647, 'Environmental Tech'),
(30, 'McVicar', 'Vi', '2012-10-03', 2147483647, 'Accountant I'),
(31, 'Kief', 'Maurita', '2015-04-27', 2147483647, 'Media Manager I'),
(32, 'Lambol', 'Dirk', '2016-08-04', 2147483647, 'Research Nurse'),
(33, 'Cozzi', 'Jilly', '2013-06-30', 2147483647, 'Account Executive'),
(34, 'Crowch', 'Jeramey', '2015-07-17', 2147483647, 'Quality Control Specialist'),
(35, 'Bampton', 'Laurence', '2020-11-17', 2147483647, 'Editor'),
(36, 'Fleisch', 'Caroline', '2017-01-14', 2147483647, 'Information Systems Manager'),
(37, 'Barles', 'Shellie', '2010-11-29', 2147483647, 'Associate Professor'),
(38, 'Arnli', 'Rosalinde', '2018-07-09', 2147483647, 'Graphic Designer'),
(39, 'Hynde', 'Wildon', '2006-10-29', 2147483647, 'Executive Secretary'),
(40, 'Boswood', 'Corina', '2017-04-27', 2147483647, 'Senior Cost Accountant'),
(41, 'MacNamara', 'Keelia', '2008-05-03', 2147483647, 'Business Systems Development Analyst'),
(42, 'Vardie', 'Lizzie', '2022-08-19', 2147483647, 'Analyst Programmer'),
(43, 'Gladwin', 'Dasie', '2006-02-07', 2147483647, 'Quality Engineer'),
(44, 'Willimont', 'Lisabeth', '2017-08-27', 2147483647, 'Developer II'),
(45, 'Hughlin', 'Tully', '2013-01-31', 2147483647, 'Human Resources Manager'),
(46, 'Dines', 'Daryle', '2018-09-17', 1824875175, 'Account Executive'),
(47, 'Mosedill', 'Dasya', '2021-02-11', 1851334173, 'Chemical Engineer'),
(48, 'Abeles', 'Janessa', '2015-05-08', 2147483647, 'Help Desk Operator'),
(49, 'Tedder', 'Natalie', '2017-08-06', 2147483647, 'Senior Cost Accountant'),
(50, 'Hentze', 'Wendi', '2017-04-07', 2147483647, 'Marketing Manager'),
(51, 'Stripp', 'Gray', '2021-01-22', 2147483647, 'Nurse'),
(52, 'Baillie', 'Lou', '2021-12-16', 2147483647, 'Account Representative II'),
(53, 'Parbrook', 'Elwin', '2015-11-14', 2147483647, 'Human Resources Manager'),
(54, 'Dron', 'Averyl', '2013-09-02', 2147483647, 'Database Administrator II'),
(55, 'Catherine', 'Wyndham', '2006-02-20', 2147483647, 'Chemical Engineer'),
(56, 'Cunniff', 'Boigie', '2016-10-25', 2147483647, 'Actuary'),
(57, 'Turfin', 'Ferdy', '2006-03-09', 2147483647, 'Research Assistant III'),
(58, 'Linzey', 'Joya', '2021-04-12', 2147483647, 'Web Developer IV'),
(59, 'Jarred', 'Parrnell', '2016-05-14', 2147483647, 'Analyst Programmer'),
(60, 'Dufton', 'Harlie', '2011-06-12', 2147483647, 'Geological Engineer'),
(61, 'Topes', 'Joletta', '2017-05-22', 2147483647, 'Mechanical Systems Engineer'),
(62, 'Lissaman', 'Nady', '2011-05-29', 2147483647, 'Analyst Programmer'),
(63, 'Gordge', 'Aprilette', '2013-11-05', 2147483647, 'Financial Analyst'),
(64, 'Steanson', 'Barnie', '2010-12-07', 2147483647, 'Senior Financial Analyst'),
(65, 'Spracklin', 'Warren', '2007-12-26', 2147483647, 'Environmental Tech'),
(66, 'Faye', 'Hersh', '2022-09-14', 2147483647, 'Computer Systems Analyst II'),
(67, 'Rasell', 'Benni', '2022-07-03', 2147483647, 'Research Associate'),
(68, 'Hollerin', 'Ric', '2012-01-13', 2147483647, 'Mechanical Systems Engineer'),
(69, 'Tresvina', 'Goldi', '2021-03-16', 1007002660, 'Human Resources Manager'),
(70, 'Morde', 'Luci', '2008-07-22', 2147483647, 'Mechanical Systems Engineer'),
(71, 'Tallet', 'Aguistin', '2007-07-04', 1631520578, 'Environmental Specialist'),
(72, 'Blundell', 'Jessie', '2022-04-17', 2147483647, 'Developer III'),
(73, 'Duffy', 'Lurleen', '2005-03-03', 2147483647, 'Accountant IV'),
(74, 'Benzies', 'Maudie', '2013-08-14', 2147483647, 'Financial Advisor'),
(75, 'Lardeux', 'Trace', '2008-12-23', 2147483647, 'Accountant I'),
(76, 'Stitson', 'Doroteya', '2005-08-19', 2147483647, 'Administrative Officer'),
(77, 'Gaitung', 'Basilius', '2018-02-26', 2147483647, 'Office Assistant IV'),
(78, 'Gerriessen', 'Harmony', '2006-09-02', 2147483647, 'Social Worker'),
(79, 'Tallboy', 'Margit', '2015-09-03', 2147483647, 'Food Chemist'),
(80, 'Waszkiewicz', 'Joella', '2010-04-25', 2147483647, 'Quality Engineer'),
(81, 'Antonucci', 'Corrine', '2006-05-06', 2147483647, 'Tax Accountant'),
(82, 'Palphramand', 'Millie', '2022-09-23', 2147483647, 'Financial Analyst'),
(83, 'Brazear', 'Lalo', '2006-01-24', 1004115804, 'Staff Scientist'),
(84, 'Gallgher', 'Roosevelt', '2010-01-15', 2147483647, 'Engineer II'),
(85, 'Gertray', 'Garrot', '2012-08-23', 2147483647, 'Design Engineer'),
(86, 'Midgley', 'Waverley', '2013-11-29', 2147483647, 'Database Administrator II'),
(87, 'Villaron', 'Mick', '2011-02-08', 2147483647, 'Associate Professor'),
(88, 'Sothern', 'Kennan', '2020-01-17', 2147483647, 'Occupational Therapist'),
(89, 'Jordine', 'Frannie', '2008-09-02', 2147483647, 'Project Manager'),
(90, 'Wickey', 'Dreddy', '2008-03-07', 2147483647, 'Dental Hygienist'),
(91, 'Matskevich', 'Blinni', '2012-04-16', 2147483647, 'Structural Analysis Engineer'),
(92, 'Deignan', 'Ronalda', '2011-02-02', 2147483647, 'Project Manager'),
(93, 'Arnholdt', 'Talia', '2009-11-19', 2147483647, 'Graphic Designer'),
(94, 'Lewty', 'Fanchette', '2017-11-27', 1818040965, 'Web Developer II'),
(95, 'Callander', 'Linea', '2009-03-14', 2147483647, 'Account Coordinator'),
(96, 'Beaufoy', 'Gabriella', '2021-08-17', 2147483647, 'Structural Analysis Engineer'),
(97, 'Shyres', 'Sonnnie', '2021-10-16', 2147483647, 'Financial Analyst'),
(98, 'Goldin', 'Denny', '2008-08-04', 2147483647, 'Administrative Officer'),
(99, 'Ashment', 'Meridith', '2016-05-26', 2147483647, 'Software Test Engineer III'),
(100, 'Jurgen', 'Carin', '2015-06-14', 2147483647, 'Human Resources Manager'),
(101, 'Rissom', 'Elvera', '2005-04-12', 2147483647, 'Automation Specialist II'),
(102, 'Espadero', 'Web', '2013-07-15', 2147483647, 'Research Assistant IV'),
(103, 'Gasnoll', 'Amberly', '2021-04-06', 1933731336, 'Accounting Assistant IV'),
(104, 'Bosward', 'Lolita', '2005-09-18', 2147483647, 'Senior Cost Accountant'),
(105, 'Codrington', 'Concettina', '2011-09-12', 2147483647, 'Human Resources Assistant IV'),
(106, 'Deboy', 'Shep', '2007-03-19', 2147483647, 'Actuary'),
(107, 'Topling', 'Netti', '2008-12-27', 2147483647, 'Assistant Professor'),
(108, 'Alger', 'Antonetta', '2013-12-15', 2147483647, 'Clinical Specialist'),
(109, 'Bett', 'Petronille', '2010-08-25', 2134849531, 'Senior Sales Associate'),
(110, 'Jenne', 'Laird', '2011-02-16', 2147483647, 'Accountant I'),
(111, 'Ubsdell', 'Marcellina', '2014-09-22', 2147483647, 'Engineer III'),
(112, 'Elkin', 'Evelyn', '2011-06-21', 2147483647, 'Design Engineer'),
(113, 'Impy', 'Prescott', '2009-09-12', 2147483647, 'Product Engineer'),
(114, 'Lamey', 'Enid', '2017-04-26', 2147483647, 'Account Coordinator'),
(115, 'O\' Finan', 'Garrek', '2009-08-30', 2147483647, 'Programmer Analyst IV'),
(116, 'Challoner', 'Leticia', '2022-08-08', 2147483647, 'Health Coach III'),
(117, 'Adamik', 'Milton', '2006-12-12', 2147483647, 'Senior Cost Accountant'),
(118, 'Beche', 'Oliver', '2010-06-23', 1009338133, 'Accounting Assistant II'),
(119, 'Swalteridge', 'Abbey', '2013-06-09', 2147483647, 'Sales Representative'),
(120, 'Bess', 'Tobin', '2018-07-19', 2039474249, 'Safety Technician I'),
(121, 'Dyster', 'Ondrea', '2017-04-14', 2147483647, 'Graphic Designer'),
(122, 'Simcox', 'Robin', '2008-07-13', 2147483647, 'Research Associate'),
(123, 'Clynter', 'Concordia', '2018-12-05', 2147483647, 'Biostatistician II'),
(124, 'Keningley', 'Alane', '2022-01-13', 2147483647, 'Geologist III'),
(125, 'Filewood', 'Lutero', '2005-06-17', 2147483647, 'Paralegal'),
(126, 'O\'Dowd', 'Delainey', '2013-03-21', 2147483647, 'GIS Technical Architect'),
(127, 'Spencock', 'Jenilee', '2011-10-05', 2147483647, 'Physical Therapy Assistant'),
(128, 'Kitchen', 'Bennie', '2021-02-20', 2147483647, 'Research Assistant III'),
(129, 'Hyrons', 'Dallas', '2008-02-25', 2147483647, 'Professor'),
(130, 'Davidde', 'Zacharia', '2016-09-25', 2147483647, 'Research Assistant III'),
(131, 'Gilleon', 'Eamon', '2008-03-23', 2147483647, 'Media Manager II'),
(132, 'Hessel', 'Odilia', '2022-06-27', 2147483647, 'Editor'),
(133, 'Doby', 'Garreth', '2010-12-23', 2147483647, 'Assistant Media Planner'),
(134, 'Port', 'Gerrilee', '2007-02-22', 2147483647, 'Desktop Support Technician'),
(135, 'Schimann', 'Denna', '2006-01-06', 2061350589, 'Civil Engineer'),
(136, 'Thompkins', 'Noble', '2019-08-21', 1581000255, 'Software Test Engineer II'),
(137, 'Tinn', 'Marguerite', '2014-11-19', 2147483647, 'Senior Editor'),
(138, 'Kramer', 'Penn', '2018-07-21', 1028545940, 'Mechanical Systems Engineer'),
(139, 'Dartan', 'Lila', '2022-06-18', 2147483647, 'Chemical Engineer'),
(140, 'Fossord', 'Angelle', '2019-08-17', 2147483647, 'Analog Circuit Design manager'),
(141, 'Orsman', 'Joelly', '2018-08-08', 2147483647, 'Administrative Assistant IV'),
(142, 'Gierok', 'Bennie', '2022-05-11', 2147483647, 'Legal Assistant'),
(143, 'Pellingar', 'Candie', '2013-09-26', 2147483647, 'Human Resources Assistant II'),
(144, 'Mathiot', 'Rochelle', '2014-07-06', 2147483647, 'Biostatistician III'),
(145, 'Fearnley', 'Jeromy', '2012-10-08', 2063006482, 'Operator'),
(146, 'Tye', 'Kirstyn', '2012-08-19', 2147483647, 'Chief Design Engineer'),
(147, 'Thredder', 'Kris', '2013-10-18', 2147483647, 'Senior Quality Engineer'),
(148, 'Gasson', 'Edi', '2012-02-07', 2147483647, 'Speech Pathologist'),
(149, 'Lifsey', 'Efrem', '2020-02-01', 2147483647, 'Payment Adjustment Coordinator'),
(150, 'Hatchman', 'Jobi', '2010-05-31', 2147483647, 'Environmental Tech'),
(151, 'Fosken', 'Rupert', '2010-03-30', 2147483647, 'Research Associate'),
(152, 'Fulle', 'Edy', '2014-12-08', 2147483647, 'Senior Developer'),
(153, 'O\'Dempsey', 'Arlyne', '2008-03-08', 2147483647, 'General Manager'),
(154, 'Edridge', 'Worthington', '2020-07-07', 1126752028, 'Budget/Accounting Analyst II'),
(155, 'Thornthwaite', 'Pietra', '2009-07-26', 2147483647, 'Electrical Engineer'),
(156, 'Roft', 'Corene', '2006-01-26', 2147483647, 'Help Desk Operator'),
(157, 'McVanamy', 'Constantia', '2019-03-08', 2147483647, 'Geological Engineer'),
(158, 'Duding', 'Jase', '2020-11-22', 2147483647, 'Director of Sales'),
(159, 'Edgerly', 'Latashia', '2020-11-01', 1879584210, 'Office Assistant I'),
(160, 'Barnet', 'Demetre', '2010-07-19', 2147483647, 'Geologist II'),
(161, 'Corser', 'Trudie', '2006-08-07', 2147483647, 'Systems Administrator III'),
(162, 'Di Roberto', 'Maddy', '2021-03-31', 2147483647, 'Recruiting Manager'),
(163, 'Simeoli', 'Corena', '2009-11-08', 2147483647, 'Associate Professor'),
(164, 'Alentyev', 'Haskel', '2015-05-03', 2147483647, 'Web Developer IV'),
(165, 'Aronow', 'Greg', '2009-01-30', 2147483647, 'Automation Specialist III'),
(166, 'Father', 'Lilah', '2021-01-26', 2147483647, 'Food Chemist'),
(167, 'Trimmill', 'Lesya', '2015-03-23', 2147483647, 'Registered Nurse'),
(168, 'Riha', 'Crista', '2008-10-25', 2147483647, 'Senior Cost Accountant'),
(169, 'Croom', 'Liza', '2018-04-30', 2147483647, 'Financial Advisor'),
(170, 'Yven', 'Lionel', '2009-02-13', 2147483647, 'Quality Control Specialist'),
(171, 'Pole', 'Ange', '2014-12-06', 2147483647, 'Editor'),
(172, 'Charley', 'Vickie', '2014-04-20', 2147483647, 'Recruiting Manager'),
(173, 'Kuhwald', 'Wendye', '2021-06-18', 2147483647, 'Chief Design Engineer'),
(174, 'Dary', 'Syman', '2009-11-22', 1327400283, 'Senior Financial Analyst'),
(175, 'Langtry', 'Sorcha', '2008-02-10', 2147483647, 'Staff Accountant III'),
(176, 'Lucian', 'Lynett', '2012-08-01', 1218650718, 'VP Product Management'),
(177, 'Metson', 'Brittne', '2013-09-03', 2147483647, 'Business Systems Development Analyst'),
(178, 'Barnshaw', 'Cello', '2019-05-16', 2147483647, 'Human Resources Manager'),
(179, 'Eefting', 'Parnell', '2005-04-22', 2147483647, 'Account Executive'),
(180, 'Bewly', 'Jacquelin', '2017-09-05', 2147483647, 'Statistician III'),
(181, 'Coggin', 'Gates', '2019-11-21', 2147483647, 'Nurse Practicioner'),
(182, 'Rawls', 'Ambros', '2010-03-07', 2147483647, 'Staff Accountant III'),
(183, 'Grimsdike', 'Clarine', '2006-10-10', 2147483647, 'Compensation Analyst'),
(184, 'Josipovic', 'Coralyn', '2014-12-21', 2147483647, 'Programmer IV'),
(185, 'Ripsher', 'Carolynn', '2010-04-05', 2147483647, 'Database Administrator IV'),
(186, 'Kitchiner', 'Ramon', '2019-05-27', 2147483647, 'Recruiting Manager'),
(187, 'Stoade', 'Rollo', '2021-12-19', 2147483647, 'Administrative Officer'),
(188, 'Harwick', 'Tim', '2006-11-15', 2147483647, 'Librarian'),
(189, 'Brunt', 'Garvey', '2011-05-16', 2147483647, 'Computer Systems Analyst I'),
(190, 'Burhill', 'Celestina', '2013-03-15', 2147483647, 'VP Product Management'),
(191, 'Caunter', 'Nap', '2012-11-10', 2147483647, 'Software Engineer III'),
(192, 'Hillatt', 'Ambros', '2012-10-25', 2147483647, 'Research Nurse'),
(193, 'Crudginton', 'Rosamond', '2012-02-20', 2147483647, 'Staff Scientist'),
(194, 'Ikins', 'Andee', '2012-04-29', 2147483647, 'Information Systems Manager'),
(195, 'Canniffe', 'Alisa', '2019-02-21', 2147483647, 'Web Developer II'),
(196, 'Niece', 'Carolyne', '2018-11-25', 2147483647, 'Research Assistant I'),
(197, 'Hargreaves', 'Gwyn', '2021-12-02', 1139904570, 'Developer II'),
(198, 'Ethelston', 'Tanney', '2011-01-08', 2147483647, 'Dental Hygienist'),
(199, 'Marke', 'Ertha', '2011-06-15', 2147483647, 'Accountant III'),
(200, 'Hendriks', 'Timothea', '2015-05-09', 2147483647, 'Food Chemist'),
(201, 'Shankster', 'Jonathon', '2011-04-20', 2147483647, 'Help Desk Operator'),
(202, 'Sivyer', 'Sheelah', '2009-08-09', 1533853661, 'Help Desk Technician'),
(203, 'Marusik', 'Devonne', '2014-02-12', 2147483647, 'VP Sales'),
(204, 'Storcke', 'Dollie', '2021-10-02', 2147483647, 'Graphic Designer'),
(205, 'Sapir', 'Marysa', '2009-04-28', 2147483647, 'Speech Pathologist'),
(206, 'Kirvell', 'Cy', '2005-07-29', 2147483647, 'Recruiter'),
(207, 'Drakard', 'Rayshell', '2007-01-30', 2147483647, 'GIS Technical Architect'),
(208, 'Phillcock', 'Ailsun', '2015-12-18', 2147483647, 'Office Assistant I'),
(209, 'Wellum', 'Keenan', '2013-05-14', 2147483647, 'Assistant Media Planner'),
(210, 'Harris', 'Fleming', '2016-05-04', 2147483647, 'Payment Adjustment Coordinator'),
(211, 'Healey', 'Aggi', '2019-11-13', 2147483647, 'General Manager'),
(212, 'Polkinghorne', 'Aurilia', '2021-03-14', 2147483647, 'Financial Analyst'),
(213, 'Gallard', 'Ofella', '2021-12-08', 2147483647, 'Operator'),
(214, 'Monnoyer', 'Wait', '2011-02-23', 1484543663, 'Marketing Manager'),
(215, 'Dami', 'Philis', '2007-05-23', 2147483647, 'Financial Advisor'),
(216, 'Gaylord', 'Graham', '2019-10-15', 2147483647, 'Analyst Programmer'),
(217, 'Tristram', 'Latia', '2013-02-22', 2147483647, 'Web Designer III'),
(218, 'MacGiany', 'Orland', '2020-04-05', 2147483647, 'Help Desk Technician'),
(219, 'Volkes', 'Chet', '2011-05-22', 1386675044, 'Executive Secretary'),
(220, 'Innes', 'Bowie', '2012-07-09', 2147483647, 'Help Desk Operator'),
(221, 'Senior', 'Evelyn', '2014-12-15', 2147483647, 'Librarian'),
(222, 'MacKall', 'Carey', '2020-01-19', 1502981796, 'Information Systems Manager'),
(223, 'Sapshed', 'Silva', '2015-04-08', 2147483647, 'Tax Accountant'),
(224, 'Elwel', 'Carmel', '2016-08-20', 2147483647, 'Associate Professor'),
(225, 'Twinborne', 'Burke', '2011-07-04', 2147483647, 'Speech Pathologist'),
(226, 'Coulling', 'Billie', '2005-05-04', 2147483647, 'Legal Assistant'),
(227, 'Stener', 'Milton', '2019-06-23', 2115923211, 'Actuary'),
(228, 'Crossthwaite', 'Timoteo', '2014-07-27', 2147483647, 'General Manager'),
(229, 'McConaghy', 'Israel', '2016-09-27', 1840813716, 'VP Accounting'),
(230, 'Galland', 'Aigneis', '2006-08-18', 2147483647, 'Budget/Accounting Analyst II'),
(231, 'Crotty', 'Ralina', '2018-11-04', 2147483647, 'Automation Specialist III'),
(232, 'Ravenscroftt', 'Meridith', '2014-09-06', 2074894653, 'Associate Professor'),
(233, 'L\'Episcopio', 'Pat', '2013-11-07', 2147483647, 'Chief Design Engineer'),
(234, 'Duell', 'Sutherlan', '2010-10-18', 2147483647, 'Technical Writer'),
(235, 'holmes', 'Carlene', '2011-02-06', 2147483647, 'Payment Adjustment Coordinator'),
(236, 'Warrillow', 'Andi', '2012-12-29', 2147483647, 'Web Designer III'),
(237, 'Perryman', 'Harman', '2007-12-14', 2147483647, 'Geological Engineer'),
(238, 'Pezey', 'Shelbi', '2014-07-21', 2147483647, 'Clinical Specialist'),
(239, 'Duell', 'Laurence', '2022-05-02', 2147483647, 'Assistant Media Planner'),
(240, 'Ramiro', 'Kristoffer', '2013-05-25', 2147483647, 'Design Engineer'),
(241, 'Dungate', 'Nap', '2014-08-07', 2147483647, 'Nuclear Power Engineer'),
(242, 'MacBarron', 'Lindon', '2011-04-24', 2147483647, 'Registered Nurse'),
(243, 'Simenon', 'Merry', '2021-12-04', 2147483647, 'Clinical Specialist'),
(244, 'Chad', 'Elyn', '2012-05-31', 2147483647, 'Editor'),
(245, 'Freiburger', 'Reid', '2008-11-30', 2147483647, 'Chemical Engineer'),
(246, 'Mather', 'Ula', '2007-11-02', 2147483647, 'Junior Executive'),
(247, 'O\'Hone', 'Xavier', '2005-05-30', 2147483647, 'Senior Sales Associate'),
(248, 'Clausson', 'Grannie', '2021-08-16', 2147483647, 'Professor'),
(249, 'Kellock', 'Murdoch', '2012-10-21', 2147483647, 'Sales Associate'),
(250, 'Frascone', 'Munroe', '2008-08-08', 2147483647, 'Safety Technician III'),
(251, 'O\'Hern', 'Marleah', '2010-11-29', 2147483647, 'Community Outreach Specialist'),
(252, 'Fitzmaurice', 'Jewel', '2022-04-10', 2147483647, 'Senior Editor'),
(253, 'Ronaghan', 'Moses', '2011-07-06', 2147483647, 'Web Developer III'),
(254, 'Drees', 'Vinny', '2013-12-10', 2147483647, 'Safety Technician III'),
(255, 'Caulier', 'Cathleen', '2008-03-30', 2147483647, 'Pharmacist'),
(256, 'Moulder', 'Miguela', '2010-01-21', 2147483647, 'Budget/Accounting Analyst I'),
(257, 'Hesse', 'Filberto', '2006-12-17', 2147483647, 'Chief Design Engineer'),
(258, 'Bartalini', 'Rosalynd', '2013-10-13', 2147483647, 'Senior Editor'),
(259, 'Sissens', 'Rory', '2009-02-09', 2147483647, 'Paralegal'),
(260, 'Schulz', 'Lucina', '2008-03-25', 2147483647, 'Web Designer I'),
(261, 'Grimes', 'Jeane', '2011-08-31', 2147483647, 'Automation Specialist III'),
(262, 'Barby', 'Gerald', '2008-08-08', 2147483647, 'Executive Secretary'),
(263, 'Jaskiewicz', 'Leonora', '2018-08-27', 2147483647, 'Data Coordiator'),
(264, 'Sprouls', 'Bunni', '2013-11-19', 2147483647, 'Research Associate'),
(265, 'L\'Amie', 'Mychal', '2012-06-12', 2147483647, 'Recruiter'),
(266, 'Stathor', 'Patricio', '2020-02-15', 2147483647, 'Community Outreach Specialist'),
(267, 'Riddoch', 'Burr', '2005-12-20', 2147483647, 'Registered Nurse'),
(268, 'Lowe', 'Cornie', '2014-02-06', 2147483647, 'Sales Representative'),
(269, 'Cruddace', 'Vanda', '2021-09-11', 2147483647, 'Desktop Support Technician'),
(270, 'Growcott', 'Selby', '2008-11-11', 1924041562, 'Developer IV'),
(271, 'Vanderplas', 'Shandeigh', '2013-07-06', 1047097228, 'Paralegal'),
(272, 'Grave', 'Emma', '2019-09-01', 1501716491, 'Sales Representative'),
(273, 'MacMoyer', 'Neala', '2013-07-18', 2147483647, 'Senior Quality Engineer'),
(274, 'Orridge', 'Arte', '2014-05-30', 2147483647, 'Technical Writer'),
(275, 'Hulk', 'Howey', '2013-04-22', 2147483647, 'VP Product Management'),
(276, 'Cake', 'Olivier', '2019-06-15', 2147483647, 'Registered Nurse'),
(277, 'Regus', 'Theodor', '2010-01-12', 1087393445, 'Senior Editor'),
(278, 'Keoghane', 'Lazaro', '2019-12-05', 2147483647, 'Nuclear Power Engineer'),
(279, 'Lismer', 'Lombard', '2008-10-30', 2147483647, 'Software Test Engineer II'),
(280, 'Fearneley', 'Lonnie', '2017-05-17', 2147483647, 'Environmental Specialist'),
(281, 'Wisdish', 'Leoline', '2010-05-27', 2147483647, 'Senior Quality Engineer'),
(282, 'Fenlon', 'Michaeline', '2022-06-14', 2147483647, 'Health Coach II'),
(283, 'Polon', 'Cointon', '2009-09-07', 2147483647, 'Help Desk Operator'),
(284, 'Sherel', 'Kori', '2013-08-07', 1817439678, 'Mechanical Systems Engineer'),
(285, 'Leftley', 'Fabe', '2012-02-25', 2147483647, 'Payment Adjustment Coordinator'),
(286, 'Coggins', 'Hedwiga', '2006-04-18', 2147483647, 'Safety Technician IV'),
(287, 'McTerrelly', 'Harriett', '2015-01-19', 2147483647, 'Research Assistant IV'),
(288, 'Sugden', 'Amalee', '2008-03-08', 2147483647, 'Account Executive'),
(289, 'Abbate', 'Rockwell', '2007-07-26', 1235488584, 'Sales Representative'),
(290, 'Compfort', 'Shellysheldon', '2011-01-07', 2147483647, 'Quality Engineer'),
(291, 'Ewestace', 'Valery', '2007-07-17', 2147483647, 'Research Associate'),
(292, 'Botterell', 'Giles', '2020-11-27', 2147483647, 'Librarian'),
(293, 'Suart', 'Margarethe', '2016-04-13', 2147483647, 'Systems Administrator II'),
(294, 'Heads', 'Lenna', '2015-07-04', 2147483647, 'Senior Quality Engineer'),
(295, 'Grishanov', 'Rosamund', '2015-12-15', 2147483647, 'Registered Nurse'),
(296, 'Penbarthy', 'Ludovico', '2017-07-02', 2147483647, 'Systems Administrator II'),
(297, 'Jersh', 'Binni', '2015-02-20', 2147483647, 'Recruiter'),
(298, 'Sanders', 'Hogan', '2007-04-03', 2147483647, 'Operator'),
(299, 'Rospars', 'Link', '2021-02-12', 2147483647, 'Marketing Assistant'),
(300, 'Spera', 'Sean', '2015-05-17', 2147483647, 'Occupational Therapist'),
(301, 'Pinock', 'Perry', '2006-05-09', 2147483647, 'Senior Quality Engineer'),
(302, 'Eslemont', 'Jae', '2014-02-17', 2147483647, 'Safety Technician III'),
(303, 'Lovstrom', 'Reeba', '2009-05-05', 2045398307, 'Accounting Assistant I'),
(304, 'Connealy', 'Karleen', '2005-12-16', 2147483647, 'Marketing Assistant'),
(305, 'Loads', 'Eleonora', '2016-04-15', 2147483647, 'Food Chemist'),
(306, 'Theml', 'Zondra', '2014-01-01', 2147483647, 'GIS Technical Architect'),
(307, 'Bonder', 'Estell', '2021-03-15', 2147483647, 'Senior Editor'),
(308, 'Galier', 'Vivyanne', '2016-02-15', 2147483647, 'Computer Systems Analyst II'),
(309, 'Ollivier', 'Amber', '2014-11-15', 2147483647, 'Engineer II'),
(310, 'Kmicicki', 'Gerty', '2021-12-15', 2147483647, 'Analyst Programmer'),
(311, 'Peaple', 'Candis', '2019-11-15', 2147483647, 'Sales Associate'),
(312, 'Gooderson', 'Brittne', '2014-04-16', 2147483647, 'Account Coordinator'),
(313, 'Loosley', 'Noe', '2022-09-30', 2147483647, 'Analog Circuit Design manager'),
(314, 'Giacovetti', 'Melinda', '2009-11-01', 2147483647, 'Recruiting Manager'),
(315, 'Suggey', 'Clemmie', '2008-10-20', 1895727758, 'Financial Analyst'),
(316, 'Fessby', 'Lorne', '2009-10-11', 2147483647, 'Registered Nurse'),
(317, 'Beacroft', 'Zita', '2016-03-20', 2147483647, 'Structural Engineer'),
(318, 'Farrimond', 'Gilberte', '2006-12-15', 2147483647, 'Assistant Media Planner'),
(319, 'Bourgourd', 'Robin', '2022-10-24', 2147483647, 'Web Designer II'),
(320, 'Pheby', 'Wallie', '2013-07-01', 2147483647, 'Assistant Media Planner'),
(321, 'Circuit', 'Windham', '2010-09-09', 2147483647, 'VP Marketing'),
(322, 'Bunstone', 'Bari', '2020-02-05', 2147483647, 'Help Desk Operator'),
(323, 'Beekmann', 'Dorrie', '2022-10-12', 2147483647, 'Environmental Specialist'),
(324, 'MacCollom', 'Briney', '2013-12-12', 2147483647, 'Payment Adjustment Coordinator'),
(325, 'Jeffryes', 'Angela', '2013-12-25', 2147483647, 'Associate Professor'),
(326, 'Lyburn', 'Ericha', '2013-01-26', 2147483647, 'Registered Nurse'),
(327, 'McGairl', 'Aloysia', '2011-12-09', 2147483647, 'Teacher'),
(328, 'Pentercost', 'Teodora', '2010-07-23', 2147483647, 'Staff Scientist'),
(329, 'Scarrisbrick', 'Viole', '2015-06-29', 2147483647, 'Recruiting Manager'),
(330, 'Coil', 'Linda', '2015-03-31', 2147483647, 'Help Desk Operator'),
(331, 'Facher', 'Burtie', '2019-05-04', 2147483647, 'Product Engineer'),
(332, 'Alderwick', 'Annadiana', '2013-07-19', 2147483647, 'Mechanical Systems Engineer'),
(333, 'Daintier', 'Melany', '2013-12-24', 2147483647, 'Programmer I'),
(334, 'Duncklee', 'Daven', '2017-03-01', 2147483647, 'Software Test Engineer I'),
(335, 'Tinghill', 'Hannis', '2013-12-19', 2147483647, 'Structural Engineer'),
(336, 'Ciric', 'Albert', '2012-08-01', 2147483647, 'Biostatistician II'),
(337, 'Boliver', 'Tabbie', '2012-06-30', 2147483647, 'Assistant Media Planner'),
(338, 'Scallon', 'Ronny', '2007-03-09', 2147483647, 'Accounting Assistant II'),
(339, 'Gautrey', 'Roth', '2022-10-07', 2147483647, 'Web Developer I'),
(340, 'Doodney', 'Julietta', '2008-01-03', 2147483647, 'Marketing Assistant'),
(341, 'Vasile', 'Lula', '2007-01-05', 2147483647, 'VP Accounting'),
(342, 'Barabisch', 'Denni', '2013-11-28', 2147483647, 'Recruiter'),
(343, 'Vondrak', 'Velvet', '2007-02-20', 2147483647, 'Senior Cost Accountant'),
(344, 'Faunt', 'Dorene', '2009-12-06', 2147483647, 'Librarian'),
(345, 'Dugdale', 'West', '2017-12-16', 2147483647, 'Assistant Manager'),
(346, 'McCaw', 'Eulalie', '2009-02-09', 1424474640, 'Assistant Manager'),
(347, 'Landy', 'Josh', '2017-10-29', 2147483647, 'Compensation Analyst'),
(348, 'Montrose', 'Aubry', '2009-02-01', 2147483647, 'Product Engineer'),
(349, 'Jelliman', 'Davina', '2012-07-15', 2147483647, 'Health Coach III'),
(350, 'Gartside', 'Giuseppe', '2010-12-12', 2147483647, 'Help Desk Operator'),
(351, 'Reignolds', 'Alanson', '2006-12-14', 2147483647, 'Senior Developer'),
(352, 'Wallsworth', 'Merrielle', '2018-03-27', 2147483647, 'Research Nurse'),
(353, 'Briat', 'Garold', '2019-10-12', 2147483647, 'Clinical Specialist'),
(354, 'Andrzej', 'Ricoriki', '2013-09-04', 2147483647, 'Computer Systems Analyst IV'),
(355, 'Faucett', 'Terri', '2019-04-04', 2147483647, 'Editor'),
(356, 'Cubbino', 'Vinny', '2011-09-07', 1799572343, 'Sales Associate'),
(357, 'Eltun', 'Darleen', '2012-01-02', 2147483647, 'Structural Analysis Engineer'),
(358, 'Symes', 'Murvyn', '2014-10-25', 2147483647, 'VP Marketing'),
(359, 'Early', 'Chev', '2021-10-05', 2147483647, 'Health Coach I'),
(360, 'Segar', 'Ali', '2010-03-01', 2147483647, 'Database Administrator III'),
(361, 'Habin', 'Thurston', '2005-06-14', 2147483647, 'Structural Analysis Engineer'),
(362, 'Cunningham', 'Haily', '2015-04-16', 2147483647, 'Project Manager'),
(363, 'Goullee', 'Linnie', '2020-12-11', 2147483647, 'Administrative Officer'),
(364, 'Pollen', 'Kippy', '2016-12-15', 2147483647, 'Product Engineer'),
(365, 'Indge', 'Barri', '2021-12-15', 2147483647, 'Tax Accountant'),
(366, 'Vaud', 'Binny', '2011-02-09', 2147483647, 'Data Coordiator'),
(367, 'Panniers', 'Bernadine', '2007-04-25', 2147483647, 'Marketing Manager'),
(368, 'Ethersey', 'Arnold', '2019-06-13', 2147483647, 'Automation Specialist II'),
(369, 'Menguy', 'Tyson', '2006-09-06', 2147483647, 'Social Worker'),
(370, 'Videler', 'Binky', '2010-01-28', 2147483647, 'Dental Hygienist'),
(371, 'Graine', 'Rina', '2008-01-25', 2147483647, 'Statistician I'),
(372, 'Wetherhead', 'Fanechka', '2006-08-17', 2147483647, 'Product Engineer'),
(373, 'Coope', 'Florry', '2007-08-23', 2147483647, 'Speech Pathologist'),
(374, 'Whitchurch', 'Patrizio', '2020-12-21', 2147483647, 'VP Product Management'),
(375, 'Fairman', 'Naomi', '2019-07-11', 2147483647, 'Financial Analyst'),
(376, 'Rosberg', 'Modesta', '2019-10-09', 2147483647, 'Clinical Specialist'),
(377, 'Oughton', 'Roanne', '2011-09-08', 2147483647, 'Design Engineer'),
(378, 'Standidge', 'Dusty', '2017-03-07', 2147483647, 'Help Desk Operator'),
(379, 'McCaffrey', 'Norene', '2009-03-28', 2147483647, 'Mechanical Systems Engineer'),
(380, 'Holttom', 'Vick', '2014-12-10', 2147483647, 'Recruiting Manager'),
(381, 'Ropert', 'Ode', '2017-04-02', 2147483647, 'Analyst Programmer'),
(382, 'Broadnicke', 'Linet', '2005-06-19', 2147483647, 'Nurse'),
(383, 'Ellson', 'Valentia', '2016-09-30', 2147483647, 'Tax Accountant'),
(384, 'Lister', 'Edwina', '2022-10-11', 2147483647, 'Human Resources Manager'),
(385, 'Meller', 'Nevsa', '2009-09-24', 2147483647, 'Automation Specialist I'),
(386, 'Giovannardi', 'Padraic', '2021-04-13', 2147483647, 'Information Systems Manager'),
(387, 'Tynan', 'Terry', '2012-09-15', 2147483647, 'Cost Accountant'),
(388, 'Cooney', 'Keri', '2021-01-20', 2147483647, 'Senior Financial Analyst'),
(389, 'Eastcourt', 'Hamish', '2015-05-16', 2147483647, 'VP Sales'),
(390, 'Mawne', 'Fitz', '2015-05-23', 2147483647, 'Analyst Programmer'),
(391, 'Randalston', 'Lazarus', '2010-01-01', 2147483647, 'Senior Financial Analyst'),
(392, 'Aronov', 'Prentice', '2013-01-16', 1670613429, 'Research Nurse'),
(393, 'Bode', 'Leone', '2006-07-05', 2147483647, 'Help Desk Technician'),
(394, 'Blanchet', 'Nancy', '2006-04-29', 2147483647, 'Speech Pathologist'),
(395, 'Cade', 'Sibeal', '2013-10-10', 2147483647, 'Marketing Manager'),
(396, 'Awin', 'Berny', '2006-03-29', 2147483647, 'Technical Writer'),
(397, 'Nijs', 'Fifine', '2019-04-21', 2147483647, 'Senior Sales Associate'),
(398, 'Caldecot', 'Kennedy', '2018-01-30', 2147483647, 'Help Desk Operator'),
(399, 'Mathes', 'Orly', '2012-03-04', 2147483647, 'VP Product Management'),
(400, 'Spada', 'Marja', '2018-09-22', 2147483647, 'Physical Therapy Assistant'),
(401, 'Leech', 'Ynes', '2018-09-29', 2147483647, 'Nurse Practicioner'),
(402, 'Jerzycowski', 'Anastasia', '2021-09-03', 2147483647, 'Chemical Engineer'),
(403, 'Howieson', 'Ruthy', '2006-10-19', 2147483647, 'Community Outreach Specialist'),
(404, 'Jaime', 'Nelle', '2007-06-05', 2147483647, 'Paralegal'),
(405, 'Pilley', 'Polly', '2007-03-08', 2147483647, 'Computer Systems Analyst I'),
(406, 'Willowby', 'Nye', '2020-07-07', 2147483647, 'Recruiter'),
(407, 'Anstice', 'Kristyn', '2018-08-07', 1079460159, 'Compensation Analyst'),
(408, 'Coper', 'Thayne', '2006-01-24', 2147483647, 'Compensation Analyst'),
(409, 'Tuffey', 'Robbert', '2012-12-26', 2147483647, 'Electrical Engineer'),
(410, 'Boosey', 'Gonzales', '2017-11-27', 2147483647, 'Project Manager'),
(411, 'Dany', 'Tracy', '2013-03-01', 2147483647, 'Research Associate'),
(412, 'Bevar', 'Gianna', '2007-09-24', 2147483647, 'VP Product Management'),
(413, 'Duthy', 'Pansy', '2021-06-17', 2147483647, 'Mechanical Systems Engineer'),
(414, 'Kull', 'Shauna', '2019-08-07', 2147483647, 'Research Associate'),
(415, 'Cowlas', 'Jolie', '2021-10-01', 2147483647, 'Administrative Officer'),
(416, 'Dearnaly', 'Shelton', '2017-03-27', 2147483647, 'Web Designer III'),
(417, 'Towne', 'Isador', '2019-02-05', 2147483647, 'Software Test Engineer I'),
(418, 'Hawford', 'Mac', '2019-07-11', 1238112264, 'Marketing Assistant'),
(419, 'Attwoul', 'Barnie', '2022-04-09', 1616067368, 'VP Quality Control'),
(420, 'Sidwick', 'Tabbi', '2017-01-09', 2147483647, 'Design Engineer'),
(421, 'McConigal', 'Zack', '2005-04-24', 2147483647, 'GIS Technical Architect'),
(422, 'Hayfield', 'Miner', '2013-11-05', 2147483647, 'Speech Pathologist'),
(423, 'Spawforth', 'Lucilia', '2015-02-03', 2147483647, 'Biostatistician II'),
(424, 'Tregea', 'Janey', '2016-04-03', 2147483647, 'Human Resources Assistant I'),
(425, 'Bucknell', 'Mirabella', '2007-02-19', 2147483647, 'Social Worker'),
(426, 'Wigmore', 'Loutitia', '2015-04-09', 2147483647, 'Software Engineer IV'),
(427, 'Haggerwood', 'Donal', '2019-05-09', 2147483647, 'Senior Editor'),
(428, 'Behrendsen', 'Domenic', '2008-09-24', 2147483647, 'Developer I'),
(429, 'Labbez', 'Silvanus', '2016-11-12', 2147483647, 'Product Engineer'),
(430, 'Connell', 'Barnabe', '2009-09-02', 2147483647, 'Geological Engineer'),
(431, 'Kimbrey', 'Gill', '2020-08-03', 2147483647, 'Technical Writer'),
(432, 'Knellen', 'Ferdy', '2015-02-04', 2147483647, 'Director of Sales'),
(433, 'Colliard', 'Vinita', '2021-06-19', 2147483647, 'Nurse Practicioner'),
(434, 'Kloska', 'Inge', '2007-09-19', 2147483647, 'Biostatistician IV'),
(435, 'Nicolson', 'Denise', '2008-02-01', 2147483647, 'Business Systems Development Analyst'),
(436, 'Sellers', 'Jillian', '2006-02-19', 2147483647, 'Senior Financial Analyst'),
(437, 'Rotherham', 'Ric', '2021-12-31', 2147483647, 'Internal Auditor'),
(438, 'Croke', 'Dimitri', '2013-12-01', 1092386022, 'Teacher'),
(439, 'McCaskill', 'Sianna', '2007-05-04', 2147483647, 'Technical Writer'),
(440, 'Ledgerton', 'Elene', '2006-12-22', 2147483647, 'Desktop Support Technician'),
(441, 'McGow', 'Archambault', '2005-06-05', 2147483647, 'Environmental Tech'),
(442, 'Vasishchev', 'Tisha', '2005-12-15', 2147483647, 'Librarian'),
(443, 'Velde', 'Christen', '2020-06-20', 2147483647, 'Developer IV'),
(444, 'Crop', 'Baxter', '2016-11-30', 1224506406, 'Programmer IV'),
(445, 'Luxmoore', 'Yolane', '2007-05-20', 2147483647, 'Graphic Designer'),
(446, 'Jacklings', 'Trey', '2012-04-10', 2147483647, 'Assistant Media Planner'),
(447, 'O\' Clovan', 'Carolan', '2019-09-05', 1756812085, 'Web Developer III'),
(448, 'Chalcroft', 'Sydel', '2021-09-18', 2147483647, 'Speech Pathologist'),
(449, 'Nollet', 'Marcelline', '2008-09-05', 2147483647, 'Nurse Practicioner'),
(450, 'Wadley', 'Mikkel', '2015-05-12', 2147483647, 'Human Resources Manager'),
(451, 'Brookwell', 'Veronica', '2010-07-27', 2147483647, 'Nurse Practicioner'),
(452, 'McLinden', 'Ardene', '2016-07-20', 2147483647, 'Staff Accountant IV'),
(453, 'MacTerrelly', 'Tine', '2006-09-10', 2147483647, 'Civil Engineer'),
(454, 'Pollitt', 'Kenton', '2022-10-15', 2147483647, 'Internal Auditor'),
(455, 'Woodroff', 'Vernon', '2011-04-30', 2147483647, 'Civil Engineer'),
(456, 'Larmour', 'Ferdinanda', '2016-04-21', 2147483647, 'Web Developer IV'),
(457, 'Borland', 'Bunny', '2009-02-13', 2147483647, 'Developer IV'),
(458, 'Kainz', 'Delinda', '2015-09-02', 2147483647, 'General Manager'),
(459, 'Piele', 'Josephine', '2011-12-23', 2147483647, 'Software Consultant'),
(460, 'Bassick', 'Breena', '2019-03-05', 2147483647, 'Desktop Support Technician'),
(461, 'Peret', 'Nancey', '2019-02-26', 2147483647, 'Computer Systems Analyst I'),
(462, 'Schottli', 'Coleen', '2015-03-26', 2147483647, 'Clinical Specialist'),
(463, 'Vecard', 'Derril', '2021-01-19', 2147483647, 'Geologist II'),
(464, 'Noice', 'Peg', '2022-04-22', 2147483647, 'Research Nurse'),
(465, 'Wines', 'Abbi', '2008-02-17', 2147483647, 'Biostatistician IV'),
(466, 'Stockney', 'Magdalena', '2006-01-07', 2147483647, 'Internal Auditor'),
(467, 'Gertz', 'Keane', '2013-10-20', 2147483647, 'Chemical Engineer'),
(468, 'McLarens', 'Leo', '2016-04-10', 2147483647, 'VP Quality Control'),
(469, 'Loreit', 'Becca', '2006-10-27', 2147483647, 'Graphic Designer'),
(470, 'Deville', 'Bobby', '2022-08-26', 2147483647, 'Operator'),
(471, 'Iglesiaz', 'Annmaria', '2009-10-15', 2147483647, 'Associate Professor'),
(472, 'Milmoe', 'Catie', '2020-04-15', 2147483647, 'Internal Auditor'),
(473, 'Milstead', 'Reggy', '2013-05-19', 2087468289, 'Accountant III'),
(474, 'Vel', 'Cozmo', '2009-09-25', 2147483647, 'Structural Engineer'),
(475, 'Grinsdale', 'Bertie', '2015-02-01', 2147483647, 'Programmer Analyst I'),
(476, 'Matasov', 'Archer', '2006-09-09', 2147483647, 'Nuclear Power Engineer'),
(477, 'McCleod', 'Ellary', '2018-10-31', 2147483647, 'Junior Executive'),
(478, 'Boase', 'Gunar', '2017-07-21', 2147483647, 'Occupational Therapist'),
(479, 'Pordall', 'Sarita', '2021-04-19', 2147483647, 'Project Manager'),
(480, 'Eggerton', 'Sari', '2021-04-27', 1362746747, 'Account Representative I'),
(481, 'Gwioneth', 'Jarad', '2015-06-25', 2147483647, 'Executive Secretary'),
(482, 'Leafe', 'Lilias', '2013-08-23', 2147483647, 'Help Desk Operator'),
(483, 'Colqueran', 'Marty', '2015-04-18', 2147483647, 'Administrative Assistant IV'),
(484, 'Trodd', 'Ladonna', '2008-07-05', 2147483647, 'Systems Administrator II'),
(485, 'Vondra', 'Amery', '2017-02-17', 1803920094, 'Food Chemist'),
(486, 'Sommerlin', 'Ingra', '2016-11-28', 2147483647, 'Editor'),
(487, 'Skitteral', 'Gerry', '2016-05-30', 2147483647, 'VP Quality Control'),
(488, 'Lochran', 'Myrtice', '2007-11-03', 2147483647, 'Help Desk Technician'),
(489, 'Stoyell', 'Kerry', '2021-04-18', 2147483647, 'Environmental Specialist'),
(490, 'Levinge', 'Lynsey', '2020-02-25', 2147483647, 'Financial Analyst'),
(491, 'Davidsson', 'Manny', '2009-09-10', 2147483647, 'Design Engineer'),
(492, 'Tuckey', 'Charisse', '2005-11-01', 2147483647, 'Geologist II'),
(493, 'Bristo', 'Rosette', '2009-05-15', 1576175979, 'Speech Pathologist'),
(494, 'Nellen', 'Floris', '2011-12-27', 1452777738, 'Design Engineer'),
(495, 'Wittrington', 'Leonerd', '2010-07-12', 2147483647, 'Account Coordinator'),
(496, 'Sket', 'Kalvin', '2019-07-14', 2147483647, 'Librarian'),
(497, 'Allso', 'Wayland', '2006-05-02', 2147483647, 'Chemical Engineer'),
(498, 'Abernethy', 'Dalenna', '2011-11-25', 2147483647, 'Software Test Engineer I'),
(499, 'Taudevin', 'Dominga', '2009-01-20', 2147483647, 'VP Marketing'),
(500, 'Ramel', 'Evy', '2012-09-30', 2147483647, 'Physical Therapy Assistant'),
(501, 'Tommaseo', 'Diego', '2021-05-19', 2147483647, 'Pharmacist'),
(502, 'Kensley', 'Calley', '2009-06-09', 2147483647, 'Professor'),
(503, 'Mintoff', 'Morissa', '2008-12-15', 2147483647, 'GIS Technical Architect'),
(504, 'Raybould', 'Carina', '2012-03-23', 2147483647, 'VP Sales'),
(505, 'Prisley', 'Ronni', '2013-01-17', 2147483647, 'Graphic Designer'),
(506, 'Sheaber', 'Patrizius', '2015-12-13', 2147483647, 'Community Outreach Specialist'),
(507, 'Cuthill', 'Genovera', '2007-11-08', 2147483647, 'Sales Associate'),
(508, 'Dugdale', 'Janos', '2009-09-28', 2147483647, 'Paralegal'),
(509, 'McMennum', 'Ayn', '2009-04-12', 2147483647, 'VP Sales'),
(510, 'Jefford', 'Marline', '2022-10-23', 2147483647, 'Product Engineer'),
(511, 'Ravenscroft', 'Helena', '2019-11-14', 2147483647, 'Associate Professor'),
(512, 'Hartless', 'Grove', '2019-03-04', 2147483647, 'Human Resources Assistant IV'),
(513, 'Cottem', 'Mechelle', '2008-02-15', 2147483647, 'Data Coordiator'),
(514, 'Wrought', 'Hagan', '2020-09-15', 2147483647, 'Junior Executive'),
(515, 'Jope', 'Ramonda', '2016-03-13', 1955616245, 'Marketing Manager'),
(516, 'Lidden', 'Denise', '2017-08-31', 2147483647, 'Senior Developer'),
(517, 'Drinnan', 'Honor', '2016-08-06', 1437933930, 'Help Desk Operator'),
(518, 'Antuk', 'Lothario', '2005-07-13', 2147483647, 'Environmental Tech'),
(519, 'Weedenburg', 'Miller', '2017-04-08', 2147483647, 'Statistician II'),
(520, 'Shallow', 'Kylynn', '2012-03-26', 2147483647, 'Registered Nurse'),
(521, 'Mechell', 'Clayton', '2012-09-12', 2147483647, 'Administrative Assistant II'),
(522, 'Moss', 'Nichols', '2022-04-07', 2147483647, 'Clinical Specialist'),
(523, 'Laffoley-Lane', 'Codi', '2013-11-13', 2147483647, 'Geologist III'),
(524, 'Fyndon', 'Bobette', '2014-12-27', 2147483647, 'Clinical Specialist'),
(525, 'Simond', 'Yolanda', '2009-06-28', 2147483647, 'Compensation Analyst'),
(526, 'Yoell', 'Marquita', '2013-04-04', 2147483647, 'Analog Circuit Design manager'),
(527, 'Disley', 'Bil', '2015-04-09', 2147483647, 'Financial Advisor'),
(528, 'Durram', 'Filbert', '2009-12-21', 2147483647, 'Physical Therapy Assistant'),
(529, 'Juszkiewicz', 'Katherine', '2015-08-05', 2147483647, 'Web Designer II'),
(530, 'Dragon', 'Tallulah', '2006-09-23', 2147483647, 'Pharmacist'),
(531, 'Paliser', 'Winifred', '2018-09-04', 2147483647, 'Pharmacist'),
(532, 'Bolletti', 'Catherine', '2021-05-24', 2147483647, 'GIS Technical Architect'),
(533, 'McAusland', 'Richie', '2008-02-01', 2147483647, 'Paralegal'),
(534, 'Boshier', 'Rubi', '2015-01-27', 2147483647, 'Tax Accountant'),
(535, 'Dreus', 'Morgen', '2020-02-09', 2147483647, 'Product Engineer'),
(536, 'Birdseye', 'Jeramie', '2022-09-18', 2147483647, 'Nuclear Power Engineer'),
(537, 'Neward', 'Deonne', '2013-06-25', 2147483647, 'Software Test Engineer III'),
(538, 'Theuff', 'Town', '2020-02-04', 1053831856, 'Food Chemist'),
(539, 'Malcolmson', 'Alanna', '2007-01-08', 2147483647, 'Librarian'),
(540, 'Yakutin', 'Isiahi', '2015-01-15', 2147483647, 'Nurse'),
(541, 'Vesco', 'Haily', '2011-10-31', 2147483647, 'VP Marketing'),
(542, 'Wragg', 'Gusella', '2021-06-22', 2147483647, 'Marketing Assistant'),
(543, 'Lambotin', 'Garv', '2005-03-09', 2147483647, 'Quality Control Specialist'),
(544, 'Castro', 'Vanessa', '2015-07-03', 1809814137, 'Account Representative II'),
(545, 'Muckian', 'Tallulah', '2020-01-18', 2105938690, 'Geologist II'),
(546, 'Rediers', 'Russell', '2011-03-29', 2147483647, 'Community Outreach Specialist'),
(547, 'Leadbetter', 'Buck', '2020-10-13', 2147483647, 'Geologist II'),
(548, 'Caven', 'Arne', '2017-07-16', 1786787187, 'Internal Auditor'),
(549, 'Francke', 'Brina', '2016-01-14', 2147483647, 'Senior Sales Associate'),
(550, 'Hudel', 'Clem', '2021-09-04', 2147483647, 'Nurse'),
(551, 'Churchard', 'Kandace', '2019-05-01', 2147483647, 'Marketing Manager'),
(552, 'Frankham', 'Eleanore', '2010-12-30', 2147483647, 'Speech Pathologist'),
(553, 'Coplestone', 'Starlin', '2019-05-08', 2147483647, 'Assistant Manager'),
(554, 'Blunsen', 'Larina', '2011-03-04', 2147483647, 'Software Engineer III'),
(555, 'Cockman', 'Fonzie', '2019-05-09', 1963519305, 'Chemical Engineer'),
(556, 'Mebs', 'Grove', '2005-06-13', 2147483647, 'Senior Financial Analyst'),
(557, 'New', 'Tracey', '2018-12-10', 2147483647, 'Staff Scientist'),
(558, 'Emms', 'Sergent', '2011-11-11', 2147483647, 'Software Engineer I'),
(559, 'Iacofo', 'Natassia', '2018-12-28', 2147483647, 'Chemical Engineer'),
(560, 'Del Castello', 'Koralle', '2020-02-05', 1312141376, 'Editor'),
(561, 'Ellicombe', 'Janetta', '2008-08-20', 2147483647, 'Staff Scientist'),
(562, 'Doley', 'Beniamino', '2008-08-14', 2147483647, 'Paralegal'),
(563, 'Beernaert', 'Carola', '2010-07-04', 1911351693, 'Nuclear Power Engineer'),
(564, 'Macauley', 'Munroe', '2012-08-24', 2147483647, 'Budget/Accounting Analyst III'),
(565, 'O\'Cannan', 'Renaud', '2008-09-15', 2147483647, 'Human Resources Assistant III'),
(566, 'Skuce', 'Jeanie', '2014-08-31', 2147483647, 'Registered Nurse'),
(567, 'Reynault', 'Marlena', '2006-04-02', 2147483647, 'Account Executive'),
(568, 'Hancill', 'Bernie', '2015-03-16', 2080159062, 'Director of Sales'),
(569, 'Duffyn', 'Anstice', '2015-10-19', 2147483647, 'Marketing Assistant'),
(570, 'Fullard', 'Kippy', '2021-06-01', 1178296129, 'Account Coordinator'),
(571, 'Rivalland', 'Job', '2016-01-06', 2147483647, 'Project Manager'),
(572, 'Dockrill', 'Riley', '2019-08-08', 2147483647, 'Nuclear Power Engineer'),
(573, 'Slograve', 'Urban', '2021-03-02', 1498980351, 'Analog Circuit Design manager'),
(574, 'Goodger', 'Bennie', '2006-11-05', 2147483647, 'Cost Accountant'),
(575, 'Minerdo', 'Carlye', '2009-06-20', 2147483647, 'Payment Adjustment Coordinator'),
(576, 'Diano', 'Mark', '2017-10-09', 2147483647, 'Human Resources Assistant IV'),
(577, 'Worrall', 'Ashlie', '2016-08-11', 2147483647, 'Safety Technician II'),
(578, 'Doyley', 'Bertina', '2016-07-02', 1803245039, 'Recruiter'),
(579, 'Guerrieri', 'Lark', '2022-01-03', 2147483647, 'Business Systems Development Analyst'),
(580, 'Mustarde', 'Beverie', '2015-12-25', 2147483647, 'Account Executive'),
(581, 'Spellsworth', 'Gerhardt', '2008-11-16', 2147483647, 'Financial Advisor'),
(582, 'Terrett', 'Genni', '2011-06-19', 2147483647, 'Help Desk Operator'),
(583, 'Drable', 'Elyse', '2016-05-03', 2147483647, 'Physical Therapy Assistant'),
(584, 'Mahaddy', 'Zared', '2007-07-02', 2147483647, 'Marketing Manager'),
(585, 'Mose', 'Philippa', '2017-01-02', 2147483647, 'Software Engineer III'),
(586, 'Antonoczyk', 'Gisella', '2006-10-25', 2147483647, 'Senior Cost Accountant'),
(587, 'Yard', 'Livia', '2006-10-07', 2147483647, 'Account Representative III'),
(588, 'Dast', 'Clayton', '2015-09-18', 2147483647, 'Legal Assistant'),
(589, 'Caulton', 'Greggory', '2008-04-26', 2147483647, 'Occupational Therapist'),
(590, 'Carden', 'Franky', '2011-11-13', 2147483647, 'Account Representative III'),
(591, 'Sline', 'Cornelle', '2009-07-21', 2147483647, 'Senior Cost Accountant'),
(592, 'Dreghorn', 'Rosemonde', '2019-04-02', 1215568052, 'VP Quality Control'),
(593, 'Sebright', 'Vladamir', '2014-09-08', 2147483647, 'Developer IV'),
(594, 'Foran', 'Talyah', '2007-12-07', 2147483647, 'VP Product Management'),
(595, 'Errey', 'Jarrett', '2016-11-24', 1947987652, 'Librarian'),
(596, 'Lorrie', 'Robina', '2013-06-26', 2147483647, 'Product Engineer'),
(597, 'Baignard', 'Camila', '2014-01-30', 2147483647, 'Actuary'),
(598, 'Dorrell', 'Niel', '2006-12-09', 2147483647, 'Statistician I'),
(599, 'Falvey', 'Derril', '2020-07-17', 2147483647, 'Electrical Engineer'),
(600, 'Whye', 'Madel', '2006-11-08', 2147483647, 'Software Consultant'),
(601, 'Warin', 'Alberik', '2017-04-17', 2147483647, 'General Manager'),
(602, 'Mumbray', 'Laina', '2010-11-25', 2147483647, 'Accounting Assistant III'),
(603, 'Hexter', 'Roma', '2016-12-22', 2147483647, 'Dental Hygienist'),
(604, 'Torbet', 'Theodor', '2020-06-23', 2147483647, 'Statistician I'),
(605, 'Wallwood', 'Delly', '2012-08-02', 2147483647, 'Human Resources Assistant II'),
(606, 'Chartman', 'Lavinia', '2007-10-05', 2147483647, 'Software Test Engineer III'),
(607, 'Swaffer', 'Eddy', '2022-08-30', 2147483647, 'Administrative Officer'),
(608, 'Buxy', 'Collete', '2013-03-24', 2147483647, 'Media Manager I'),
(609, 'Harg', 'Caryn', '2008-07-08', 2147483647, 'Analog Circuit Design manager'),
(610, 'Raynard', 'Isabeau', '2007-04-29', 2147483647, 'Office Assistant I'),
(611, 'Scurr', 'Mina', '2005-05-14', 2147483647, 'Clinical Specialist'),
(612, 'Raggatt', 'Merla', '2022-02-08', 2147483647, 'Paralegal'),
(613, 'Inchley', 'Dag', '2018-08-24', 2147483647, 'VP Product Management'),
(614, 'Frankum', 'Rog', '2009-11-29', 2147483647, 'Software Test Engineer IV'),
(615, 'Kinvan', 'Adrian', '2009-05-18', 2147483647, 'Nuclear Power Engineer'),
(616, 'Roll', 'Curtis', '2020-12-13', 2147483647, 'Programmer Analyst II'),
(617, 'De Clairmont', 'Frannie', '2009-06-11', 2147483647, 'Structural Engineer'),
(618, 'Harhoff', 'Octavius', '2011-06-22', 2147483647, 'Statistician I'),
(619, 'Wike', 'Correna', '2018-08-03', 2147483647, 'Account Coordinator'),
(620, 'Tolley', 'Georgine', '2018-03-09', 1232028132, 'Accountant I'),
(621, 'Enrrico', 'Annemarie', '2011-10-05', 2147483647, 'Statistician I'),
(622, 'Hurlestone', 'Aksel', '2022-04-17', 2147483647, 'Web Developer III'),
(623, 'Dmisek', 'Francene', '2007-07-23', 2147483647, 'Human Resources Assistant I'),
(624, 'Mertsching', 'Sylvia', '2008-04-29', 2147483647, 'Social Worker'),
(625, 'Pandie', 'Gifford', '2014-09-28', 2147483647, 'Safety Technician III'),
(626, 'Marklund', 'Johnath', '2020-10-10', 2147483647, 'Structural Engineer'),
(627, 'Pallasch', 'Nalani', '2019-05-05', 2147483647, 'Geological Engineer'),
(628, 'Carter', 'Hughie', '2013-07-25', 2144025384, 'Biostatistician IV'),
(629, 'Mustchin', 'Jo', '2018-12-18', 1182433754, 'Computer Systems Analyst III'),
(630, 'Weddup', 'Bambi', '2006-12-28', 2147483647, 'Legal Assistant'),
(631, 'Kondratenya', 'Elinor', '2008-01-10', 2147483647, 'Mechanical Systems Engineer'),
(632, 'Collopy', 'Lindy', '2012-12-12', 2147483647, 'Administrative Assistant II'),
(633, 'Shellsheere', 'Rip', '2016-09-07', 2147483647, 'Accountant III'),
(634, 'Wallbridge', 'Lucine', '2020-06-16', 2147483647, 'Data Coordiator'),
(635, 'Petzold', 'Elbertine', '2011-08-12', 2147483647, 'Product Engineer'),
(636, 'Royall', 'Georgeta', '2010-12-11', 2147483647, 'Electrical Engineer'),
(637, 'Chaudhry', 'Wenonah', '2012-03-05', 2147483647, 'Analyst Programmer'),
(638, 'Elmhirst', 'Rafi', '2016-03-29', 2147483647, 'Analyst Programmer'),
(639, 'Surgey', 'Sly', '2014-11-23', 2147483647, 'Librarian'),
(640, 'Prickett', 'Hayden', '2010-12-01', 2147483647, 'Database Administrator II'),
(641, 'Pattle', 'Elita', '2011-11-09', 2147483647, 'Administrative Officer'),
(642, 'Chaikovski', 'Shantee', '2008-11-13', 2147483647, 'Internal Auditor'),
(643, 'Hiley', 'Daron', '2013-05-24', 2147483647, 'Account Executive'),
(644, 'Caban', 'Cirstoforo', '2011-03-16', 2147483647, 'Information Systems Manager'),
(645, 'McCuaig', 'Emlen', '2015-07-22', 2147483647, 'Web Designer II'),
(646, 'Giannasi', 'Guilbert', '2018-08-04', 2147483647, 'Product Engineer'),
(647, 'Riolfo', 'Rutherford', '2009-01-18', 1593844170, 'Marketing Assistant'),
(648, 'Quested', 'Wells', '2021-03-09', 2147483647, 'Director of Sales'),
(649, 'Livezley', 'Gery', '2012-03-11', 2147483647, 'Actuary'),
(650, 'Harmes', 'Aviva', '2009-08-10', 2147483647, 'Account Executive'),
(651, 'Pegden', 'Emmi', '2019-01-04', 2147483647, 'Sales Representative'),
(652, 'Glozman', 'Lorrin', '2005-08-11', 2147483647, 'Community Outreach Specialist'),
(653, 'Kiggel', 'Luther', '2020-09-03', 2147483647, 'Office Assistant II'),
(654, 'Hawkswood', 'Grady', '2021-06-06', 1366305726, 'Payment Adjustment Coordinator'),
(655, 'Achrameev', 'Janeta', '2006-08-18', 2147483647, 'Account Coordinator'),
(656, 'Zamora', 'Dame', '2021-12-23', 2147483647, 'Human Resources Assistant I'),
(657, 'Heiss', 'Cynthy', '2015-10-11', 2147483647, 'Media Manager II'),
(658, 'Bidnall', 'Quintana', '2013-02-05', 2147483647, 'Teacher'),
(659, 'Wildgoose', 'Marijn', '2017-08-19', 2147483647, 'Engineer III'),
(660, 'Pagett', 'Trina', '2009-04-02', 2147483647, 'Quality Engineer'),
(661, 'Dugald', 'Reese', '2011-07-30', 2147483647, 'Programmer III'),
(662, 'Keaton', 'Stanislas', '2012-01-06', 2147483647, 'Staff Scientist'),
(663, 'Livingston', 'Carmita', '2008-04-12', 2147483647, 'Operator'),
(664, 'Piwall', 'Norton', '2008-04-06', 2147483647, 'Senior Financial Analyst'),
(665, 'Peron', 'Laurette', '2014-03-02', 2147483647, 'Account Representative III'),
(666, 'Licas', 'Richardo', '2005-10-18', 2147483647, 'Nuclear Power Engineer'),
(667, 'Jeves', 'Frederick', '2021-07-16', 2147483647, 'Nurse Practicioner'),
(668, 'Dossettor', 'Linoel', '2013-01-13', 2147483647, 'Developer II'),
(669, 'McCaughey', 'Casandra', '2010-08-21', 2147483647, 'Internal Auditor'),
(670, 'Silverwood', 'Carie', '2015-04-23', 2147483647, 'Librarian'),
(671, 'Phizackarley', 'Christoper', '2016-09-10', 2147483647, 'Geological Engineer'),
(672, 'Jenkerson', 'Ardis', '2009-12-17', 2147483647, 'Research Nurse'),
(673, 'Beebe', 'Vikky', '2020-07-23', 2147483647, 'Design Engineer');
INSERT INTO `nauczyciele` (`idnauczyciela`, `Nazwisko`, `Imie`, `DataUrodzenia`, `Nip`, `Tytul`) VALUES
(674, 'Maillard', 'Rafaellle', '2015-02-11', 2147483647, 'Geological Engineer'),
(675, 'Lawtey', 'Derron', '2017-01-26', 1120251446, 'Senior Editor'),
(676, 'Fantonetti', 'Melisande', '2009-10-02', 2147483647, 'Professor'),
(677, 'Clandillon', 'Tabbie', '2010-12-26', 2147483647, 'Developer II'),
(678, 'Engelbrecht', 'Florri', '2005-10-25', 2147483647, 'Web Developer I'),
(679, 'Amiable', 'Isadore', '2007-07-30', 2147483647, 'Legal Assistant'),
(680, 'Paffitt', 'Demetri', '2020-08-18', 2147483647, 'Marketing Assistant'),
(681, 'Nizard', 'Jewel', '2010-06-14', 2147483647, 'Design Engineer'),
(682, 'Struan', 'Sherlocke', '2014-08-14', 2147483647, 'Geologist I'),
(683, 'Bartoloma', 'Krissy', '2006-09-23', 2147483647, 'Registered Nurse'),
(684, 'Nouch', 'Gardener', '2014-06-27', 2147483647, 'Senior Editor'),
(685, 'Balaison', 'Agnes', '2015-02-09', 2134080680, 'Programmer Analyst III'),
(686, 'O\'Henery', 'Abigail', '2007-08-17', 2147483647, 'Quality Control Specialist'),
(687, 'Twede', 'Colman', '2006-12-09', 2147483647, 'Software Engineer II'),
(688, 'Pavitt', 'Maude', '2007-06-14', 2147483647, 'Human Resources Manager'),
(689, 'Evetts', 'Angil', '2021-11-25', 2147483647, 'Nurse Practicioner'),
(690, 'Grabban', 'Mordecai', '2015-06-14', 2147483647, 'Senior Sales Associate'),
(691, 'Akehurst', 'Madelle', '2017-12-15', 2147483647, 'Nuclear Power Engineer'),
(692, 'Leggan', 'Mortie', '2020-01-15', 1078351129, 'Software Engineer III'),
(693, 'Sustins', 'Renado', '2016-06-13', 1207483555, 'Sales Representative'),
(694, 'Daleman', 'Berkeley', '2011-01-29', 2147483647, 'Staff Accountant III'),
(695, 'Mathely', 'Maible', '2009-04-20', 2147483647, 'Clinical Specialist'),
(696, 'Mateja', 'Gothart', '2006-01-09', 2147483647, 'Recruiter'),
(697, 'Pavia', 'Robby', '2011-10-23', 1425256383, 'Senior Cost Accountant'),
(698, 'Bawme', 'Lolita', '2007-01-02', 2147483647, 'Senior Cost Accountant'),
(699, 'Slatten', 'Clevey', '2022-03-03', 2147483647, 'Chief Design Engineer'),
(700, 'Sevitt', 'Rudd', '2021-07-17', 2147483647, 'Nurse'),
(701, 'Pretsel', 'Galvin', '2016-03-15', 2147483647, 'Junior Executive'),
(702, 'Tuffey', 'Ely', '2014-08-15', 2147483647, 'Research Associate'),
(703, 'Kopje', 'Melvin', '2019-02-22', 2147483647, 'Account Executive'),
(704, 'Rix', 'Briant', '2016-06-09', 2147483647, 'Compensation Analyst'),
(705, 'Glison', 'Danette', '2020-10-24', 2147483647, 'Environmental Tech'),
(706, 'Stickley', 'Elizabeth', '2016-08-30', 2147483647, 'Help Desk Technician'),
(707, 'Dominy', 'Demott', '2022-04-24', 2147483647, 'Editor'),
(708, 'Whitehorn', 'Quill', '2011-01-15', 2147483647, 'Assistant Professor'),
(709, 'Trathan', 'Micheil', '2010-06-15', 1266477346, 'Occupational Therapist'),
(710, 'Tuohy', 'Madelon', '2008-01-29', 1241552306, 'VP Sales'),
(711, 'Waterhowse', 'Sanderson', '2010-02-11', 2147483647, 'Operator'),
(712, 'Beadman', 'Cleavland', '2013-07-27', 1009586606, 'Safety Technician III'),
(713, 'Rowatt', 'Simone', '2018-04-01', 2147483647, 'Cost Accountant'),
(714, 'Hullot', 'Kissiah', '2013-10-15', 2147483647, 'Food Chemist'),
(715, 'Artinstall', 'Joelie', '2013-07-10', 2147483647, 'Business Systems Development Analyst'),
(716, 'Langrick', 'Quill', '2020-02-02', 2147483647, 'Engineer II'),
(717, 'Carpmile', 'Adelbert', '2015-02-21', 1660884164, 'Sales Associate'),
(718, 'Coles', 'Cristal', '2005-06-10', 2147483647, 'Chief Design Engineer'),
(719, 'Hynam', 'Danella', '2013-05-29', 2147483647, 'Software Engineer III'),
(720, 'Labram', 'Harv', '2017-10-03', 2147483647, 'Analyst Programmer'),
(721, 'Alwin', 'Abraham', '2020-12-17', 2147483647, 'Sales Associate'),
(722, 'Miall', 'Violetta', '2011-07-03', 2147483647, 'Computer Systems Analyst I'),
(723, 'Adshad', 'Cordie', '2005-08-19', 2147483647, 'Project Manager'),
(724, 'Brigden', 'Bendix', '2020-08-24', 2147483647, 'Product Engineer'),
(725, 'Mallows', 'Barny', '2016-08-13', 2147483647, 'Social Worker'),
(726, 'De Gregoli', 'Bruce', '2018-08-08', 2147483647, 'Structural Engineer'),
(727, 'Thurlby', 'Sondra', '2020-07-15', 2147483647, 'Clinical Specialist'),
(728, 'Rennick', 'Gwenny', '2009-04-15', 2147483647, 'Account Coordinator'),
(729, 'Cawood', 'Dinah', '2012-03-20', 2147483647, 'Tax Accountant'),
(730, 'Clementel', 'Gabbie', '2006-12-20', 1075648241, 'VP Quality Control'),
(731, 'Osgar', 'Gabriele', '2018-05-16', 2147483647, 'Nurse Practicioner'),
(732, 'Chestney', 'Mildred', '2005-04-10', 2147483647, 'Physical Therapy Assistant'),
(733, 'Backshell', 'Ettore', '2005-04-30', 2147483647, 'Account Coordinator'),
(734, 'Wimp', 'Dion', '2022-08-04', 1796609452, 'Accountant I'),
(735, 'Dicken', 'Benedikt', '2013-09-14', 1384894954, 'Data Coordiator'),
(736, 'Luciani', 'Joice', '2018-09-05', 2147483647, 'VP Product Management'),
(737, 'Neward', 'Kira', '2015-09-25', 2147483647, 'Environmental Tech'),
(738, 'Hambrick', 'Tabbi', '2011-10-18', 2147483647, 'Business Systems Development Analyst'),
(739, 'Minci', 'Mignon', '2021-03-31', 2147483647, 'Structural Analysis Engineer'),
(740, 'Barlow', 'Marlene', '2020-01-28', 2147483647, 'Human Resources Assistant III'),
(741, 'Challice', 'Merwin', '2013-10-02', 2147483647, 'Civil Engineer'),
(742, 'Hayfield', 'Shela', '2008-01-28', 2147483647, 'Account Coordinator'),
(743, 'Girton', 'Ephrem', '2009-04-26', 2147483647, 'VP Quality Control'),
(744, 'Pawelek', 'Biddie', '2015-05-31', 2147483647, 'Software Test Engineer IV'),
(745, 'Weems', 'Stafani', '2008-05-24', 2147483647, 'Recruiting Manager'),
(746, 'Blanchette', 'Sylas', '2020-08-23', 2147483647, 'Social Worker'),
(747, 'Knell', 'Nikos', '2006-06-15', 2147483647, 'Director of Sales'),
(748, 'Brabyn', 'Emelyne', '2016-11-21', 2147483647, 'Statistician IV'),
(749, 'Krolle', 'Kattie', '2005-04-18', 2147483647, 'Physical Therapy Assistant'),
(750, 'Fursse', 'Muire', '2009-03-11', 2147483647, 'Developer I'),
(751, 'Rycraft', 'Leonora', '2009-07-03', 2093827682, 'Design Engineer'),
(752, 'Kimmince', 'Nettie', '2017-09-05', 2147483647, 'Media Manager I'),
(753, 'Giraudat', 'Janela', '2007-06-04', 2147483647, 'Recruiter'),
(754, 'Bernlin', 'Saunderson', '2014-01-31', 2044703924, 'Nurse'),
(755, 'Binning', 'Zorina', '2008-02-20', 2147483647, 'Biostatistician IV'),
(756, 'Howarth', 'Berget', '2013-12-17', 2147483647, 'Professor'),
(757, 'Reckless', 'Wallis', '2011-07-25', 1214459893, 'Food Chemist'),
(758, 'Skittles', 'Dody', '2020-05-31', 2147483647, 'VP Marketing'),
(759, 'McKeon', 'Kalle', '2016-10-24', 2147483647, 'Systems Administrator II'),
(760, 'Krout', 'Gene', '2005-08-28', 2147483647, 'Registered Nurse'),
(761, 'Ramalho', 'Bethany', '2006-02-09', 2147483647, 'Design Engineer'),
(762, 'Kinworthy', 'Augustine', '2011-07-30', 2147483647, 'Social Worker'),
(763, 'Gregolin', 'Christal', '2006-01-03', 2147483647, 'Health Coach I'),
(764, 'Rames', 'Nonah', '2013-10-19', 2147483647, 'Mechanical Systems Engineer'),
(765, 'Emilien', 'Florella', '2012-02-17', 2147483647, 'Media Manager III'),
(766, 'Barkshire', 'Mona', '2008-06-16', 2147483647, 'VP Product Management'),
(767, 'Kenrat', 'Maryanne', '2019-05-10', 2147483647, 'Professor'),
(768, 'Conisbee', 'Basil', '2022-08-16', 2147483647, 'Statistician I'),
(769, 'Stickells', 'Francisca', '2006-08-27', 2147483647, 'Physical Therapy Assistant'),
(770, 'Shorthouse', 'Cletus', '2005-03-06', 2147483647, 'Senior Sales Associate'),
(771, 'Ellum', 'Finlay', '2022-10-03', 2147483647, 'Marketing Manager'),
(772, 'Riccard', 'Godiva', '2011-11-22', 2147483647, 'Analyst Programmer'),
(773, 'Monkhouse', 'Rab', '2010-06-18', 2147483647, 'Junior Executive'),
(774, 'Leslie', 'Adrea', '2014-09-22', 2147483647, 'Accounting Assistant I'),
(775, 'McMylor', 'Jennifer', '2008-08-02', 2147483647, 'Administrative Officer'),
(776, 'Rewcassell', 'Misti', '2014-09-25', 2147483647, 'Electrical Engineer'),
(777, 'MacTerlagh', 'Flinn', '2009-10-01', 2147483647, 'Desktop Support Technician'),
(778, 'Scopham', 'My', '2016-09-28', 2147483647, 'Paralegal'),
(779, 'Blazej', 'Lorin', '2010-03-28', 1329850124, 'Quality Control Specialist'),
(780, 'Rouby', 'Zaria', '2015-06-09', 2147483647, 'Speech Pathologist'),
(781, 'Caley', 'Jolyn', '2007-07-17', 2147483647, 'Food Chemist'),
(782, 'Ragat', 'Valdemar', '2019-06-27', 2147483647, 'Geological Engineer'),
(783, 'Wolstenholme', 'Elonore', '2021-01-24', 2147483647, 'Recruiter'),
(784, 'Castillon', 'Berna', '2018-06-01', 2147483647, 'Software Test Engineer II'),
(785, 'Arsnell', 'Avril', '2012-12-01', 2147483647, 'Account Representative III'),
(786, 'Bandy', 'Jonathan', '2012-12-20', 1064163504, 'Data Coordiator'),
(787, 'Condliffe', 'Riobard', '2015-02-09', 2147483647, 'Help Desk Operator'),
(788, 'Stollberger', 'Timmy', '2013-11-26', 2147483647, 'VP Marketing'),
(789, 'Broadis', 'Blondy', '2018-12-04', 1290748951, 'Graphic Designer'),
(790, 'Twells', 'Wildon', '2006-02-19', 2147483647, 'Cost Accountant'),
(791, 'Neeson', 'Norry', '2017-03-14', 1824489000, 'Quality Engineer'),
(792, 'Karpf', 'Essie', '2012-08-30', 2147483647, 'VP Marketing'),
(793, 'Smelley', 'Val', '2014-10-09', 2147483647, 'Computer Systems Analyst I'),
(794, 'Blandamore', 'Buddy', '2011-03-06', 2147483647, 'Senior Quality Engineer'),
(795, 'Greatham', 'Luther', '2014-11-14', 2147483647, 'Marketing Manager'),
(796, 'Shiell', 'Arlie', '2005-04-28', 2147483647, 'Administrative Officer'),
(797, 'Broader', 'Flemming', '2012-04-14', 2147483647, 'Speech Pathologist'),
(798, 'Pulteneye', 'Augie', '2008-05-21', 2147483647, 'Research Assistant I'),
(799, 'Fansy', 'Marlie', '2020-10-22', 2147483647, 'Nurse'),
(800, 'Beecraft', 'Chase', '2016-02-06', 2147483647, 'Assistant Media Planner'),
(801, 'Bratcher', 'Corine', '2016-02-08', 1643825209, 'Legal Assistant'),
(802, 'McMurraya', 'Renee', '2018-07-21', 2147483647, 'GIS Technical Architect'),
(803, 'Morillas', 'Twila', '2021-05-23', 2147483647, 'Marketing Assistant'),
(804, 'Sandwick', 'Augustin', '2006-12-05', 2147483647, 'Teacher'),
(805, 'McElvogue', 'Nerti', '2014-05-03', 2147483647, 'Legal Assistant'),
(806, 'Billingham', 'Jere', '2020-01-22', 2147483647, 'VP Product Management'),
(807, 'Gradwell', 'Kellia', '2014-08-28', 2147483647, 'Editor'),
(808, 'Crame', 'Teodor', '2011-02-14', 2147483647, 'Operator'),
(809, 'Eskrigge', 'Paulita', '2014-11-21', 2147483647, 'Marketing Assistant'),
(810, 'Joddins', 'Emmye', '2017-12-02', 2147483647, 'Physical Therapy Assistant'),
(811, 'Hartil', 'Ingeberg', '2018-06-18', 2147483647, 'Biostatistician III'),
(812, 'Undy', 'Barb', '2008-09-04', 2147483647, 'Financial Analyst'),
(813, 'Tome', 'Isobel', '2016-05-17', 1078733841, 'Professor'),
(814, 'Glenfield', 'Adoree', '2015-01-12', 2147483647, 'Editor'),
(815, 'Giannazzo', 'Cordey', '2011-12-07', 1232819017, 'Human Resources Assistant III'),
(816, 'McMaster', 'Tara', '2014-11-29', 1274148976, 'Geologist III'),
(817, 'Feldheim', 'Feodor', '2010-01-27', 2147483647, 'Librarian'),
(818, 'Labitt', 'Raffarty', '2018-05-20', 2147483647, 'Project Manager'),
(819, 'Hounson', 'Bradley', '2006-10-28', 2147483647, 'Administrative Officer'),
(820, 'Dowding', 'Grazia', '2010-06-08', 2147483647, 'Developer II'),
(821, 'Ibel', 'Cheston', '2009-10-05', 2147483647, 'Operator'),
(822, 'Yitzovitz', 'Lothaire', '2012-01-23', 2147483647, 'Project Manager'),
(823, 'Cafe', 'Bernette', '2006-12-06', 1989307912, 'Clinical Specialist'),
(824, 'Ramstead', 'Claudell', '2015-05-18', 2147483647, 'Developer II'),
(825, 'Winsborrow', 'Fulvia', '2021-04-06', 2147483647, 'Accounting Assistant II'),
(826, 'Cortes', 'Portie', '2005-10-10', 2147483647, 'Data Coordiator'),
(827, 'Raspin', 'Murdoch', '2019-08-24', 2147483647, 'Staff Scientist'),
(828, 'Gundry', 'Jennilee', '2007-09-26', 2147483647, 'Editor'),
(829, 'Chieco', 'Felicdad', '2015-06-25', 2147483647, 'Desktop Support Technician'),
(830, 'Kidsley', 'Dasha', '2014-09-13', 1385112084, 'Account Coordinator'),
(831, 'Gollop', 'Weidar', '2007-07-03', 2147483647, 'Biostatistician II'),
(832, 'Dunstall', 'Laryssa', '2016-06-26', 2147483647, 'Web Designer IV'),
(833, 'Rye', 'Corabella', '2020-01-20', 2147483647, 'Web Developer III'),
(834, 'Rabat', 'Jana', '2021-11-12', 2124266761, 'Pharmacist'),
(835, 'Jost', 'Frannie', '2019-05-12', 2147483647, 'Project Manager'),
(836, 'Kellock', 'Belva', '2009-06-04', 2147483647, 'Senior Financial Analyst'),
(837, 'Butcher', 'Marylinda', '2015-11-24', 2147483647, 'Desktop Support Technician'),
(838, 'Bellin', 'Dody', '2015-10-09', 2147483647, 'Geologist III'),
(839, 'Witton', 'Kate', '2015-04-27', 2147483647, 'Occupational Therapist'),
(840, 'Amiable', 'Mikol', '2007-02-11', 2147483647, 'Pharmacist'),
(841, 'Basilone', 'Truda', '2011-09-10', 1310257535, 'Programmer III'),
(842, 'Busek', 'Darcy', '2012-01-01', 2147483647, 'Help Desk Technician'),
(843, 'Chasmoor', 'Carmelina', '2008-11-03', 2147483647, 'Account Executive'),
(844, 'Minney', 'Buiron', '2021-06-12', 2147483647, 'Senior Editor'),
(845, 'Baron', 'Kelsey', '2010-09-10', 2147483647, 'VP Quality Control'),
(846, 'Avrahamian', 'Bartholemy', '2012-09-12', 2147483647, 'Technical Writer'),
(847, 'Ludovici', 'Geno', '2016-10-25', 2147483647, 'Help Desk Technician'),
(848, 'Teresa', 'Valenka', '2021-07-08', 2147483647, 'Analyst Programmer'),
(849, 'Bootyman', 'Kirstyn', '2019-04-28', 2147483647, 'Clinical Specialist'),
(850, 'Bullin', 'Brigg', '2014-10-15', 2147483647, 'Structural Analysis Engineer'),
(851, 'Dunge', 'Lindsey', '2019-09-12', 2147483647, 'Quality Control Specialist'),
(852, 'Berfoot', 'Maud', '2016-03-05', 1661658074, 'VP Marketing'),
(853, 'MacGaughey', 'Hayley', '2007-05-25', 2147483647, 'Speech Pathologist'),
(854, 'Whetton', 'Lani', '2021-08-06', 2147483647, 'Software Consultant'),
(855, 'Ponter', 'Vernon', '2014-08-24', 2147483647, 'Physical Therapy Assistant'),
(856, 'Diffley', 'Tasia', '2013-06-09', 2147483647, 'Marketing Manager'),
(857, 'Blurton', 'Pietrek', '2008-08-12', 2118837201, 'Account Coordinator'),
(858, 'Garfath', 'Griselda', '2017-10-20', 1814561730, 'Graphic Designer'),
(859, 'Tippett', 'Christyna', '2012-03-20', 2147483647, 'Senior Editor'),
(860, 'Gayler', 'Pegeen', '2006-02-25', 2147483647, 'Quality Engineer'),
(861, 'Joselevitz', 'Arly', '2022-04-06', 2147483647, 'Paralegal'),
(862, 'Bonnaire', 'Chester', '2011-12-04', 2147483647, 'Senior Quality Engineer'),
(863, 'Chard', 'Maggie', '2009-10-15', 2147483647, 'Software Engineer IV'),
(864, 'Gamett', 'Thaxter', '2005-07-29', 2147483647, 'Physical Therapy Assistant'),
(865, 'Berecloth', 'Brittney', '2017-06-24', 1416777310, 'Sales Associate'),
(866, 'Antuk', 'Cher', '2005-11-16', 2147483647, 'Tax Accountant'),
(867, 'Sellers', 'Kristen', '2010-12-03', 2147483647, 'Senior Editor'),
(868, 'Padberry', 'Sheila', '2007-04-23', 2147483647, 'Environmental Tech'),
(869, 'Jacquemard', 'Dana', '2019-08-10', 2147483647, 'Account Coordinator'),
(870, 'Kliment', 'Brion', '2009-07-29', 1916230131, 'Senior Financial Analyst'),
(871, 'Cosser', 'Gwenette', '2015-02-02', 1892487892, 'Design Engineer'),
(872, 'Tallon', 'Cart', '2016-07-15', 2147483647, 'Automation Specialist II'),
(873, 'Annetts', 'Johannes', '2021-02-27', 2147483647, 'VP Accounting'),
(874, 'Ferraraccio', 'Ludvig', '2022-05-15', 2147483647, 'Environmental Specialist'),
(875, 'Mates', 'Romonda', '2010-10-23', 1694154340, 'Actuary'),
(876, 'Petrelli', 'Bernardina', '2013-12-13', 2147483647, 'Media Manager IV'),
(877, 'Di Roberto', 'Loria', '2008-12-12', 2147483647, 'VP Quality Control'),
(878, 'Enderlein', 'Roley', '2007-11-04', 2147483647, 'Research Nurse'),
(879, 'Bricklebank', 'Chickie', '2007-06-20', 2147483647, 'Analyst Programmer'),
(880, 'McKeran', 'Jan', '2011-10-03', 2147483647, 'Automation Specialist III'),
(881, 'De Giovanni', 'Karl', '2005-10-17', 2147483647, 'Design Engineer'),
(882, 'Okker', 'Tessi', '2011-06-06', 1377547947, 'Clinical Specialist'),
(883, 'Ondrousek', 'Ileana', '2017-12-02', 1781018659, 'Software Test Engineer II'),
(884, 'Middell', 'Maryjo', '2007-05-18', 2147483647, 'Software Consultant'),
(885, 'McMichael', 'Joshuah', '2019-05-09', 2072580025, 'Social Worker'),
(886, 'Ivers', 'Alvin', '2005-12-15', 2147483647, 'Business Systems Development Analyst'),
(887, 'Carik', 'Cassi', '2022-10-21', 2147483647, 'Statistician III'),
(888, 'Ariss', 'Floris', '2019-08-02', 2147483647, 'Quality Control Specialist'),
(889, 'Skoate', 'Arlene', '2007-02-04', 2147483647, 'Account Representative IV'),
(890, 'Stagg', 'Agneta', '2014-01-12', 2147483647, 'Health Coach III'),
(891, 'Broadstock', 'Gradey', '2017-08-28', 2147483647, 'Automation Specialist IV'),
(892, 'Gore', 'Lorettalorna', '2013-05-03', 2147483647, 'Compensation Analyst'),
(893, 'Haggas', 'Constantia', '2014-12-30', 2147483647, 'Payment Adjustment Coordinator'),
(894, 'DelaField', 'Clive', '2006-05-13', 2147483647, 'Actuary'),
(895, 'Scowen', 'Gussie', '2011-01-02', 2147483647, 'Administrative Officer'),
(896, 'Fieldstone', 'Garnette', '2009-10-11', 2147483647, 'Database Administrator IV'),
(897, 'Gheorghe', 'Jonis', '2016-10-28', 2147483647, 'Accountant IV'),
(898, 'Bessey', 'Hort', '2021-04-30', 2147483647, 'Nurse Practicioner'),
(899, 'Rominov', 'Thibaut', '2019-11-21', 1092266535, 'Software Engineer IV'),
(900, 'Say', 'Emogene', '2012-06-20', 2147483647, 'Civil Engineer'),
(901, 'Oxby', 'Amos', '2005-10-04', 2147483647, 'Marketing Assistant'),
(902, 'Willimott', 'Jan', '2012-05-27', 2147483647, 'Marketing Manager'),
(903, 'Thurgood', 'Mortimer', '2022-08-20', 1206715380, 'Electrical Engineer'),
(904, 'Orchart', 'Laurent', '2018-08-28', 2147483647, 'Civil Engineer'),
(905, 'Kermode', 'Eda', '2013-12-01', 2147483647, 'Financial Advisor'),
(906, 'Bolland', 'Miran', '2022-09-09', 2147483647, 'Account Representative II'),
(907, 'Noulton', 'Cathrine', '2005-04-27', 2147483647, 'Business Systems Development Analyst'),
(908, 'Siddeley', 'Findley', '2005-04-11', 2147483647, 'Professor'),
(909, 'Glencros', 'Justus', '2014-09-14', 2147483647, 'Compensation Analyst'),
(910, 'Menlow', 'Lizzie', '2010-12-27', 2147483647, 'Data Coordiator'),
(911, 'Ganter', 'Kendall', '2012-02-29', 2147483647, 'Biostatistician III'),
(912, 'Basnall', 'Gussi', '2014-03-20', 2147483647, 'Associate Professor'),
(913, 'Notman', 'Brooks', '2008-11-27', 1634505927, 'Automation Specialist I'),
(914, 'Belison', 'Wendie', '2015-11-17', 2147483647, 'Operator'),
(915, 'Espinas', 'Drusi', '2015-03-11', 2147483647, 'Chief Design Engineer'),
(916, 'Pawlata', 'Laurella', '2011-08-18', 2147483647, 'Technical Writer'),
(917, 'Mardling', 'Tiebold', '2021-12-03', 2147483647, 'Clinical Specialist'),
(918, 'Brophy', 'Jane', '2018-09-24', 2147483647, 'Tax Accountant'),
(919, 'Czyz', 'Donetta', '2017-02-02', 2147483647, 'Geological Engineer'),
(920, 'Arkill', 'Berky', '2010-07-28', 2147483647, 'Senior Sales Associate'),
(921, 'Oertzen', 'Gerrilee', '2014-09-17', 2147483647, 'Information Systems Manager'),
(922, 'Mattea', 'Arluene', '2009-05-01', 2147483647, 'Sales Associate'),
(923, 'Clerke', 'See', '2008-11-01', 2147483647, 'Executive Secretary'),
(924, 'Duley', 'Quinta', '2014-05-03', 2147483647, 'Financial Advisor'),
(925, 'Petrol', 'Welsh', '2018-09-13', 2147483647, 'Cost Accountant'),
(926, 'Murdie', 'Haven', '2012-04-24', 2147483647, 'Database Administrator I'),
(927, 'MacTrustie', 'Dora', '2008-02-15', 2147483647, 'Research Associate'),
(928, 'Aronowitz', 'Chelsie', '2021-07-18', 2147483647, 'Nurse'),
(929, 'Hovenden', 'Joyann', '2009-04-29', 2147483647, 'Chief Design Engineer'),
(930, 'Quarton', 'Nona', '2021-06-07', 2147483647, 'Actuary'),
(931, 'McCrostie', 'Charles', '2009-06-27', 1772916065, 'Automation Specialist IV'),
(932, 'McTrustrie', 'Derek', '2021-07-22', 1492117206, 'Budget/Accounting Analyst III'),
(933, 'Roo', 'Pierre', '2019-10-14', 2147483647, 'Design Engineer'),
(934, 'Raynham', 'Mikey', '2008-12-23', 2147483647, 'Help Desk Technician'),
(935, 'Jennemann', 'Guillaume', '2014-12-26', 2147483647, 'Sales Representative'),
(936, 'Corteis', 'Consuelo', '2011-10-06', 2147483647, 'Payment Adjustment Coordinator'),
(937, 'Womack', 'Aylmar', '2020-10-06', 2147483647, 'Payment Adjustment Coordinator'),
(938, 'Barlass', 'Lora', '2018-03-02', 2147483647, 'Environmental Tech'),
(939, 'Josofovitz', 'Mandie', '2017-01-08', 2147483647, 'Professor'),
(940, 'Dearle-Palser', 'Ev', '2010-06-13', 1650171987, 'GIS Technical Architect'),
(941, 'Shotboulte', 'Kinna', '2018-01-22', 2078580655, 'Data Coordiator'),
(942, 'Bilson', 'Sax', '2005-09-30', 2147483647, 'Project Manager'),
(943, 'Girsch', 'Davey', '2007-05-16', 2147483647, 'Assistant Professor'),
(944, 'Greensmith', 'Stevie', '2007-08-05', 1980286084, 'Chief Design Engineer'),
(945, 'Drust', 'Adrien', '2017-12-12', 2147483647, 'Structural Analysis Engineer'),
(946, 'Bruin', 'Maximilien', '2021-01-11', 2147483647, 'Associate Professor'),
(947, 'Daville', 'Ferrell', '2014-11-06', 1971063302, 'Health Coach IV'),
(948, 'Jaggi', 'Casey', '2009-07-23', 2147483647, 'Developer III'),
(949, 'Sumpton', 'Moishe', '2007-05-04', 2147483647, 'Budget/Accounting Analyst III'),
(950, 'Brahms', 'Lorelle', '2020-09-22', 2147483647, 'Help Desk Technician'),
(951, 'O\'Sheils', 'Karna', '2007-11-15', 2147483647, 'Budget/Accounting Analyst I'),
(952, 'Hellmer', 'Martynne', '2010-07-17', 2147483647, 'Safety Technician I'),
(953, 'Shippam', 'Addy', '2014-04-28', 2147483647, 'Tax Accountant'),
(954, 'Bankes', 'Basia', '2019-05-03', 2147483647, 'Senior Quality Engineer'),
(955, 'Hembry', 'Denna', '2009-01-17', 2147483647, 'Nurse'),
(956, 'Tompkinson', 'Christiane', '2017-08-08', 2147483647, 'Account Coordinator'),
(957, 'Murdie', 'Bride', '2008-12-11', 2147483647, 'Information Systems Manager'),
(958, 'Laxen', 'Jennie', '2021-02-26', 2147483647, 'Recruiting Manager'),
(959, 'Bechley', 'Darrel', '2019-10-02', 2147483647, 'Sales Representative'),
(960, 'Reggler', 'Rafaello', '2015-01-04', 2147483647, 'Sales Associate'),
(961, 'McIndrew', 'Tally', '2006-07-17', 2147483647, 'Developer II'),
(962, 'Muselli', 'Gavin', '2012-10-20', 1708511272, 'Systems Administrator IV'),
(963, 'Beedie', 'Jsandye', '2022-04-30', 2147483647, 'Account Representative III'),
(964, 'Rodgerson', 'Ileana', '2021-08-23', 1058020571, 'Financial Analyst'),
(965, 'Leser', 'Josy', '2016-11-29', 2147483647, 'Community Outreach Specialist'),
(966, 'Broomfield', 'Jessalin', '2009-03-20', 2147483647, 'Payment Adjustment Coordinator'),
(967, 'Prendeville', 'Edy', '2020-07-25', 2147483647, 'Developer II'),
(968, 'Boeck', 'Madlin', '2006-06-02', 1328356636, 'Junior Executive'),
(969, 'Cater', 'Rosemarie', '2010-06-27', 2147483647, 'Automation Specialist IV'),
(970, 'Harlin', 'Findlay', '2015-07-18', 2147483647, 'Statistician IV'),
(971, 'Whyley', 'Harlene', '2013-09-25', 2147483647, 'Account Executive'),
(972, 'Linforth', 'Vivyan', '2013-10-21', 2147483647, 'Geological Engineer'),
(973, 'Meindl', 'Zach', '2018-10-18', 2147483647, 'Social Worker'),
(974, 'Gonzalvo', 'Peri', '2013-11-02', 2147483647, 'Nurse'),
(975, 'Helleker', 'Harald', '2020-08-23', 2147483647, 'Environmental Specialist'),
(976, 'Spinello', 'Reina', '2014-08-28', 2147483647, 'Health Coach IV'),
(977, 'Laydel', 'Corette', '2014-12-03', 1382604105, 'Programmer IV'),
(978, 'Byass', 'Reagan', '2015-01-27', 2147483647, 'Systems Administrator I'),
(979, 'Terbruggen', 'Dorrie', '2012-09-17', 2147483647, 'Pharmacist'),
(980, 'Lovemore', 'Virginia', '2015-11-25', 2147483647, 'Sales Associate'),
(981, 'Triplet', 'Salli', '2010-08-16', 2147483647, 'Electrical Engineer'),
(982, 'Loghan', 'Carmelle', '2018-08-22', 2147483647, 'Help Desk Technician'),
(983, 'Masdon', 'Lon', '2013-08-21', 2147483647, 'Structural Analysis Engineer'),
(984, 'Posselt', 'Jehu', '2017-03-04', 2147483647, 'Human Resources Manager'),
(985, 'O\'Dwyer', 'Chloette', '2013-05-26', 2147483647, 'Assistant Media Planner'),
(986, 'De Lisle', 'Ewart', '2011-08-19', 1519443986, 'Legal Assistant'),
(987, 'Palliser', 'Fawn', '2011-12-31', 2147483647, 'Business Systems Development Analyst'),
(988, 'Cowin', 'Perla', '2017-01-26', 2147483647, 'Nurse Practicioner'),
(989, 'Matous', 'Ana', '2012-03-31', 2147483647, 'Actuary'),
(990, 'Lovart', 'Elsa', '2014-05-22', 1256767842, 'Media Manager IV'),
(991, 'Rewan', 'Meriel', '2007-05-11', 2147483647, 'Executive Secretary'),
(992, 'Boys', 'Brendan', '2016-03-23', 2147483647, 'Programmer III'),
(993, 'Worcester', 'Sylas', '2012-01-01', 2147483647, 'Civil Engineer'),
(994, 'Hourahan', 'Iormina', '2005-08-05', 2147483647, 'Editor'),
(995, 'Cruces', 'Parker', '2015-01-03', 2147483647, 'VP Quality Control'),
(996, 'Carleton', 'Freda', '2020-11-17', 2147483647, 'Help Desk Technician'),
(997, 'De Vries', 'Mada', '2008-11-17', 2147483647, 'Nurse Practicioner'),
(998, 'Gribbin', 'Jack', '2016-10-31', 2147483647, 'Software Consultant'),
(999, 'Pittendreigh', 'Linnie', '2019-10-20', 2147483647, 'Help Desk Operator'),
(1000, 'Raftery', 'Morie', '2012-02-18', 2147483647, 'Account Executive');

-- --------------------------------------------------------

--
-- Struktura tabeli dla tabeli `nieobecnosci`
--

CREATE TABLE `nieobecnosci` (
  `IdNieobecnosci` int(11) NOT NULL,
  `IdUcznia` int(11) NOT NULL,
  `IdNauczyciela` int(11) NOT NULL,
  `Data` date NOT NULL,
  `Uwagi` varchar(200) NOT NULL
) ENGINE=InnoDB DEFAULT CHARSET=utf8mb4;

--
-- Zrzut danych tabeli `nieobecnosci`
--

INSERT INTO `nieobecnosci` (`IdNieobecnosci`, `IdUcznia`, `IdNauczyciela`, `Data`, `Uwagi`) VALUES
(1, 667, 316, '2019-01-18', 'Cross-platform 5th generation database'),
(2, 571, 302, '2018-12-07', 'Extended leading edge task-force'),
(3, 400, 689, '2013-09-12', 'Multi-tiered optimizing function'),
(4, 522, 747, '2012-10-16', 'Focused 4th generation paradigm'),
(5, 579, 460, '2015-04-24', 'Integrated static hardware'),
(6, 920, 619, '2016-08-30', 'Self-enabling dynamic analyzer'),
(7, 813, 424, '2015-07-03', 'Synchronised bifurcated concept'),
(8, 657, 523, '2020-11-11', 'Synergized zero administration ability'),
(9, 636, 367, '2010-02-21', 'Pre-emptive neutral methodology'),
(10, 525, 81, '2017-11-29', 'Right-sized hybrid instruction set'),
(11, 564, 237, '2013-01-18', 'Monitored tertiary Graphical User Interface'),
(12, 323, 503, '2010-03-30', 'Persevering web-enabled hardware'),
(13, 974, 856, '2008-11-07', 'Virtual 5th generation infrastructure'),
(14, 485, 614, '2021-11-26', 'Decentralized grid-enabled encryption'),
(15, 118, 876, '2011-07-12', 'Right-sized clear-thinking moderator'),
(16, 355, 818, '2011-04-20', 'Proactive bottom-line middleware'),
(17, 915, 346, '2013-04-02', 'Innovative bandwidth-monitored algorithm'),
(18, 41, 812, '2022-02-12', 'Diverse actuating hierarchy'),
(19, 666, 690, '2005-11-15', 'Centralized attitude-oriented encryption'),
(20, 436, 726, '2014-01-05', 'Digitized non-volatile implementation'),
(21, 385, 433, '2015-01-16', 'Function-based web-enabled Graphic Interface'),
(22, 134, 912, '2013-09-01', 'Focused motivating synergy'),
(23, 629, 464, '2012-02-18', 'Grass-roots tertiary customer loyalty'),
(24, 336, 250, '2014-03-19', 'Profound client-server utilisation'),
(25, 32, 363, '2008-12-27', 'Expanded modular leverage'),
(26, 636, 335, '2015-03-26', 'Cross-group mobile service-desk'),
(27, 20, 802, '2020-02-26', 'Synchronised didactic budgetary management'),
(28, 436, 559, '2016-11-18', 'Vision-oriented even-keeled core'),
(29, 22, 520, '2011-07-27', 'Open-source mission-critical instruction set'),
(30, 422, 627, '2008-11-22', 'Reverse-engineered optimal complexity'),
(31, 354, 901, '2005-08-20', 'Mandatory coherent solution'),
(32, 841, 383, '2012-10-29', 'Optional solution-oriented focus group'),
(33, 483, 857, '2009-11-19', 'Sharable incremental encoding'),
(34, 86, 37, '2019-12-23', 'Grass-roots needs-based process improvement'),
(35, 153, 330, '2018-04-28', 'Synergistic intermediate intranet'),
(36, 631, 279, '2021-01-19', 'Networked 5th generation algorithm'),
(37, 720, 350, '2013-08-11', 'Sharable 6th generation migration'),
(38, 572, 924, '2007-07-04', 'Virtual national groupware'),
(39, 494, 221, '2014-10-29', 'Balanced empowering array'),
(40, 219, 53, '2005-08-05', 'Self-enabling web-enabled info-mediaries'),
(41, 728, 397, '2010-10-14', 'Innovative hybrid algorithm'),
(42, 790, 790, '2020-02-09', 'Customizable bi-directional focus group'),
(43, 365, 886, '2009-03-13', 'Down-sized optimal migration'),
(44, 163, 430, '2016-07-27', 'Optimized regional intranet'),
(45, 349, 718, '2007-06-11', 'Virtual empowering customer loyalty'),
(46, 899, 891, '2015-05-21', 'Ameliorated value-added ability'),
(47, 723, 748, '2016-08-08', 'Triple-buffered scalable artificial intelligence'),
(48, 810, 431, '2009-09-19', 'Sharable multi-tasking website'),
(49, 304, 688, '2005-11-19', 'Organized bifurcated hardware'),
(50, 157, 616, '2017-09-12', 'Ameliorated non-volatile migration'),
(51, 841, 748, '2011-07-08', 'Robust 3rd generation contingency'),
(52, 167, 482, '2011-01-29', 'Progressive 5th generation Graphical User Interface'),
(53, 254, 234, '2011-09-30', 'Pre-emptive attitude-oriented attitude'),
(54, 612, 33, '2014-11-05', 'Proactive demand-driven customer loyalty'),
(55, 193, 732, '2008-11-09', 'Synchronised mission-critical project'),
(56, 443, 115, '2009-02-28', 'Cloned 5th generation internet solution'),
(57, 908, 858, '2006-02-28', 'Visionary dedicated definition'),
(58, 412, 502, '2013-06-22', 'Stand-alone exuding neural-net'),
(59, 252, 47, '2022-04-15', 'Multi-layered maximized neural-net'),
(60, 744, 93, '2013-10-29', 'Monitored transitional analyzer'),
(61, 265, 506, '2020-01-12', 'Innovative regional ability'),
(62, 253, 806, '2005-05-28', 'Phased system-worthy focus group'),
(63, 801, 711, '2007-09-24', 'Phased heuristic middleware'),
(64, 40, 567, '2018-08-09', 'Networked demand-driven budgetary management'),
(65, 931, 892, '2006-02-11', 'Robust 24 hour migration'),
(66, 710, 793, '2009-09-18', 'Advanced responsive structure'),
(67, 187, 447, '2016-01-06', 'Proactive interactive monitoring'),
(68, 885, 263, '2006-09-29', 'Networked full-range array'),
(69, 781, 979, '2015-05-17', 'Seamless mission-critical architecture'),
(70, 910, 60, '2016-07-15', 'Synergized attitude-oriented extranet'),
(71, 763, 630, '2019-08-06', 'Intuitive directional application'),
(72, 129, 999, '2011-06-24', 'Programmable multi-state paradigm'),
(73, 35, 607, '2014-05-22', 'Diverse grid-enabled task-force'),
(74, 544, 939, '2016-05-02', 'Adaptive systemic productivity'),
(75, 982, 874, '2014-12-27', 'Front-line client-driven circuit'),
(76, 831, 753, '2005-07-27', 'Managed stable software'),
(77, 325, 84, '2010-11-16', 'Profound systematic function'),
(78, 61, 45, '2010-06-07', 'Synergized disintermediate solution'),
(79, 719, 320, '2012-11-29', 'Compatible intangible focus group'),
(80, 126, 949, '2013-01-30', 'Streamlined motivating superstructure'),
(81, 317, 25, '2019-07-07', 'Multi-tiered 24/7 service-desk'),
(82, 18, 857, '2016-08-17', 'Front-line optimal function'),
(83, 645, 201, '2020-08-12', 'Ergonomic eco-centric neural-net'),
(84, 157, 921, '2018-12-27', 'Optional regional matrix'),
(85, 143, 35, '2012-04-25', 'Persevering solution-oriented software'),
(86, 534, 404, '2006-09-19', 'Fundamental multi-state algorithm'),
(87, 756, 968, '2010-09-13', 'Balanced cohesive installation'),
(88, 954, 544, '2015-09-20', 'Diverse fault-tolerant firmware'),
(89, 440, 718, '2010-08-29', 'Multi-lateral optimal encryption'),
(90, 466, 919, '2022-05-12', 'Decentralized global extranet'),
(91, 844, 47, '2006-06-03', 'Organic contextually-based workforce'),
(92, 204, 930, '2007-04-27', 'Multi-tiered context-sensitive complexity'),
(93, 315, 909, '2015-08-12', 'Fully-configurable static budgetary management'),
(94, 928, 228, '2005-06-15', 'Synchronised zero defect projection'),
(95, 322, 81, '2015-05-02', 'Advanced 4th generation instruction set'),
(96, 739, 956, '2008-05-26', 'Automated zero tolerance collaboration'),
(97, 65, 957, '2021-10-24', 'Re-engineered explicit approach'),
(98, 976, 531, '2010-11-11', 'De-engineered maximized application'),
(99, 279, 613, '2015-10-13', 'Front-line context-sensitive concept'),
(100, 177, 618, '2005-09-27', 'Versatile hybrid solution'),
(101, 673, 744, '2021-08-18', 'Extended non-volatile productivity'),
(102, 453, 412, '2009-08-02', 'Operative local leverage'),
(103, 758, 289, '2020-08-11', 'Persevering demand-driven solution'),
(104, 815, 741, '2012-01-17', 'Total tangible flexibility'),
(105, 673, 188, '2011-08-15', 'Sharable maximized matrix'),
(106, 534, 961, '2021-10-29', 'Team-oriented dedicated policy'),
(107, 575, 190, '2017-03-22', 'Innovative 24 hour instruction set'),
(108, 206, 655, '2014-10-15', 'Down-sized well-modulated budgetary management'),
(109, 755, 843, '2022-03-29', 'Fully-configurable client-driven database'),
(110, 632, 125, '2009-05-22', 'Cross-group bi-directional strategy'),
(111, 874, 535, '2009-07-09', 'Advanced zero administration website'),
(112, 634, 916, '2017-03-15', 'Universal tertiary firmware'),
(113, 829, 124, '2012-05-07', 'Digitized real-time conglomeration'),
(114, 475, 532, '2009-03-22', 'Grass-roots 24 hour pricing structure'),
(115, 494, 736, '2010-02-10', 'Up-sized foreground service-desk'),
(116, 297, 523, '2019-12-27', 'Assimilated user-facing matrices'),
(117, 137, 951, '2006-06-25', 'Ameliorated client-server emulation'),
(118, 994, 826, '2005-05-06', 'Enhanced discrete open architecture'),
(119, 212, 690, '2016-09-23', 'Extended scalable product'),
(120, 574, 582, '2014-10-26', 'Down-sized optimal forecast'),
(121, 280, 207, '2019-09-29', 'Devolved cohesive firmware'),
(122, 129, 329, '2006-09-28', 'Total client-driven leverage'),
(123, 445, 300, '2017-11-05', 'Down-sized composite parallelism'),
(124, 127, 93, '2019-12-27', 'Realigned eco-centric toolset'),
(125, 438, 829, '2010-12-28', 'Fundamental modular parallelism'),
(126, 373, 302, '2019-08-23', 'Right-sized leading edge attitude'),
(127, 618, 896, '2018-07-07', 'Visionary dynamic definition'),
(128, 313, 862, '2010-02-08', 'Face to face incremental analyzer'),
(129, 337, 439, '2013-09-11', 'Switchable full-range parallelism'),
(130, 981, 558, '2021-12-15', 'Adaptive responsive neural-net'),
(131, 66, 494, '2005-03-03', 'Switchable attitude-oriented knowledge base'),
(132, 135, 536, '2006-08-12', 'Front-line intermediate capacity'),
(133, 492, 164, '2014-01-09', 'Focused upward-trending matrix'),
(134, 600, 284, '2015-12-05', 'Vision-oriented optimal functionalities'),
(135, 200, 427, '2019-12-28', 'Visionary responsive product'),
(136, 286, 422, '2017-04-10', 'Programmable bi-directional matrix'),
(137, 924, 395, '2015-01-19', 'Integrated asymmetric strategy'),
(138, 129, 909, '2020-08-14', 'Automated client-server hardware'),
(139, 815, 547, '2018-10-13', 'De-engineered motivating frame'),
(140, 504, 157, '2014-08-07', 'Programmable regional moderator'),
(141, 116, 132, '2020-10-18', 'Automated zero administration forecast'),
(142, 446, 607, '2011-03-27', 'Synchronised impactful leverage'),
(143, 385, 199, '2017-03-01', 'Right-sized web-enabled benchmark'),
(144, 75, 737, '2012-09-10', 'Diverse content-based matrices'),
(145, 224, 120, '2017-02-16', 'Phased multimedia instruction set'),
(146, 850, 620, '2008-10-04', 'Profit-focused next generation array'),
(147, 392, 72, '2017-04-15', 'Upgradable fault-tolerant framework'),
(148, 36, 642, '2012-10-07', 'Ameliorated non-volatile groupware'),
(149, 638, 357, '2009-08-03', 'Re-engineered optimizing challenge'),
(150, 69, 103, '2007-06-08', 'Extended asymmetric productivity'),
(151, 240, 456, '2020-06-19', 'Phased directional installation'),
(152, 495, 709, '2017-03-28', 'Devolved directional capacity'),
(153, 925, 192, '2008-05-28', 'Reduced composite task-force'),
(154, 183, 386, '2009-12-29', 'Enhanced mobile infrastructure'),
(155, 2, 476, '2016-07-21', 'Object-based optimal interface'),
(156, 526, 883, '2021-08-28', 'Cross-group multimedia interface'),
(157, 594, 552, '2022-06-06', 'Triple-buffered national function'),
(158, 826, 229, '2018-01-07', 'Automated client-server time-frame'),
(159, 635, 996, '2008-12-03', 'Versatile foreground hierarchy'),
(160, 334, 796, '2021-06-11', 'Business-focused even-keeled function'),
(161, 799, 559, '2006-06-22', 'Pre-emptive local framework'),
(162, 684, 539, '2010-01-06', 'Switchable national core'),
(163, 800, 308, '2007-12-31', 'Polarised non-volatile intranet'),
(164, 215, 217, '2010-03-28', 'Public-key needs-based website'),
(165, 621, 614, '2010-07-09', 'Advanced attitude-oriented customer loyalty'),
(166, 378, 666, '2016-02-05', 'Inverse scalable moderator'),
(167, 422, 656, '2014-06-11', 'Synergistic contextually-based Graphical User Interface'),
(168, 532, 30, '2021-05-13', 'Virtual discrete intranet'),
(169, 496, 610, '2007-09-27', 'Expanded optimizing budgetary management'),
(170, 215, 39, '2009-06-27', 'Synchronised background moratorium'),
(171, 103, 956, '2022-09-26', 'Realigned systemic process improvement'),
(172, 909, 361, '2020-12-10', 'Networked mission-critical data-warehouse'),
(173, 227, 474, '2005-03-17', 'Synergistic high-level intranet'),
(174, 495, 62, '2017-03-19', 'Multi-tiered high-level info-mediaries'),
(175, 49, 392, '2008-10-17', 'Total modular emulation'),
(176, 210, 988, '2011-02-05', 'Enhanced stable pricing structure'),
(177, 927, 26, '2019-06-05', 'Cloned 6th generation hub'),
(178, 156, 312, '2009-05-20', 'Implemented encompassing local area network'),
(179, 529, 962, '2012-04-02', 'Realigned well-modulated service-desk'),
(180, 969, 97, '2005-05-12', 'Distributed bottom-line capacity'),
(181, 791, 568, '2013-01-02', 'Self-enabling interactive capacity'),
(182, 606, 666, '2006-12-14', 'Adaptive explicit projection'),
(183, 627, 327, '2005-12-26', 'Configurable intangible installation'),
(184, 191, 721, '2009-07-13', 'Compatible 24 hour conglomeration'),
(185, 438, 449, '2011-01-19', 'Future-proofed tertiary firmware'),
(186, 239, 808, '2019-06-10', 'Synchronised human-resource implementation'),
(187, 614, 346, '2009-03-30', 'Synchronised asynchronous local area network'),
(188, 875, 983, '2011-05-07', 'Seamless next generation open system'),
(189, 923, 84, '2019-12-28', 'Integrated zero administration analyzer'),
(190, 155, 590, '2016-06-05', 'Re-engineered upward-trending benchmark'),
(191, 160, 858, '2017-01-27', 'Polarised 4th generation emulation'),
(192, 599, 431, '2022-03-13', 'Profound executive focus group'),
(193, 208, 403, '2015-11-30', 'Up-sized directional array'),
(194, 479, 785, '2011-01-12', 'Ergonomic fault-tolerant definition'),
(195, 217, 716, '2019-01-25', 'Triple-buffered 4th generation concept'),
(196, 374, 21, '2018-11-25', 'Automated upward-trending strategy'),
(197, 981, 629, '2018-07-17', 'Open-architected real-time budgetary management'),
(198, 167, 889, '2017-05-13', 'Robust disintermediate moratorium'),
(199, 504, 25, '2007-05-22', 'Seamless uniform forecast'),
(200, 700, 297, '2020-09-08', 'Multi-lateral 6th generation internet solution'),
(201, 997, 299, '2012-03-11', 'Implemented intermediate attitude'),
(202, 515, 264, '2013-01-19', 'Multi-tiered executive project'),
(203, 396, 2, '2016-03-17', 'Sharable zero tolerance initiative'),
(204, 183, 961, '2009-01-05', 'Switchable next generation matrices'),
(205, 596, 670, '2017-10-27', 'Customizable 24/7 extranet'),
(206, 416, 67, '2009-04-12', 'Reduced coherent support'),
(207, 307, 711, '2013-05-21', 'Total heuristic conglomeration'),
(208, 971, 966, '2009-11-25', 'Reactive user-facing middleware'),
(209, 446, 198, '2011-01-01', 'Managed heuristic leverage'),
(210, 838, 272, '2021-05-15', 'Horizontal needs-based pricing structure'),
(211, 851, 425, '2011-05-04', 'Switchable user-facing encoding'),
(212, 455, 517, '2006-03-03', 'Object-based scalable ability'),
(213, 601, 268, '2017-03-02', 'Down-sized radical model'),
(214, 908, 334, '2015-06-07', 'Ergonomic uniform ability'),
(215, 335, 601, '2009-11-10', 'Synchronised next generation internet solution'),
(216, 579, 521, '2016-11-30', 'De-engineered impactful moderator'),
(217, 83, 111, '2018-09-20', 'Triple-buffered 4th generation help-desk'),
(218, 795, 945, '2010-05-15', 'Re-contextualized 6th generation hierarchy'),
(219, 686, 598, '2020-04-01', 'Balanced even-keeled knowledge user'),
(220, 432, 852, '2012-05-14', 'Organic disintermediate info-mediaries'),
(221, 393, 928, '2022-10-17', 'Object-based scalable knowledge base'),
(222, 295, 232, '2005-11-06', 'Public-key responsive structure'),
(223, 123, 519, '2006-06-26', 'Configurable explicit knowledge user'),
(224, 775, 798, '2016-01-24', 'Front-line coherent monitoring'),
(225, 674, 144, '2011-04-03', 'Fully-configurable asymmetric contingency'),
(226, 557, 404, '2015-04-18', 'Visionary incremental hardware'),
(227, 710, 737, '2018-11-23', 'Synergized heuristic synergy'),
(228, 64, 873, '2018-10-29', 'De-engineered tertiary policy'),
(229, 613, 265, '2017-05-27', 'Reactive explicit capacity'),
(230, 109, 245, '2006-05-02', 'Reverse-engineered background encoding'),
(231, 391, 573, '2005-03-21', 'Customer-focused executive conglomeration'),
(232, 872, 422, '2013-12-23', 'Business-focused national core'),
(233, 926, 893, '2014-09-29', 'Organized value-added concept'),
(234, 87, 972, '2020-01-21', 'Horizontal zero tolerance moderator'),
(235, 353, 802, '2005-12-11', 'Re-contextualized attitude-oriented policy'),
(236, 715, 437, '2012-11-13', 'Reactive executive projection'),
(237, 87, 278, '2019-06-12', 'Organic directional workforce'),
(238, 356, 924, '2021-07-31', 'Enhanced high-level collaboration'),
(239, 390, 403, '2017-06-29', 'Extended local extranet'),
(240, 544, 62, '2014-10-20', 'Reverse-engineered client-driven database'),
(241, 978, 820, '2017-08-06', 'Robust uniform contingency'),
(242, 666, 469, '2012-09-08', 'Right-sized scalable Graphical User Interface'),
(243, 861, 613, '2021-09-26', 'Triple-buffered heuristic access'),
(244, 832, 675, '2010-04-08', 'Focused context-sensitive focus group'),
(245, 106, 864, '2017-05-08', 'Function-based fresh-thinking model'),
(246, 972, 409, '2022-09-03', 'Mandatory multimedia neural-net'),
(247, 107, 119, '2005-12-02', 'Re-engineered dynamic benchmark'),
(248, 860, 598, '2017-02-11', 'Front-line stable matrices'),
(249, 712, 541, '2012-09-08', 'Profit-focused executive concept'),
(250, 616, 67, '2020-10-12', 'Quality-focused empowering installation'),
(251, 558, 780, '2013-03-05', 'Sharable multi-tasking Graphical User Interface'),
(252, 579, 413, '2020-01-30', 'Up-sized zero tolerance encryption'),
(253, 141, 810, '2018-11-08', 'Configurable responsive software'),
(254, 390, 569, '2018-11-22', 'Horizontal asynchronous moderator'),
(255, 704, 600, '2022-01-11', 'Mandatory transitional archive'),
(256, 981, 615, '2020-05-31', 'Exclusive hybrid project'),
(257, 493, 996, '2020-08-17', 'Realigned background adapter'),
(258, 43, 185, '2019-03-28', 'Balanced incremental implementation'),
(259, 388, 575, '2005-08-15', 'Stand-alone explicit initiative'),
(260, 665, 296, '2011-05-20', 'Ameliorated tertiary emulation'),
(261, 899, 541, '2011-03-15', 'Synergized background time-frame'),
(262, 216, 503, '2010-01-30', 'Optimized content-based orchestration'),
(263, 415, 631, '2021-11-20', 'Synergistic tangible support'),
(264, 47, 741, '2015-12-11', 'Horizontal analyzing core'),
(265, 269, 827, '2006-12-12', 'Streamlined impactful encoding'),
(266, 308, 663, '2008-04-04', 'Future-proofed mobile open system'),
(267, 691, 31, '2013-02-01', 'Balanced coherent projection'),
(268, 346, 811, '2018-03-26', 'Triple-buffered global conglomeration'),
(269, 81, 100, '2015-03-24', 'Focused incremental Graphical User Interface'),
(270, 940, 624, '2011-12-20', 'User-friendly coherent circuit'),
(271, 640, 612, '2005-10-28', 'Quality-focused background middleware'),
(272, 249, 727, '2021-03-03', 'Horizontal neutral flexibility'),
(273, 732, 362, '2014-08-08', 'Ergonomic optimizing Graphical User Interface'),
(274, 491, 59, '2017-12-06', 'Digitized leading edge task-force'),
(275, 26, 964, '2013-08-08', 'Public-key systematic definition'),
(276, 119, 124, '2012-12-19', 'Expanded tertiary intranet'),
(277, 58, 176, '2016-02-07', 'Virtual multimedia archive'),
(278, 213, 968, '2020-12-27', 'Optimized homogeneous parallelism'),
(279, 738, 39, '2019-09-20', 'Operative even-keeled functionalities'),
(280, 545, 750, '2006-03-30', 'Universal eco-centric adapter'),
(281, 952, 137, '2019-04-21', 'Centralized content-based Graphical User Interface'),
(282, 772, 186, '2017-06-23', 'Progressive asynchronous implementation'),
(283, 250, 215, '2021-03-06', 'Phased object-oriented task-force'),
(284, 943, 685, '2014-04-11', 'Upgradable explicit neural-net'),
(285, 503, 919, '2011-12-06', 'Devolved optimizing forecast'),
(286, 581, 741, '2015-06-21', 'Secured 24 hour complexity'),
(287, 168, 594, '2019-02-20', 'Front-line motivating installation'),
(288, 85, 651, '2009-03-10', 'Enhanced directional support'),
(289, 311, 345, '2017-01-26', 'Vision-oriented leading edge budgetary management'),
(290, 975, 821, '2005-05-19', 'Optional explicit orchestration'),
(291, 536, 345, '2017-09-21', 'User-centric analyzing challenge'),
(292, 63, 127, '2022-02-09', 'Quality-focused intangible methodology'),
(293, 983, 341, '2005-06-07', 'Synchronised exuding array'),
(294, 734, 839, '2022-02-20', 'Pre-emptive non-volatile challenge'),
(295, 719, 617, '2007-05-26', 'Fundamental transitional task-force'),
(296, 865, 700, '2018-03-03', 'Virtual multi-state database'),
(297, 395, 351, '2006-12-07', 'Streamlined 24/7 help-desk'),
(298, 194, 153, '2006-06-17', 'Centralized encompassing attitude'),
(299, 971, 757, '2011-04-14', 'Enterprise-wide fresh-thinking capacity'),
(300, 513, 389, '2020-07-05', 'Reverse-engineered zero tolerance parallelism'),
(301, 493, 462, '2014-11-06', 'Customizable explicit monitoring'),
(302, 528, 915, '2007-07-05', 'Robust full-range methodology'),
(303, 879, 627, '2022-09-15', 'Fundamental coherent alliance'),
(304, 412, 671, '2014-12-08', 'Streamlined solution-oriented implementation'),
(305, 766, 150, '2011-11-30', 'Integrated radical monitoring'),
(306, 890, 424, '2019-06-08', 'Centralized 24/7 moratorium'),
(307, 281, 632, '2007-12-21', 'User-friendly encompassing application'),
(308, 932, 74, '2015-03-26', 'Re-contextualized 3rd generation toolset'),
(309, 68, 600, '2005-10-02', 'Proactive discrete leverage'),
(310, 276, 592, '2011-08-17', 'Self-enabling background policy'),
(311, 753, 957, '2010-10-16', 'Versatile client-driven monitoring'),
(312, 308, 37, '2013-02-14', 'Switchable national complexity'),
(313, 188, 107, '2013-02-07', 'Expanded background help-desk'),
(314, 600, 362, '2020-01-01', 'Adaptive systematic task-force'),
(315, 857, 620, '2021-06-19', 'Persevering interactive protocol'),
(316, 673, 646, '2012-06-18', 'Sharable value-added implementation'),
(317, 289, 439, '2020-08-31', 'Polarised reciprocal software'),
(318, 841, 87, '2012-03-03', 'Fully-configurable high-level system engine'),
(319, 135, 702, '2019-09-17', 'Streamlined attitude-oriented productivity'),
(320, 904, 948, '2019-09-20', 'Reverse-engineered high-level access'),
(321, 379, 440, '2007-08-26', 'Stand-alone non-volatile intranet'),
(322, 594, 326, '2019-03-20', 'Cross-group 4th generation projection'),
(323, 902, 610, '2021-05-27', 'Streamlined directional time-frame'),
(324, 306, 480, '2019-07-12', 'Robust bi-directional help-desk'),
(325, 907, 929, '2008-12-30', 'Persevering attitude-oriented parallelism'),
(326, 371, 804, '2018-08-26', 'Implemented bandwidth-monitored parallelism'),
(327, 859, 207, '2013-10-21', 'Organic needs-based protocol'),
(328, 60, 589, '2017-11-06', 'Switchable secondary function'),
(329, 900, 164, '2009-05-29', 'Future-proofed dynamic attitude'),
(330, 325, 105, '2020-07-01', 'User-centric homogeneous capability'),
(331, 819, 145, '2020-02-15', 'Networked foreground framework'),
(332, 126, 543, '2009-08-02', 'Persevering multi-tasking parallelism'),
(333, 698, 8, '2018-08-27', 'Horizontal optimal moderator'),
(334, 803, 650, '2010-09-06', 'Down-sized attitude-oriented artificial intelligence'),
(335, 684, 792, '2019-10-20', 'Progressive system-worthy parallelism'),
(336, 522, 198, '2018-04-18', 'Inverse empowering Graphical User Interface'),
(337, 627, 599, '2006-02-02', 'Organic uniform methodology'),
(338, 269, 792, '2005-12-13', 'Cloned directional website'),
(339, 730, 331, '2005-06-14', 'Total bi-directional conglomeration'),
(340, 355, 60, '2020-05-08', 'Focused leading edge open system'),
(341, 82, 652, '2020-06-13', 'Sharable mobile projection'),
(342, 657, 277, '2007-03-02', 'Synchronised well-modulated algorithm'),
(343, 185, 485, '2014-11-23', 'Down-sized analyzing firmware'),
(344, 211, 252, '2015-11-10', 'Synchronised next generation hierarchy'),
(345, 362, 345, '2019-03-04', 'Reactive explicit moratorium'),
(346, 469, 905, '2013-06-20', 'Versatile reciprocal benchmark'),
(347, 77, 302, '2008-08-22', 'Quality-focused client-driven challenge'),
(348, 203, 201, '2012-01-13', 'Monitored disintermediate protocol'),
(349, 902, 945, '2011-01-28', 'Re-contextualized composite adapter'),
(350, 216, 995, '2020-07-09', 'Programmable bi-directional database'),
(351, 693, 288, '2016-02-22', 'Synchronised multimedia capacity'),
(352, 133, 117, '2019-06-13', 'Programmable optimizing artificial intelligence'),
(353, 26, 325, '2010-07-05', 'Switchable logistical strategy'),
(354, 34, 419, '2011-09-11', 'Synergistic secondary orchestration'),
(355, 657, 22, '2013-01-10', 'Implemented radical algorithm'),
(356, 827, 652, '2007-09-15', 'Decentralized contextually-based policy'),
(357, 215, 260, '2013-08-11', 'Customer-focused exuding solution'),
(358, 755, 351, '2011-03-21', 'Enterprise-wide maximized benchmark'),
(359, 919, 904, '2015-07-10', 'Intuitive zero administration portal'),
(360, 187, 758, '2009-12-25', 'Centralized intermediate capability'),
(361, 176, 853, '2016-03-13', 'Multi-lateral incremental encoding'),
(362, 592, 488, '2007-01-29', 'Monitored fresh-thinking superstructure'),
(363, 918, 160, '2006-02-05', 'Realigned mission-critical neural-net'),
(364, 870, 396, '2013-03-15', 'User-friendly responsive framework'),
(365, 31, 783, '2021-08-01', 'Synergized cohesive focus group'),
(366, 164, 46, '2017-05-22', 'Sharable zero administration time-frame'),
(367, 109, 956, '2017-06-17', 'Enhanced intangible knowledge user'),
(368, 1000, 1000, '2006-06-09', 'Stand-alone even-keeled paradigm'),
(369, 484, 310, '2008-02-15', 'Customer-focused next generation software'),
(370, 207, 590, '2019-12-05', 'Stand-alone didactic extranet'),
(371, 877, 414, '2006-03-13', 'Optional logistical framework'),
(372, 121, 811, '2007-11-17', 'Managed systemic hub'),
(373, 737, 388, '2013-09-18', 'Focused asymmetric contingency'),
(374, 551, 221, '2011-01-18', 'Ameliorated bi-directional emulation'),
(375, 671, 78, '2016-04-27', 'Multi-channelled clear-thinking infrastructure'),
(376, 192, 206, '2011-11-29', 'Operative zero tolerance approach'),
(377, 990, 193, '2011-02-19', 'Function-based background knowledge user'),
(378, 233, 951, '2009-07-21', 'Universal empowering challenge'),
(379, 883, 323, '2020-04-23', 'Synergized maximized structure'),
(380, 511, 428, '2008-02-07', 'Down-sized fresh-thinking concept'),
(381, 827, 826, '2021-08-27', 'Synergized cohesive capacity'),
(382, 356, 896, '2010-09-20', 'Triple-buffered multi-tasking solution'),
(383, 580, 852, '2022-06-19', 'Upgradable intermediate emulation'),
(384, 830, 515, '2009-05-03', 'Face to face demand-driven monitoring'),
(385, 795, 865, '2014-01-15', 'Advanced composite collaboration'),
(386, 460, 69, '2013-03-19', 'Re-contextualized global paradigm'),
(387, 763, 622, '2014-09-30', 'Robust actuating solution'),
(388, 449, 408, '2013-03-19', 'Reverse-engineered object-oriented structure'),
(389, 322, 661, '2005-03-19', 'Decentralized contextually-based flexibility'),
(390, 292, 240, '2020-11-11', 'Multi-tiered tangible knowledge base'),
(391, 88, 759, '2022-08-09', 'Expanded incremental standardization'),
(392, 576, 512, '2014-10-23', 'Future-proofed directional project'),
(393, 451, 321, '2016-08-29', 'Intuitive client-server productivity'),
(394, 408, 852, '2009-11-27', 'Balanced asymmetric capability'),
(395, 14, 77, '2022-01-20', 'Virtual client-driven matrix'),
(396, 181, 562, '2018-12-21', 'Devolved encompassing process improvement'),
(397, 544, 620, '2020-01-31', 'Realigned value-added knowledge base'),
(398, 43, 720, '2021-12-10', 'Multi-lateral needs-based circuit'),
(399, 184, 115, '2009-10-06', 'Customer-focused logistical flexibility'),
(400, 472, 368, '2018-06-03', 'Stand-alone solution-oriented support'),
(401, 936, 661, '2007-08-25', 'Reactive context-sensitive website'),
(402, 888, 587, '2021-01-14', 'Secured explicit initiative'),
(403, 293, 991, '2013-02-02', 'Ameliorated mission-critical solution'),
(404, 838, 862, '2011-11-04', 'Extended radical software'),
(405, 762, 123, '2005-05-20', 'Balanced optimizing conglomeration'),
(406, 859, 522, '2021-04-29', 'Right-sized multi-tasking workforce'),
(407, 109, 288, '2014-03-17', 'Profound 24 hour circuit'),
(408, 649, 722, '2012-04-10', 'Progressive even-keeled website'),
(409, 650, 143, '2009-05-04', 'Open-source demand-driven monitoring'),
(410, 780, 485, '2015-02-20', 'Front-line methodical utilisation'),
(411, 753, 145, '2014-08-26', 'Pre-emptive background portal'),
(412, 418, 142, '2021-02-20', 'Fully-configurable next generation focus group'),
(413, 375, 191, '2022-03-05', 'Secured system-worthy challenge'),
(414, 807, 815, '2008-04-19', 'Front-line stable architecture'),
(415, 818, 766, '2008-11-20', 'Upgradable optimal matrices'),
(416, 995, 739, '2014-02-17', 'Organic bi-directional complexity'),
(417, 949, 964, '2011-10-20', 'Universal tertiary time-frame'),
(418, 382, 21, '2006-11-19', 'Versatile coherent productivity'),
(419, 124, 669, '2021-09-10', 'Implemented methodical instruction set'),
(420, 375, 964, '2016-03-01', 'Monitored scalable standardization'),
(421, 85, 255, '2018-11-17', 'Devolved modular portal'),
(422, 759, 408, '2016-03-31', 'Integrated analyzing interface'),
(423, 609, 188, '2017-02-15', 'Future-proofed executive flexibility'),
(424, 514, 225, '2020-03-04', 'Devolved coherent internet solution'),
(425, 731, 490, '2008-02-21', 'Adaptive impactful secured line'),
(426, 191, 47, '2011-02-20', 'Object-based intermediate solution'),
(427, 764, 69, '2022-03-03', 'Programmable value-added neural-net'),
(428, 680, 22, '2021-08-11', 'Up-sized scalable structure'),
(429, 417, 989, '2012-02-20', 'Monitored client-driven help-desk'),
(430, 549, 843, '2022-08-13', 'Managed dedicated analyzer'),
(431, 957, 582, '2008-06-30', 'Team-oriented transitional middleware'),
(432, 689, 710, '2015-05-07', 'Ameliorated multimedia throughput'),
(433, 104, 51, '2015-03-11', 'Decentralized non-volatile model'),
(434, 643, 387, '2009-10-24', 'Visionary well-modulated process improvement'),
(435, 833, 497, '2012-01-09', 'Synchronised context-sensitive leverage'),
(436, 787, 516, '2005-03-10', 'Centralized national support'),
(437, 681, 94, '2019-07-17', 'Reverse-engineered interactive concept'),
(438, 75, 640, '2019-05-10', 'Persevering fresh-thinking neural-net'),
(439, 576, 538, '2022-04-02', 'User-friendly value-added moderator'),
(440, 641, 794, '2005-03-17', 'Adaptive incremental application'),
(441, 370, 733, '2005-11-13', 'Robust solution-oriented open architecture'),
(442, 354, 648, '2017-03-24', 'Automated intangible analyzer'),
(443, 782, 635, '2021-06-07', 'Synergized actuating moderator'),
(444, 366, 216, '2011-07-28', 'Sharable context-sensitive projection'),
(445, 202, 83, '2013-08-23', 'Multi-channelled fresh-thinking concept'),
(446, 985, 871, '2016-02-14', 'Cloned mobile neural-net'),
(447, 478, 320, '2011-07-15', 'Switchable client-driven database'),
(448, 491, 92, '2021-10-03', 'Managed optimizing alliance'),
(449, 328, 433, '2017-08-11', 'Multi-lateral static access'),
(450, 489, 315, '2022-09-09', 'Compatible hybrid website'),
(451, 545, 267, '2006-12-21', 'Synchronised asymmetric hub'),
(452, 525, 909, '2007-06-12', 'Cloned well-modulated analyzer'),
(453, 297, 462, '2018-09-27', 'Multi-lateral attitude-oriented hierarchy'),
(454, 263, 835, '2007-05-15', 'Networked foreground utilisation'),
(455, 471, 325, '2014-03-20', 'Managed fresh-thinking middleware'),
(456, 297, 37, '2013-05-23', 'Reactive coherent service-desk'),
(457, 344, 649, '2018-11-22', 'Centralized upward-trending approach'),
(458, 11, 305, '2017-03-06', 'Multi-layered didactic workforce'),
(459, 676, 541, '2020-09-28', 'Synergistic explicit archive'),
(460, 246, 935, '2007-07-07', 'Organic radical capability'),
(461, 317, 357, '2010-08-19', 'Programmable multi-state project'),
(462, 143, 940, '2006-09-30', 'Down-sized non-volatile database'),
(463, 89, 671, '2018-09-10', 'Cross-group regional contingency'),
(464, 581, 677, '2013-08-03', 'Persevering neutral policy'),
(465, 547, 844, '2014-10-04', 'Ameliorated object-oriented definition'),
(466, 91, 274, '2017-12-13', 'Profit-focused bifurcated hierarchy'),
(467, 63, 284, '2009-01-19', 'Adaptive disintermediate alliance'),
(468, 840, 258, '2011-06-19', 'Customizable bottom-line task-force'),
(469, 922, 548, '2017-01-27', 'Automated eco-centric protocol'),
(470, 520, 555, '2022-08-24', 'Public-key motivating customer loyalty'),
(471, 225, 650, '2017-03-16', 'Upgradable optimizing budgetary management'),
(472, 27, 606, '2009-08-20', 'Multi-lateral fresh-thinking knowledge user'),
(473, 859, 596, '2014-06-19', 'Robust zero administration synergy'),
(474, 327, 279, '2009-12-13', 'Optimized explicit infrastructure'),
(475, 625, 657, '2009-04-30', 'Innovative systematic product'),
(476, 173, 74, '2015-04-16', 'De-engineered 6th generation extranet'),
(477, 403, 505, '2007-08-01', 'Enterprise-wide local conglomeration'),
(478, 136, 59, '2006-09-10', 'Cross-platform 6th generation help-desk'),
(479, 921, 799, '2007-04-30', 'Enhanced value-added hierarchy'),
(480, 742, 935, '2014-12-04', 'Multi-channelled incremental knowledge user'),
(481, 34, 27, '2009-07-08', 'Persistent multi-tasking structure'),
(482, 265, 121, '2015-05-25', 'Enterprise-wide bi-directional core'),
(483, 545, 166, '2010-03-20', 'Seamless logistical firmware'),
(484, 26, 944, '2017-05-22', 'Persevering uniform matrices'),
(485, 789, 316, '2007-01-10', 'Multi-channelled zero defect focus group'),
(486, 963, 124, '2017-10-12', 'Multi-lateral background leverage'),
(487, 105, 727, '2012-09-18', 'Virtual neutral task-force'),
(488, 209, 299, '2020-05-26', 'Stand-alone zero tolerance methodology'),
(489, 252, 842, '2008-06-30', 'Ergonomic object-oriented open architecture'),
(490, 556, 14, '2010-04-06', 'Customizable zero administration flexibility'),
(491, 214, 970, '2009-04-02', 'Switchable radical encryption'),
(492, 993, 551, '2005-09-19', 'Grass-roots fault-tolerant moratorium'),
(493, 246, 377, '2006-02-20', 'Versatile coherent workforce'),
(494, 677, 163, '2022-04-03', 'Customizable optimal instruction set'),
(495, 74, 212, '2011-11-25', 'Extended demand-driven budgetary management'),
(496, 811, 165, '2006-10-20', 'Persistent radical approach'),
(497, 886, 848, '2016-10-28', 'Synergized next generation process improvement'),
(498, 290, 547, '2015-07-05', 'Secured multi-state local area network'),
(499, 428, 123, '2009-03-19', 'Stand-alone upward-trending migration'),
(500, 641, 180, '2007-07-14', 'Robust eco-centric challenge'),
(501, 344, 218, '2010-04-19', 'Diverse cohesive productivity'),
(502, 755, 137, '2009-09-28', 'Configurable coherent knowledge base'),
(503, 240, 830, '2017-08-13', 'Managed holistic local area network'),
(504, 677, 506, '2014-02-24', 'Persevering homogeneous interface'),
(505, 144, 558, '2006-07-27', 'Robust needs-based productivity'),
(506, 643, 214, '2022-07-20', 'Switchable fresh-thinking protocol'),
(507, 526, 303, '2016-05-02', 'Ameliorated dedicated knowledge base'),
(508, 636, 561, '2019-07-07', 'Function-based exuding software'),
(509, 746, 583, '2007-06-25', 'Customizable didactic infrastructure'),
(510, 626, 331, '2020-01-27', 'Up-sized analyzing methodology'),
(511, 440, 93, '2011-12-21', 'Managed reciprocal database'),
(512, 544, 716, '2010-06-05', 'Ameliorated object-oriented middleware'),
(513, 24, 238, '2019-04-18', 'Fundamental client-server groupware'),
(514, 25, 373, '2021-11-25', 'Open-architected fault-tolerant conglomeration'),
(515, 575, 207, '2016-08-20', 'Fundamental contextually-based secured line'),
(516, 13, 414, '2021-10-11', 'Organized dedicated encryption'),
(517, 701, 162, '2022-03-31', 'Reactive neutral attitude'),
(518, 527, 84, '2011-07-23', 'Cloned web-enabled definition'),
(519, 518, 805, '2015-10-18', 'Decentralized full-range migration'),
(520, 252, 413, '2011-10-09', 'Programmable incremental challenge'),
(521, 9, 412, '2005-06-23', 'Function-based zero tolerance projection'),
(522, 320, 910, '2008-07-21', 'Front-line foreground infrastructure'),
(523, 851, 319, '2008-09-17', 'Phased intangible application'),
(524, 135, 786, '2021-01-24', 'Streamlined dedicated alliance'),
(525, 91, 47, '2022-03-26', 'Upgradable neutral throughput'),
(526, 11, 295, '2006-07-07', 'Devolved multi-tasking matrices'),
(527, 853, 36, '2018-09-14', 'Integrated content-based emulation'),
(528, 766, 8, '2007-10-02', 'Upgradable transitional secured line'),
(529, 233, 867, '2016-11-10', 'Optimized 24 hour middleware'),
(530, 899, 890, '2012-09-06', 'Reduced reciprocal initiative'),
(531, 875, 976, '2006-05-25', 'User-centric incremental infrastructure'),
(532, 981, 152, '2008-05-22', 'Multi-layered hybrid project'),
(533, 27, 44, '2010-09-13', 'Stand-alone logistical moderator'),
(534, 703, 724, '2005-04-23', 'Profound needs-based throughput'),
(535, 766, 973, '2013-12-04', 'Face to face client-server application'),
(536, 562, 561, '2012-06-15', 'De-engineered stable internet solution'),
(537, 527, 875, '2015-05-26', 'Multi-layered systemic capability'),
(538, 309, 287, '2008-08-09', 'Operative methodical knowledge user'),
(539, 1000, 26, '2016-08-25', 'Open-architected grid-enabled core'),
(540, 835, 497, '2010-03-19', 'Pre-emptive fresh-thinking implementation'),
(541, 251, 806, '2020-04-27', 'Re-engineered stable software'),
(542, 38, 278, '2020-03-09', 'Versatile modular ability'),
(543, 899, 69, '2010-03-11', 'Assimilated 24 hour emulation'),
(544, 115, 204, '2005-10-22', 'Expanded neutral migration'),
(545, 49, 498, '2014-09-19', 'Optional dynamic projection'),
(546, 854, 16, '2010-03-18', 'Re-contextualized well-modulated concept'),
(547, 489, 143, '2009-10-12', 'Progressive upward-trending utilisation'),
(548, 118, 920, '2005-07-29', 'Assimilated hybrid support'),
(549, 296, 210, '2020-07-28', 'Sharable human-resource attitude'),
(550, 244, 623, '2015-05-21', 'Extended executive access'),
(551, 308, 771, '2015-10-08', 'Upgradable interactive flexibility'),
(552, 379, 598, '2006-04-16', 'Customizable zero tolerance core'),
(553, 871, 895, '2015-10-02', 'Cross-platform mobile hardware'),
(554, 113, 821, '2016-06-16', 'Team-oriented national budgetary management'),
(555, 233, 744, '2016-06-18', 'Multi-tiered systematic workforce'),
(556, 416, 180, '2014-04-03', 'Exclusive modular instruction set'),
(557, 556, 405, '2011-09-28', 'Total modular contingency'),
(558, 130, 933, '2021-07-23', 'Devolved neutral interface'),
(559, 367, 70, '2011-12-12', 'Triple-buffered national access'),
(560, 731, 504, '2020-08-22', 'Virtual non-volatile capacity'),
(561, 87, 256, '2009-06-24', 'Mandatory high-level Graphic Interface'),
(562, 164, 116, '2006-01-21', 'Profit-focused transitional migration'),
(563, 52, 437, '2020-07-17', 'Up-sized well-modulated portal'),
(564, 541, 462, '2014-12-08', 'Mandatory actuating policy'),
(565, 298, 358, '2009-05-29', 'Grass-roots didactic capability'),
(566, 414, 165, '2013-12-17', 'Cross-group radical protocol'),
(567, 471, 128, '2022-10-18', 'Future-proofed tangible circuit'),
(568, 878, 972, '2005-07-08', 'Function-based local orchestration'),
(569, 124, 665, '2011-05-11', 'Fundamental demand-driven open architecture'),
(570, 522, 590, '2005-05-16', 'Open-source user-facing superstructure'),
(571, 132, 900, '2014-03-01', 'Decentralized mission-critical internet solution'),
(572, 351, 920, '2008-10-06', 'Horizontal transitional task-force'),
(573, 658, 294, '2006-11-08', 'Stand-alone dynamic help-desk'),
(574, 284, 946, '2010-12-03', 'Seamless coherent structure'),
(575, 679, 691, '2005-07-18', 'Phased attitude-oriented info-mediaries'),
(576, 913, 863, '2006-11-19', 'Re-contextualized 6th generation throughput'),
(577, 734, 340, '2007-04-09', 'Automated contextually-based knowledge user'),
(578, 948, 251, '2010-11-19', 'Multi-layered composite productivity'),
(579, 277, 893, '2021-02-08', 'Persistent zero tolerance throughput'),
(580, 481, 49, '2008-04-05', 'Team-oriented intangible capacity'),
(581, 415, 999, '2015-08-24', 'Persistent responsive software'),
(582, 119, 600, '2016-10-12', 'Synergistic tangible benchmark'),
(583, 979, 668, '2011-01-31', 'Switchable eco-centric emulation'),
(584, 934, 56, '2019-09-04', 'Extended needs-based concept'),
(585, 111, 381, '2005-11-05', 'Vision-oriented cohesive knowledge base'),
(586, 26, 429, '2019-08-18', 'Expanded 24 hour forecast'),
(587, 895, 686, '2006-03-24', 'Enterprise-wide needs-based hub'),
(588, 624, 21, '2021-01-14', 'Ergonomic neutral approach'),
(589, 571, 671, '2010-10-20', 'Decentralized executive ability'),
(590, 315, 757, '2015-01-26', 'Profit-focused reciprocal utilisation'),
(591, 841, 979, '2022-02-08', 'Polarised coherent leverage'),
(592, 138, 804, '2013-12-25', 'Face to face 24 hour success'),
(593, 915, 322, '2021-09-27', 'Balanced 24 hour leverage'),
(594, 42, 340, '2011-12-30', 'Implemented discrete forecast'),
(595, 501, 645, '2008-10-10', 'Cross-platform coherent process improvement'),
(596, 401, 846, '2022-05-24', 'Integrated context-sensitive structure'),
(597, 265, 2, '2022-09-18', 'Assimilated human-resource alliance'),
(598, 854, 768, '2018-12-19', 'Multi-tiered bifurcated task-force'),
(599, 317, 553, '2006-09-22', 'Up-sized dynamic archive'),
(600, 909, 994, '2015-03-22', 'Secured 24/7 internet solution'),
(601, 512, 682, '2009-03-08', 'Enterprise-wide coherent access'),
(602, 384, 755, '2020-04-12', 'Object-based didactic matrix'),
(603, 923, 674, '2006-06-30', 'User-friendly non-volatile software'),
(604, 169, 581, '2020-08-28', 'Configurable fault-tolerant concept'),
(605, 812, 253, '2011-01-12', 'Down-sized neutral hub'),
(606, 408, 606, '2008-11-25', 'Universal modular initiative'),
(607, 287, 164, '2018-02-04', 'Open-architected bottom-line knowledge base'),
(608, 515, 200, '2011-12-13', 'Down-sized full-range encoding'),
(609, 616, 251, '2012-12-03', 'Grass-roots even-keeled framework'),
(610, 994, 704, '2017-12-03', 'Synergistic regional database'),
(611, 482, 838, '2015-10-04', 'Upgradable foreground flexibility'),
(612, 781, 928, '2012-09-15', 'De-engineered next generation methodology'),
(613, 114, 495, '2019-06-17', 'Advanced mobile projection'),
(614, 775, 352, '2019-12-10', 'Reduced modular challenge'),
(615, 379, 677, '2020-12-19', 'Organized optimal policy'),
(616, 962, 157, '2015-03-25', 'Polarised impactful capacity'),
(617, 795, 694, '2011-11-24', 'Reverse-engineered human-resource software'),
(618, 262, 15, '2016-02-29', 'Optimized 4th generation parallelism'),
(619, 563, 514, '2012-05-11', 'Multi-channelled asynchronous solution'),
(620, 298, 71, '2009-04-04', 'Synergized reciprocal conglomeration'),
(621, 378, 89, '2021-08-24', 'Fully-configurable solution-oriented standardization'),
(622, 951, 979, '2006-06-02', 'Open-architected modular software'),
(623, 359, 593, '2019-08-07', 'Customer-focused demand-driven monitoring'),
(624, 288, 367, '2018-03-01', 'Centralized static policy'),
(625, 181, 707, '2008-06-04', 'Organized maximized database'),
(626, 203, 37, '2006-07-03', 'Future-proofed multi-state utilisation'),
(627, 566, 11, '2013-12-22', 'Multi-channelled reciprocal policy'),
(628, 189, 540, '2016-08-30', 'Streamlined coherent leverage'),
(629, 171, 565, '2021-04-30', 'Front-line exuding collaboration'),
(630, 753, 225, '2007-01-10', 'Seamless multimedia service-desk'),
(631, 187, 603, '2019-08-20', 'De-engineered holistic secured line'),
(632, 535, 678, '2017-06-21', 'Adaptive context-sensitive forecast'),
(633, 8, 282, '2017-05-20', 'User-friendly dedicated system engine'),
(634, 329, 931, '2015-02-25', 'Virtual coherent methodology'),
(635, 220, 741, '2010-09-13', 'Visionary asynchronous analyzer'),
(636, 800, 530, '2006-07-08', 'Exclusive well-modulated interface'),
(637, 690, 43, '2012-06-14', 'De-engineered 4th generation productivity'),
(638, 187, 221, '2020-03-02', 'Inverse contextually-based solution'),
(639, 321, 534, '2009-05-02', 'Decentralized 5th generation complexity'),
(640, 676, 916, '2013-01-07', 'Distributed bottom-line migration'),
(641, 613, 532, '2010-06-27', 'User-centric regional interface'),
(642, 253, 232, '2013-04-28', 'Profound transitional projection'),
(643, 904, 159, '2008-11-02', 'Self-enabling optimal help-desk'),
(644, 248, 554, '2005-04-09', 'Multi-layered multi-state strategy'),
(645, 558, 716, '2011-03-27', 'Seamless fresh-thinking process improvement'),
(646, 753, 233, '2014-07-10', 'Re-contextualized modular analyzer'),
(647, 34, 843, '2011-04-23', 'Vision-oriented secondary installation'),
(648, 250, 76, '2016-03-25', 'Synchronised exuding installation'),
(649, 63, 644, '2008-05-24', 'Digitized logistical interface'),
(650, 94, 872, '2017-12-17', 'Fully-configurable fault-tolerant array'),
(651, 997, 732, '2005-08-12', 'Seamless incremental focus group'),
(652, 380, 225, '2011-05-12', 'Proactive intangible database'),
(653, 907, 724, '2010-07-25', 'Mandatory interactive Graphic Interface'),
(654, 173, 705, '2012-05-21', 'Compatible homogeneous firmware'),
(655, 7, 175, '2013-05-26', 'Universal user-facing attitude'),
(656, 440, 742, '2007-05-23', 'Decentralized optimal access'),
(657, 545, 998, '2006-05-07', 'Multi-tiered well-modulated strategy'),
(658, 648, 672, '2010-05-28', 'Customizable global open architecture'),
(659, 974, 536, '2006-07-24', 'Visionary coherent capacity'),
(660, 98, 639, '2007-05-28', 'Down-sized non-volatile orchestration'),
(661, 579, 658, '2008-06-06', 'Customizable 4th generation instruction set'),
(662, 463, 362, '2015-10-03', 'Assimilated systematic architecture'),
(663, 754, 370, '2022-03-21', 'Enterprise-wide local portal'),
(664, 739, 773, '2016-01-12', 'Stand-alone well-modulated open system'),
(665, 948, 158, '2011-06-22', 'Re-contextualized eco-centric matrix'),
(666, 357, 252, '2013-09-14', 'Open-architected human-resource leverage'),
(667, 943, 663, '2005-07-03', 'Focused hybrid forecast'),
(668, 487, 722, '2019-11-17', 'Seamless asynchronous moderator'),
(669, 920, 697, '2008-03-06', 'Configurable executive standardization'),
(670, 742, 780, '2021-10-10', 'Robust content-based challenge'),
(671, 841, 851, '2010-07-08', 'Persistent bandwidth-monitored moratorium'),
(672, 634, 729, '2021-05-18', 'Customizable radical framework'),
(673, 310, 606, '2014-09-03', 'Extended object-oriented extranet'),
(674, 223, 473, '2017-04-21', 'Mandatory user-facing middleware'),
(675, 974, 135, '2016-07-04', 'Enhanced 3rd generation Graphic Interface'),
(676, 908, 6, '2014-02-17', 'Enterprise-wide maximized project'),
(677, 394, 986, '2006-05-11', 'Optimized next generation adapter'),
(678, 994, 474, '2009-10-16', 'Organic local capability'),
(679, 598, 26, '2011-05-24', 'Enterprise-wide contextually-based task-force'),
(680, 96, 776, '2007-10-04', 'Devolved background firmware'),
(681, 825, 797, '2005-05-12', 'Stand-alone 4th generation orchestration'),
(682, 694, 656, '2016-09-22', 'Up-sized composite workforce'),
(683, 433, 130, '2020-09-21', 'Customizable discrete forecast'),
(684, 347, 934, '2015-08-07', 'Progressive motivating challenge'),
(685, 10, 569, '2017-04-21', 'Exclusive client-server software'),
(686, 539, 114, '2011-11-23', 'Assimilated attitude-oriented protocol'),
(687, 991, 196, '2015-06-07', 'Open-source dedicated open system'),
(688, 945, 155, '2022-09-02', 'Multi-layered dynamic solution'),
(689, 273, 715, '2005-03-03', 'Adaptive secondary implementation'),
(690, 203, 337, '2014-10-20', 'Implemented actuating artificial intelligence'),
(691, 912, 895, '2010-12-20', 'Distributed content-based methodology'),
(692, 438, 814, '2006-07-26', 'Seamless 4th generation productivity'),
(693, 230, 936, '2005-04-05', 'Streamlined homogeneous moderator'),
(694, 6, 128, '2007-12-09', 'Mandatory bottom-line solution'),
(695, 212, 624, '2016-12-13', 'Implemented bifurcated hardware'),
(696, 565, 545, '2022-05-05', 'Networked value-added archive'),
(697, 699, 516, '2007-08-17', 'Fully-configurable needs-based benchmark'),
(698, 406, 321, '2019-12-16', 'Realigned logistical infrastructure'),
(699, 984, 917, '2020-07-03', 'Persevering systematic conglomeration'),
(700, 905, 520, '2009-10-26', 'Seamless bi-directional project'),
(701, 195, 506, '2014-05-26', 'Networked directional algorithm'),
(702, 49, 182, '2010-10-20', 'Cross-group cohesive complexity'),
(703, 49, 175, '2021-10-12', 'Intuitive composite intranet'),
(704, 917, 511, '2005-12-04', 'Decentralized homogeneous policy'),
(705, 850, 960, '2015-01-10', 'Multi-lateral holistic infrastructure'),
(706, 828, 333, '2018-06-16', 'Self-enabling secondary project'),
(707, 579, 795, '2020-10-10', 'Open-source bifurcated architecture'),
(708, 250, 925, '2010-11-30', 'Reverse-engineered 4th generation open system'),
(709, 201, 834, '2016-06-12', 'Business-focused transitional approach'),
(710, 827, 977, '2013-02-04', 'Quality-focused systematic moderator'),
(711, 436, 36, '2022-08-13', 'Extended intermediate hardware'),
(712, 877, 819, '2011-09-11', 'Centralized zero defect firmware'),
(713, 192, 471, '2017-10-24', 'Team-oriented regional knowledge user'),
(714, 25, 738, '2017-06-05', 'Fundamental real-time time-frame'),
(715, 931, 833, '2017-10-25', 'Multi-tiered intangible middleware'),
(716, 399, 975, '2005-11-27', 'Cloned explicit interface'),
(717, 267, 152, '2012-12-03', 'Managed leading edge model'),
(718, 217, 491, '2017-03-19', 'Mandatory 24 hour budgetary management'),
(719, 172, 959, '2006-03-30', 'Business-focused 24 hour solution'),
(720, 235, 573, '2020-01-05', 'Realigned multi-state instruction set'),
(721, 482, 502, '2013-03-10', 'Ergonomic didactic knowledge base'),
(722, 110, 386, '2019-04-27', 'Team-oriented dynamic algorithm'),
(723, 530, 247, '2021-03-16', 'Devolved contextually-based frame'),
(724, 422, 346, '2009-04-22', 'Configurable zero defect analyzer'),
(725, 369, 926, '2015-04-29', 'User-centric neutral challenge'),
(726, 342, 424, '2015-12-07', 'Reverse-engineered mobile toolset'),
(727, 314, 69, '2006-04-04', 'Realigned context-sensitive strategy'),
(728, 441, 983, '2022-02-22', 'Polarised dynamic focus group'),
(729, 575, 733, '2022-02-23', 'Digitized analyzing concept'),
(730, 485, 870, '2012-04-11', 'Public-key neutral monitoring'),
(731, 601, 874, '2010-10-20', 'Persistent motivating Graphical User Interface'),
(732, 455, 400, '2019-12-28', 'Re-engineered even-keeled standardization'),
(733, 337, 394, '2018-03-13', 'Intuitive neutral concept'),
(734, 583, 772, '2022-02-16', 'Digitized 24 hour algorithm'),
(735, 8, 992, '2011-02-24', 'Future-proofed well-modulated neural-net'),
(736, 944, 153, '2009-04-13', 'Synergistic scalable pricing structure'),
(737, 445, 226, '2021-01-23', 'Streamlined intangible parallelism'),
(738, 90, 178, '2013-07-19', 'Versatile fault-tolerant pricing structure'),
(739, 256, 602, '2005-04-08', 'Grass-roots 5th generation process improvement'),
(740, 566, 648, '2008-04-09', 'Devolved dynamic functionalities'),
(741, 471, 390, '2013-10-09', 'Persevering local standardization'),
(742, 16, 282, '2014-03-02', 'Sharable zero defect interface'),
(743, 497, 85, '2021-02-02', 'Customizable global open architecture'),
(744, 224, 963, '2007-05-18', 'Advanced maximized infrastructure'),
(745, 58, 833, '2021-07-29', 'Up-sized reciprocal matrix'),
(746, 152, 620, '2009-02-10', 'Decentralized explicit toolset'),
(747, 141, 323, '2015-01-16', 'Cross-platform 5th generation task-force'),
(748, 551, 995, '2016-09-21', 'Streamlined contextually-based projection'),
(749, 62, 144, '2007-05-07', 'Multi-channelled motivating projection'),
(750, 592, 163, '2015-10-10', 'Phased system-worthy knowledge base'),
(751, 544, 111, '2006-04-19', 'Enhanced fresh-thinking synergy'),
(752, 323, 802, '2016-02-08', 'Fundamental solution-oriented local area network'),
(753, 180, 956, '2011-09-21', 'Versatile solution-oriented adapter'),
(754, 748, 744, '2022-01-13', 'Intuitive global approach'),
(755, 770, 931, '2015-03-20', 'Networked regional groupware');
INSERT INTO `nieobecnosci` (`IdNieobecnosci`, `IdUcznia`, `IdNauczyciela`, `Data`, `Uwagi`) VALUES
(756, 102, 511, '2009-09-25', 'Devolved user-facing workforce'),
(757, 625, 290, '2013-12-05', 'Streamlined methodical knowledge user'),
(758, 849, 968, '2013-03-09', 'Optional bi-directional complexity'),
(759, 344, 190, '2013-05-26', 'Reduced reciprocal interface'),
(760, 19, 437, '2015-02-01', 'Profit-focused solution-oriented service-desk'),
(761, 337, 283, '2017-12-08', 'Business-focused bi-directional firmware'),
(762, 916, 968, '2015-03-12', 'Multi-channelled foreground infrastructure'),
(763, 556, 545, '2021-04-17', 'Mandatory demand-driven workforce'),
(764, 485, 602, '2017-07-31', 'Business-focused motivating service-desk'),
(765, 393, 431, '2013-10-09', 'Managed intermediate projection'),
(766, 357, 259, '2008-03-13', 'Decentralized homogeneous matrices'),
(767, 455, 42, '2020-04-04', 'Decentralized 24/7 intranet'),
(768, 131, 281, '2005-10-12', 'Robust upward-trending paradigm'),
(769, 45, 71, '2015-12-11', 'Business-focused regional success'),
(770, 778, 643, '2015-03-15', 'Enterprise-wide homogeneous challenge'),
(771, 439, 871, '2014-10-22', 'Enhanced bottom-line infrastructure'),
(772, 125, 246, '2019-05-02', 'Re-engineered disintermediate core'),
(773, 481, 892, '2011-07-11', 'Re-engineered incremental solution'),
(774, 346, 435, '2015-12-15', 'Business-focused well-modulated extranet'),
(775, 913, 893, '2016-04-24', 'Progressive uniform middleware'),
(776, 589, 820, '2016-07-03', 'Progressive optimizing encoding'),
(777, 715, 663, '2008-03-12', 'Optimized demand-driven productivity'),
(778, 887, 38, '2015-04-15', 'Customizable context-sensitive knowledge user'),
(779, 46, 135, '2016-01-02', 'Multi-channelled executive intranet'),
(780, 241, 795, '2017-08-18', 'Exclusive systematic throughput'),
(781, 60, 627, '2014-01-06', 'Advanced didactic software'),
(782, 512, 299, '2009-09-10', 'Proactive client-server matrices'),
(783, 142, 812, '2012-03-24', 'Secured foreground challenge'),
(784, 257, 784, '2017-01-18', 'Ameliorated human-resource model'),
(785, 174, 75, '2015-11-14', 'Streamlined encompassing workforce'),
(786, 774, 478, '2005-03-02', 'Multi-tiered intangible service-desk'),
(787, 536, 665, '2008-02-27', 'Intuitive 24 hour middleware'),
(788, 424, 45, '2018-06-30', 'Innovative transitional analyzer'),
(789, 296, 80, '2008-07-07', 'Future-proofed client-driven flexibility'),
(790, 184, 603, '2017-02-25', 'Team-oriented coherent encoding'),
(791, 204, 661, '2007-08-27', 'Realigned non-volatile matrices'),
(792, 148, 695, '2020-09-27', 'Customizable neutral policy'),
(793, 283, 500, '2020-01-22', 'Operative 4th generation process improvement'),
(794, 66, 670, '2017-02-23', 'Cross-group zero administration software'),
(795, 540, 745, '2005-04-17', 'Advanced 5th generation leverage'),
(796, 187, 141, '2018-09-20', 'Realigned composite secured line'),
(797, 151, 65, '2019-02-25', 'Digitized context-sensitive challenge'),
(798, 806, 199, '2008-10-23', 'De-engineered tangible archive'),
(799, 72, 938, '2018-10-16', 'Switchable static superstructure'),
(800, 975, 747, '2015-01-29', 'Ergonomic regional focus group'),
(801, 547, 382, '2021-03-12', 'Cloned eco-centric project'),
(802, 274, 420, '2012-03-31', 'Diverse analyzing middleware'),
(803, 298, 202, '2011-05-17', 'Multi-layered human-resource software'),
(804, 110, 890, '2017-08-02', 'Programmable multi-state data-warehouse'),
(805, 692, 882, '2007-01-10', 'Multi-channelled upward-trending synergy'),
(806, 421, 442, '2019-08-31', 'Enterprise-wide dynamic firmware'),
(807, 734, 482, '2011-07-10', 'Enhanced explicit analyzer'),
(808, 774, 97, '2013-08-28', 'Persistent context-sensitive Graphical User Interface'),
(809, 702, 451, '2017-04-22', 'Multi-lateral fault-tolerant encryption'),
(810, 306, 729, '2005-11-22', 'Re-contextualized bi-directional benchmark'),
(811, 222, 495, '2013-04-20', 'Face to face client-driven focus group'),
(812, 449, 30, '2009-04-30', 'Enhanced incremental instruction set'),
(813, 140, 22, '2008-08-25', 'Integrated bottom-line solution'),
(814, 763, 669, '2015-04-18', 'Multi-channelled asymmetric support'),
(815, 909, 414, '2020-06-16', 'Fully-configurable system-worthy process improvement'),
(816, 573, 563, '2016-09-04', 'Focused composite portal'),
(817, 602, 656, '2021-04-02', 'Multi-layered executive neural-net'),
(818, 796, 144, '2012-06-23', 'Decentralized methodical application'),
(819, 720, 924, '2018-01-05', 'Business-focused eco-centric model'),
(820, 906, 131, '2010-10-10', 'Reactive composite flexibility'),
(821, 383, 195, '2021-08-10', 'Adaptive contextually-based analyzer'),
(822, 264, 50, '2007-10-14', 'Total neutral paradigm'),
(823, 643, 3, '2013-03-20', 'Team-oriented multi-tasking array'),
(824, 513, 805, '2015-03-21', 'Reverse-engineered grid-enabled matrix'),
(825, 706, 238, '2015-05-31', 'Object-based transitional firmware'),
(826, 477, 906, '2015-02-25', 'Team-oriented empowering process improvement'),
(827, 742, 626, '2011-05-02', 'Vision-oriented stable encryption'),
(828, 729, 821, '2005-07-29', 'Realigned holistic access'),
(829, 446, 116, '2012-09-23', 'Inverse 5th generation internet solution'),
(830, 506, 720, '2020-07-02', 'Assimilated mission-critical moratorium'),
(831, 864, 986, '2011-04-15', 'Focused global archive'),
(832, 771, 30, '2005-09-12', 'Total composite budgetary management'),
(833, 483, 607, '2009-05-05', 'Operative cohesive core'),
(834, 303, 869, '2015-12-21', 'Universal static product'),
(835, 188, 559, '2008-03-24', 'Team-oriented explicit open architecture'),
(836, 11, 818, '2006-07-20', 'Ergonomic regional task-force'),
(837, 208, 763, '2010-11-28', 'Multi-tiered optimizing model'),
(838, 939, 909, '2013-10-08', 'Cloned non-volatile encoding'),
(839, 125, 497, '2009-08-27', 'Multi-tiered radical methodology'),
(840, 316, 364, '2016-01-29', 'Persevering attitude-oriented initiative'),
(841, 730, 506, '2015-08-27', 'Synchronised background open architecture'),
(842, 997, 486, '2005-09-28', 'Devolved discrete task-force'),
(843, 1, 639, '2014-08-20', 'Versatile client-driven benchmark'),
(844, 501, 90, '2011-12-26', 'User-friendly object-oriented conglomeration'),
(845, 201, 546, '2021-11-27', 'Virtual eco-centric capability'),
(846, 656, 549, '2019-12-10', 'Customer-focused solution-oriented framework'),
(847, 232, 422, '2012-07-08', 'Right-sized optimal capacity'),
(848, 769, 419, '2017-08-31', 'De-engineered scalable time-frame'),
(849, 135, 137, '2011-01-08', 'Sharable asynchronous toolset'),
(850, 121, 944, '2017-09-20', 'Secured solution-oriented focus group'),
(851, 880, 690, '2007-02-24', 'Business-focused scalable knowledge base'),
(852, 321, 924, '2013-02-11', 'Realigned content-based instruction set'),
(853, 753, 959, '2006-05-03', 'Distributed client-server secured line'),
(854, 305, 469, '2016-12-22', 'Switchable 24 hour approach'),
(855, 45, 684, '2020-04-30', 'Synchronised multi-state monitoring'),
(856, 258, 641, '2019-10-19', 'Secured 4th generation capacity'),
(857, 437, 103, '2012-06-14', 'Multi-lateral real-time frame'),
(858, 978, 263, '2006-12-04', 'Self-enabling logistical instruction set'),
(859, 215, 123, '2014-11-23', 'Extended uniform secured line'),
(860, 751, 92, '2009-02-05', 'Down-sized contextually-based time-frame'),
(861, 867, 816, '2009-05-27', 'Face to face discrete architecture'),
(862, 237, 968, '2017-05-01', 'Inverse 4th generation standardization'),
(863, 192, 686, '2020-11-11', 'Organic dedicated pricing structure'),
(864, 56, 349, '2012-01-04', 'Persistent zero tolerance extranet'),
(865, 541, 216, '2006-02-01', 'Configurable solution-oriented implementation'),
(866, 394, 323, '2009-03-13', 'Devolved content-based time-frame'),
(867, 301, 206, '2007-01-16', 'Horizontal exuding approach'),
(868, 716, 553, '2006-10-23', 'Cross-platform directional pricing structure'),
(869, 74, 242, '2017-10-24', 'User-centric global info-mediaries'),
(870, 658, 270, '2014-01-08', 'Sharable secondary customer loyalty'),
(871, 498, 256, '2010-08-02', 'Configurable upward-trending focus group'),
(872, 409, 910, '2018-01-25', 'Function-based systematic customer loyalty'),
(873, 32, 781, '2008-08-26', 'Progressive content-based protocol'),
(874, 995, 812, '2006-09-13', 'Compatible regional support'),
(875, 494, 182, '2006-07-25', 'Polarised multi-state data-warehouse'),
(876, 690, 284, '2005-05-01', 'Object-based responsive middleware'),
(877, 750, 764, '2020-06-10', 'Customer-focused 6th generation open architecture'),
(878, 829, 495, '2006-06-26', 'User-centric 5th generation customer loyalty'),
(879, 900, 94, '2009-07-02', 'Centralized optimal software'),
(880, 232, 915, '2014-03-28', 'Balanced local moderator'),
(881, 586, 846, '2008-05-28', 'Enterprise-wide even-keeled approach'),
(882, 888, 824, '2020-04-27', 'Fundamental solution-oriented moratorium'),
(883, 263, 927, '2008-05-09', 'Monitored logistical strategy'),
(884, 642, 293, '2015-07-18', 'Synchronised needs-based extranet'),
(885, 677, 777, '2010-11-25', 'Horizontal motivating superstructure'),
(886, 751, 220, '2018-06-01', 'Reverse-engineered grid-enabled knowledge user'),
(887, 163, 825, '2006-05-22', 'Reduced actuating contingency'),
(888, 507, 336, '2018-03-10', 'Diverse full-range methodology'),
(889, 905, 634, '2006-04-09', 'Assimilated 6th generation focus group'),
(890, 989, 735, '2021-10-01', 'Reactive tangible local area network'),
(891, 510, 992, '2006-07-01', 'User-centric context-sensitive concept'),
(892, 430, 386, '2017-06-01', 'Compatible national time-frame'),
(893, 426, 221, '2011-12-05', 'Face to face 6th generation core'),
(894, 883, 236, '2005-11-01', 'Extended interactive utilisation'),
(895, 127, 840, '2020-12-13', 'Re-contextualized reciprocal matrices'),
(896, 777, 207, '2015-02-11', 'Adaptive context-sensitive system engine'),
(897, 717, 775, '2018-10-06', 'Managed client-server standardization'),
(898, 420, 240, '2019-09-19', 'Adaptive radical portal'),
(899, 333, 890, '2009-07-11', 'Centralized mobile forecast'),
(900, 747, 622, '2020-02-12', 'Optional scalable projection'),
(901, 155, 63, '2009-10-02', 'Stand-alone tertiary implementation'),
(902, 415, 17, '2022-05-28', 'Multi-layered directional budgetary management'),
(903, 434, 343, '2008-03-16', 'Total clear-thinking matrix'),
(904, 9, 860, '2022-09-27', 'Distributed full-range implementation'),
(905, 546, 210, '2009-10-26', 'Organized fresh-thinking encoding'),
(906, 4, 558, '2006-07-14', 'Decentralized 4th generation installation'),
(907, 464, 428, '2022-08-22', 'Mandatory scalable toolset'),
(908, 253, 623, '2011-04-24', 'Fundamental tangible hardware'),
(909, 781, 415, '2010-01-26', 'Grass-roots attitude-oriented function'),
(910, 944, 419, '2015-01-19', 'Centralized static capability'),
(911, 169, 355, '2020-09-16', 'Operative systematic Graphical User Interface'),
(912, 420, 766, '2018-12-09', 'Persistent uniform firmware'),
(913, 485, 727, '2009-11-11', 'Re-contextualized reciprocal policy'),
(914, 291, 557, '2006-01-31', 'Synergistic heuristic array'),
(915, 461, 84, '2015-08-19', 'User-friendly attitude-oriented alliance'),
(916, 649, 854, '2007-01-13', 'Secured clear-thinking alliance'),
(917, 134, 7, '2011-12-13', 'Adaptive secondary contingency'),
(918, 555, 110, '2005-12-11', 'Upgradable high-level implementation'),
(919, 478, 706, '2021-04-05', 'Function-based motivating implementation'),
(920, 411, 979, '2021-08-20', 'Profit-focused coherent parallelism'),
(921, 368, 402, '2007-12-05', 'Business-focused discrete policy'),
(922, 643, 953, '2021-04-14', 'Streamlined client-server support'),
(923, 656, 795, '2010-01-05', 'Team-oriented encompassing knowledge user'),
(924, 158, 907, '2005-09-12', 'Enterprise-wide reciprocal frame'),
(925, 350, 767, '2018-01-25', 'Object-based 6th generation superstructure'),
(926, 51, 528, '2006-04-09', 'Stand-alone object-oriented throughput'),
(927, 389, 512, '2020-04-15', 'Intuitive explicit algorithm'),
(928, 423, 976, '2020-12-21', 'Persistent demand-driven Graphical User Interface'),
(929, 479, 547, '2006-11-30', 'Compatible secondary orchestration'),
(930, 952, 919, '2013-11-11', 'Self-enabling real-time groupware'),
(931, 539, 781, '2016-02-11', 'User-friendly homogeneous initiative'),
(932, 259, 64, '2017-10-15', 'Innovative 24 hour standardization'),
(933, 394, 672, '2016-05-31', 'Up-sized national structure'),
(934, 874, 554, '2017-11-20', 'Front-line 6th generation infrastructure'),
(935, 143, 233, '2005-09-06', 'Diverse 4th generation middleware'),
(936, 502, 747, '2009-11-05', 'Monitored transitional adapter'),
(937, 735, 424, '2006-10-31', 'Stand-alone leading edge monitoring'),
(938, 494, 88, '2019-03-21', 'Versatile background framework'),
(939, 235, 26, '2008-06-23', 'Public-key needs-based groupware'),
(940, 261, 929, '2015-07-18', 'Front-line regional circuit'),
(941, 509, 358, '2006-01-24', 'Future-proofed 5th generation approach'),
(942, 591, 110, '2021-04-26', 'Synchronised well-modulated paradigm'),
(943, 589, 86, '2015-04-16', 'Organic intermediate superstructure'),
(944, 169, 586, '2018-07-15', 'Organized explicit hierarchy'),
(945, 367, 466, '2011-01-13', 'Universal solution-oriented knowledge base'),
(946, 552, 372, '2008-03-02', 'Cross-platform stable challenge'),
(947, 27, 237, '2010-10-10', 'Managed leading edge frame'),
(948, 105, 326, '2016-08-29', 'Public-key systemic moderator'),
(949, 524, 765, '2009-10-14', 'Synergized directional approach'),
(950, 553, 609, '2015-09-10', 'Secured intangible middleware'),
(951, 835, 263, '2014-01-18', 'Future-proofed attitude-oriented complexity'),
(952, 914, 494, '2018-11-29', 'Persevering tangible data-warehouse'),
(953, 926, 764, '2009-05-03', 'Open-source client-server circuit'),
(954, 975, 152, '2018-09-16', 'Universal tangible info-mediaries'),
(955, 371, 434, '2009-11-01', 'Seamless intermediate instruction set'),
(956, 429, 539, '2007-06-14', 'Configurable 4th generation Graphic Interface'),
(957, 21, 637, '2015-06-07', 'Devolved reciprocal leverage'),
(958, 407, 899, '2010-09-29', 'Down-sized secondary initiative'),
(959, 955, 659, '2016-11-28', 'Multi-tiered dynamic software'),
(960, 702, 837, '2018-01-05', 'Integrated multimedia interface'),
(961, 418, 994, '2007-01-16', 'Automated radical middleware'),
(962, 669, 825, '2009-01-31', 'Multi-tiered leading edge parallelism'),
(963, 951, 438, '2010-04-08', 'Customer-focused empowering instruction set'),
(964, 318, 482, '2020-08-05', 'Object-based composite benchmark'),
(965, 390, 891, '2016-10-14', 'Open-source foreground flexibility'),
(966, 787, 606, '2013-09-10', 'Cloned asymmetric database'),
(967, 383, 636, '2012-04-29', 'Visionary high-level encryption'),
(968, 444, 44, '2013-07-18', 'Future-proofed transitional moderator'),
(969, 353, 247, '2005-11-03', 'Persevering secondary utilisation'),
(970, 920, 129, '2021-09-08', 'Multi-channelled systematic implementation'),
(971, 637, 86, '2022-09-16', 'Front-line zero tolerance groupware'),
(972, 797, 58, '2022-06-21', 'Exclusive grid-enabled matrix'),
(973, 642, 591, '2020-11-26', 'Optional needs-based website'),
(974, 775, 579, '2018-09-28', 'Triple-buffered context-sensitive application'),
(975, 742, 778, '2021-05-10', 'Optimized contextually-based support'),
(976, 682, 349, '2008-01-23', 'Upgradable actuating synergy'),
(977, 814, 823, '2019-06-01', 'Operative analyzing secured line'),
(978, 524, 965, '2018-01-20', 'Function-based systemic circuit'),
(979, 865, 200, '2017-08-12', 'Stand-alone multi-tasking solution'),
(980, 571, 55, '2018-01-06', 'Grass-roots 5th generation monitoring'),
(981, 423, 562, '2018-03-27', 'Business-focused explicit capacity'),
(982, 80, 337, '2005-03-03', 'Integrated analyzing initiative'),
(983, 457, 59, '2010-02-18', 'Fully-configurable attitude-oriented focus group'),
(984, 422, 851, '2010-05-02', 'Programmable web-enabled analyzer'),
(985, 520, 117, '2018-02-27', 'Public-key grid-enabled challenge'),
(986, 687, 983, '2016-08-26', 'User-centric contextually-based concept'),
(987, 510, 63, '2019-08-11', 'Realigned executive budgetary management'),
(988, 806, 511, '2017-06-28', 'Multi-channelled bandwidth-monitored throughput'),
(989, 204, 714, '2013-10-04', 'Reduced analyzing infrastructure'),
(990, 66, 759, '2018-12-12', 'Centralized clear-thinking algorithm'),
(991, 386, 195, '2014-08-20', 'Re-contextualized fault-tolerant array'),
(992, 965, 488, '2012-03-28', 'Switchable intangible structure'),
(993, 505, 902, '2012-04-07', 'Down-sized regional collaboration'),
(994, 776, 237, '2018-02-02', 'Balanced hybrid Graphic Interface'),
(995, 248, 475, '2021-05-11', 'Upgradable context-sensitive extranet'),
(996, 573, 228, '2010-02-28', 'Pre-emptive real-time focus group'),
(997, 654, 260, '2005-11-03', 'Progressive grid-enabled matrices'),
(998, 510, 46, '2006-10-28', 'Seamless leading edge framework'),
(999, 960, 612, '2020-05-19', 'Synchronised eco-centric encoding'),
(1000, 134, 312, '2011-02-28', 'Open-architected asynchronous access');

-- --------------------------------------------------------

--
-- Struktura tabeli dla tabeli `oceny`
--

CREATE TABLE `oceny` (
  `idoceny` int(11) NOT NULL,
  `idnauczyciela` int(11) NOT NULL,
  `idrodzaju_oceny` int(11) NOT NULL,
  `idprzedmiotu` int(11) NOT NULL,
  `Ocena` int(1) NOT NULL,
  `DataWystawienia` date NOT NULL,
  `iducznia` int(11) NOT NULL
) ENGINE=InnoDB DEFAULT CHARSET=utf8mb4;

--
-- Zrzut danych tabeli `oceny`
--

INSERT INTO `oceny` (`idoceny`, `idnauczyciela`, `idrodzaju_oceny`, `idprzedmiotu`, `Ocena`, `DataWystawienia`, `iducznia`) VALUES
(1, 362, 17, 129, 6, '2009-10-24', 494),
(2, 67, 211, 244, 4, '2019-04-14', 182),
(3, 451, 526, 44, 6, '2012-09-04', 629),
(4, 898, 39, 679, 2, '2008-08-31', 268),
(5, 276, 449, 647, 5, '2018-03-28', 927),
(6, 10, 591, 965, 3, '2022-06-30', 116),
(7, 191, 68, 331, 5, '2011-07-24', 390),
(8, 962, 614, 773, 2, '2015-01-30', 671),
(9, 863, 948, 413, 3, '2010-08-23', 87),
(10, 428, 384, 564, 1, '2021-03-26', 427),
(11, 189, 504, 979, 3, '2018-08-30', 553),
(12, 463, 258, 561, 3, '2009-01-16', 189),
(13, 674, 202, 237, 6, '2006-07-06', 789),
(14, 910, 533, 553, 2, '2016-04-30', 587),
(15, 609, 645, 668, 2, '2015-11-22', 838),
(16, 959, 434, 246, 3, '2013-01-07', 470),
(17, 475, 187, 442, 6, '2012-09-21', 372),
(18, 541, 759, 848, 3, '2007-11-30', 196),
(19, 794, 244, 961, 2, '2012-05-21', 259),
(20, 917, 54, 229, 4, '2009-10-12', 177),
(21, 186, 717, 54, 5, '2021-07-16', 661),
(22, 199, 846, 206, 2, '2018-10-10', 300),
(23, 171, 581, 794, 2, '2020-04-07', 615),
(24, 629, 958, 293, 5, '2017-11-18', 214),
(25, 248, 164, 279, 1, '2014-09-02', 230),
(26, 550, 386, 847, 3, '2018-11-24', 422),
(27, 831, 467, 870, 2, '2008-12-06', 838),
(28, 109, 489, 822, 1, '2014-12-22', 234),
(29, 164, 316, 153, 5, '2013-08-08', 169),
(30, 927, 808, 867, 6, '2011-06-02', 775),
(31, 339, 762, 374, 2, '2006-11-21', 164),
(32, 339, 877, 686, 4, '2018-09-22', 866),
(33, 893, 623, 521, 5, '2008-03-06', 696),
(34, 781, 159, 858, 1, '2021-10-28', 764),
(35, 530, 243, 792, 1, '2008-07-09', 361),
(36, 890, 371, 662, 6, '2007-08-11', 224),
(37, 396, 352, 751, 2, '2018-01-04', 12),
(38, 918, 544, 96, 6, '2009-06-28', 124),
(39, 70, 531, 765, 4, '2021-07-27', 984),
(40, 977, 416, 948, 5, '2008-12-18', 457),
(41, 235, 695, 646, 4, '2011-01-29', 619),
(42, 934, 735, 946, 1, '2013-10-01', 768),
(43, 184, 477, 238, 4, '2016-02-27', 53),
(44, 237, 39, 355, 4, '2011-01-06', 34),
(45, 411, 594, 545, 1, '2016-11-22', 41),
(46, 17, 364, 387, 6, '2012-04-30', 759),
(47, 980, 356, 919, 5, '2020-09-14', 663),
(48, 119, 252, 928, 6, '2010-10-27', 531),
(49, 927, 851, 376, 6, '2019-12-20', 691),
(50, 824, 399, 970, 2, '2011-01-07', 322),
(51, 194, 534, 238, 4, '2007-08-13', 314),
(52, 968, 65, 671, 5, '2021-05-07', 243),
(53, 391, 132, 61, 4, '2020-03-28', 352),
(54, 339, 313, 458, 5, '2018-12-09', 606),
(55, 820, 512, 368, 6, '2011-02-26', 11),
(56, 90, 268, 385, 6, '2020-10-20', 770),
(57, 426, 251, 632, 3, '2014-07-11', 248),
(58, 381, 548, 586, 2, '2011-08-21', 362),
(59, 486, 616, 470, 1, '2019-08-09', 228),
(60, 699, 946, 799, 5, '2011-09-11', 491),
(61, 146, 309, 183, 3, '2007-01-04', 179),
(62, 404, 907, 240, 6, '2013-11-13', 862),
(63, 896, 294, 162, 4, '2015-02-15', 45),
(64, 282, 150, 816, 5, '2021-09-24', 411),
(65, 324, 607, 968, 6, '2017-05-26', 215),
(66, 973, 192, 403, 1, '2013-09-23', 637),
(67, 436, 88, 942, 4, '2022-06-08', 494),
(68, 743, 723, 205, 2, '2017-11-11', 141),
(69, 320, 893, 737, 1, '2013-09-04', 749),
(70, 736, 448, 624, 3, '2020-03-29', 511),
(71, 530, 428, 123, 5, '2022-06-25', 897),
(72, 571, 905, 110, 2, '2015-12-30', 350),
(73, 196, 16, 312, 1, '2020-02-15', 27),
(74, 649, 673, 916, 1, '2018-09-11', 856),
(75, 536, 119, 442, 1, '2014-05-22', 345),
(76, 246, 591, 371, 6, '2020-09-25', 195),
(77, 331, 332, 97, 4, '2009-01-15', 558),
(78, 724, 492, 615, 2, '2017-03-12', 611),
(79, 928, 285, 43, 4, '2008-11-16', 100),
(80, 79, 862, 975, 2, '2015-05-10', 687),
(81, 684, 357, 126, 6, '2022-02-03', 565),
(82, 504, 922, 808, 1, '2012-07-15', 530),
(83, 258, 896, 443, 3, '2017-06-25', 474),
(84, 905, 693, 807, 6, '2018-12-23', 152),
(85, 739, 314, 218, 5, '2008-08-22', 187),
(86, 294, 830, 463, 4, '2022-05-15', 774),
(87, 564, 603, 553, 4, '2020-10-25', 577),
(88, 33, 795, 201, 1, '2011-09-12', 617),
(89, 928, 825, 682, 1, '2014-07-27', 674),
(90, 608, 162, 387, 4, '2018-04-12', 224),
(91, 583, 223, 419, 2, '2014-11-10', 35),
(92, 802, 976, 665, 3, '2019-05-26', 574),
(93, 267, 471, 319, 3, '2021-11-03', 785),
(94, 179, 332, 506, 5, '2016-08-19', 277),
(95, 684, 108, 368, 3, '2010-07-26', 614),
(96, 227, 15, 503, 6, '2012-05-26', 327),
(97, 494, 850, 148, 3, '2019-09-06', 496),
(98, 204, 751, 145, 6, '2015-08-21', 10),
(99, 461, 162, 117, 2, '2014-07-10', 312),
(100, 369, 163, 420, 1, '2009-03-22', 619),
(101, 536, 710, 21, 1, '2008-02-13', 786),
(102, 413, 498, 698, 1, '2020-09-07', 126),
(103, 889, 397, 129, 1, '2006-09-05', 824),
(104, 520, 960, 37, 3, '2013-06-29', 473),
(105, 597, 586, 512, 6, '2011-06-18', 47),
(106, 326, 232, 738, 2, '2009-10-13', 131),
(107, 240, 305, 940, 5, '2019-06-16', 533),
(108, 570, 183, 780, 6, '2008-05-27', 304),
(109, 931, 992, 866, 5, '2018-10-05', 961),
(110, 407, 732, 59, 6, '2021-04-01', 345),
(111, 695, 389, 285, 3, '2020-12-21', 351),
(112, 379, 102, 617, 4, '2013-05-15', 682),
(113, 861, 631, 740, 2, '2011-07-23', 359),
(114, 921, 333, 112, 3, '2021-03-13', 631),
(115, 159, 189, 441, 4, '2014-06-16', 118),
(116, 526, 647, 372, 2, '2008-08-31', 130),
(117, 461, 384, 402, 4, '2021-01-12', 865),
(118, 508, 938, 67, 4, '2014-09-14', 364),
(119, 23, 308, 608, 1, '2008-12-28', 446),
(120, 706, 181, 571, 1, '2017-03-20', 437),
(121, 552, 574, 285, 5, '2008-09-22', 465),
(122, 546, 996, 890, 3, '2021-08-16', 399),
(123, 784, 119, 25, 5, '2012-02-06', 355),
(124, 879, 235, 602, 5, '2008-07-10', 44),
(125, 683, 163, 95, 3, '2019-08-04', 532),
(126, 19, 128, 86, 5, '2007-03-19', 208),
(127, 63, 746, 50, 6, '2015-03-17', 207),
(128, 861, 541, 814, 5, '2008-09-13', 267),
(129, 311, 206, 576, 3, '2015-05-20', 49),
(130, 728, 464, 54, 2, '2016-05-23', 311),
(131, 51, 838, 274, 2, '2009-12-03', 253),
(132, 167, 545, 775, 5, '2021-08-29', 666),
(133, 385, 681, 925, 5, '2021-11-17', 495),
(134, 859, 887, 413, 1, '2018-09-23', 842),
(135, 940, 816, 292, 5, '2006-09-21', 517),
(136, 106, 234, 859, 4, '2006-09-30', 911),
(137, 304, 726, 22, 1, '2021-10-28', 984),
(138, 993, 532, 433, 1, '2022-03-04', 501),
(139, 225, 117, 307, 6, '2020-08-15', 633),
(140, 844, 635, 674, 3, '2020-06-23', 508),
(141, 38, 825, 12, 1, '2022-03-17', 547),
(142, 408, 308, 376, 1, '2014-12-11', 944),
(143, 598, 520, 160, 4, '2019-01-22', 648),
(144, 808, 480, 924, 3, '2022-09-11', 133),
(145, 685, 194, 525, 1, '2021-07-01', 587),
(146, 565, 248, 766, 6, '2019-05-18', 193),
(147, 776, 606, 560, 2, '2007-03-24', 232),
(148, 53, 792, 620, 2, '2007-02-18', 938),
(149, 436, 486, 857, 1, '2021-12-24', 705),
(150, 221, 309, 166, 3, '2018-04-16', 592),
(151, 590, 58, 770, 1, '2008-07-18', 338),
(152, 776, 287, 552, 2, '2007-06-14', 637),
(153, 692, 639, 56, 4, '2009-01-24', 383),
(154, 745, 332, 416, 4, '2022-04-15', 431),
(155, 511, 151, 220, 5, '2021-01-26', 912),
(156, 35, 194, 282, 3, '2019-11-06', 829),
(157, 745, 645, 609, 3, '2021-12-06', 366),
(158, 156, 19, 693, 3, '2013-01-14', 37),
(159, 730, 253, 83, 5, '2012-04-15', 105),
(160, 246, 736, 148, 3, '2021-11-07', 176),
(161, 837, 26, 540, 4, '2020-12-24', 64),
(162, 910, 89, 531, 6, '2008-03-09', 850),
(163, 296, 960, 220, 3, '2015-12-11', 221),
(164, 417, 298, 135, 2, '2010-09-26', 361),
(165, 634, 387, 709, 5, '2013-01-25', 156),
(166, 410, 334, 879, 4, '2007-02-28', 630),
(167, 685, 689, 999, 4, '2019-04-07', 384),
(168, 87, 588, 407, 6, '2013-06-12', 496),
(169, 781, 537, 535, 2, '2021-03-11', 2),
(170, 116, 72, 996, 1, '2015-05-23', 734),
(171, 330, 523, 957, 2, '2011-02-09', 834),
(172, 860, 107, 177, 2, '2017-11-19', 357),
(173, 17, 927, 709, 4, '2019-09-02', 529),
(174, 898, 213, 344, 1, '2006-08-07', 419),
(175, 951, 666, 104, 5, '2011-05-18', 331),
(176, 567, 430, 190, 5, '2012-05-21', 451),
(177, 734, 242, 332, 5, '2018-05-26', 438),
(178, 657, 469, 857, 5, '2009-08-21', 974),
(179, 415, 436, 892, 1, '2007-02-10', 680),
(180, 330, 185, 114, 5, '2015-04-21', 790),
(181, 685, 469, 794, 6, '2021-06-26', 507),
(182, 530, 390, 856, 5, '2021-02-22', 246),
(183, 693, 301, 141, 2, '2013-05-18', 628),
(184, 220, 94, 741, 2, '2013-02-14', 624),
(185, 652, 441, 388, 6, '2006-11-21', 266),
(186, 993, 246, 967, 3, '2018-01-10', 353),
(187, 387, 616, 313, 2, '2009-06-23', 131),
(188, 267, 727, 871, 6, '2017-09-23', 429),
(189, 391, 855, 795, 6, '2018-05-28', 821),
(190, 442, 582, 98, 4, '2019-04-06', 718),
(191, 475, 233, 457, 6, '2006-05-07', 300),
(192, 118, 790, 808, 3, '2019-08-08', 782),
(193, 600, 269, 955, 5, '2020-02-12', 873),
(194, 636, 495, 239, 3, '2010-03-02', 16),
(195, 289, 864, 429, 5, '2014-10-04', 333),
(196, 374, 953, 67, 4, '2018-12-09', 416),
(197, 864, 972, 572, 5, '2007-10-30', 602),
(198, 222, 84, 106, 6, '2018-03-18', 816),
(199, 489, 138, 264, 1, '2010-06-30', 804),
(200, 907, 782, 479, 5, '2013-05-30', 883),
(201, 795, 856, 841, 3, '2018-06-10', 246),
(202, 311, 955, 222, 2, '2015-08-16', 225),
(203, 337, 507, 869, 2, '2019-05-18', 191),
(204, 966, 98, 363, 6, '2013-11-28', 711),
(205, 441, 983, 913, 1, '2015-09-23', 112),
(206, 743, 481, 224, 3, '2009-08-26', 538),
(207, 744, 935, 674, 1, '2010-02-02', 47),
(208, 804, 351, 489, 4, '2011-03-17', 609),
(209, 287, 599, 852, 2, '2019-09-27', 434),
(210, 525, 140, 924, 6, '2017-11-08', 457),
(211, 944, 359, 705, 3, '2016-07-07', 245),
(212, 546, 350, 506, 4, '2012-04-25', 666),
(213, 743, 858, 148, 1, '2017-05-22', 1000),
(214, 259, 542, 32, 1, '2008-05-30', 811),
(215, 468, 511, 537, 6, '2018-12-13', 180),
(216, 130, 167, 186, 6, '2008-09-03', 232),
(217, 666, 723, 779, 2, '2019-06-10', 499),
(218, 164, 522, 805, 5, '2010-07-23', 948),
(219, 945, 330, 310, 5, '2008-03-05', 461),
(220, 193, 960, 234, 2, '2014-06-26', 883),
(221, 216, 823, 891, 5, '2018-12-31', 239),
(222, 712, 495, 869, 1, '2009-02-12', 645),
(223, 116, 956, 768, 2, '2013-04-14', 86),
(224, 674, 60, 945, 2, '2022-01-18', 54),
(225, 648, 546, 853, 4, '2012-10-20', 341),
(226, 96, 724, 519, 1, '2006-10-01', 861),
(227, 512, 94, 325, 2, '2019-08-30', 958),
(228, 511, 560, 83, 2, '2020-04-23', 611),
(229, 531, 607, 337, 3, '2010-07-11', 232),
(230, 992, 586, 858, 5, '2018-07-30', 107),
(231, 495, 816, 650, 5, '2013-02-26', 840),
(232, 630, 677, 913, 4, '2008-08-17', 184),
(233, 537, 285, 867, 4, '2011-12-07', 123),
(234, 966, 701, 114, 1, '2011-09-20', 896),
(235, 818, 840, 458, 5, '2020-01-22', 59),
(236, 307, 587, 861, 4, '2007-06-25', 268),
(237, 61, 648, 260, 2, '2016-10-12', 600),
(238, 905, 496, 18, 2, '2006-09-13', 589),
(239, 261, 54, 506, 6, '2019-07-31', 130),
(240, 242, 104, 298, 2, '2013-05-04', 929),
(241, 385, 10, 840, 4, '2009-11-07', 623),
(242, 858, 15, 485, 1, '2011-01-19', 294),
(243, 151, 355, 314, 5, '2015-03-23', 507),
(244, 329, 97, 286, 1, '2017-07-18', 234),
(245, 856, 62, 549, 4, '2021-12-30', 529),
(246, 249, 966, 823, 5, '2014-02-25', 699),
(247, 573, 516, 957, 1, '2008-10-15', 643),
(248, 120, 355, 394, 1, '2022-05-15', 910),
(249, 600, 786, 654, 5, '2019-01-04', 849),
(250, 525, 380, 51, 5, '2018-01-08', 517),
(251, 461, 569, 749, 1, '2016-04-27', 759),
(252, 491, 470, 195, 3, '2018-04-13', 461),
(253, 692, 223, 460, 5, '2009-06-11', 31),
(254, 465, 724, 721, 6, '2018-09-23', 595),
(255, 651, 751, 618, 5, '2013-06-18', 853),
(256, 797, 739, 361, 2, '2019-06-05', 994),
(257, 118, 140, 431, 5, '2017-10-19', 834),
(258, 632, 826, 75, 1, '2007-09-06', 743),
(259, 840, 692, 327, 3, '2009-08-08', 785),
(260, 517, 523, 464, 3, '2011-01-30', 511),
(261, 960, 694, 224, 1, '2011-08-26', 649),
(262, 23, 968, 314, 3, '2008-08-30', 976),
(263, 45, 171, 452, 5, '2020-01-30', 503),
(264, 825, 406, 8, 4, '2008-01-02', 118),
(265, 479, 726, 433, 6, '2010-05-11', 611),
(266, 959, 994, 909, 1, '2020-10-18', 232),
(267, 649, 264, 799, 5, '2013-08-31', 495),
(268, 758, 475, 548, 5, '2006-09-23', 284),
(269, 333, 970, 187, 2, '2015-08-09', 320),
(270, 664, 797, 680, 3, '2008-09-20', 387),
(271, 146, 963, 683, 4, '2022-01-02', 398),
(272, 264, 802, 687, 1, '2015-12-06', 660),
(273, 692, 853, 1, 2, '2022-04-16', 384),
(274, 958, 734, 367, 1, '2020-10-18', 791),
(275, 133, 573, 968, 5, '2007-12-10', 470),
(276, 394, 72, 124, 5, '2012-06-03', 812),
(277, 866, 246, 684, 4, '2013-09-07', 599),
(278, 214, 538, 987, 6, '2015-02-19', 361),
(279, 823, 201, 81, 2, '2021-06-06', 811),
(280, 406, 980, 887, 6, '2012-06-09', 669),
(281, 730, 876, 187, 4, '2013-09-04', 150),
(282, 83, 335, 313, 3, '2014-11-23', 291),
(283, 971, 93, 280, 2, '2013-07-01', 854),
(284, 888, 257, 292, 1, '2021-12-11', 561),
(285, 47, 527, 646, 6, '2012-11-18', 173),
(286, 597, 539, 993, 1, '2014-12-10', 755),
(287, 575, 399, 496, 4, '2013-11-13', 963),
(288, 378, 279, 738, 6, '2008-01-29', 776),
(289, 804, 1, 40, 5, '2018-10-15', 269),
(290, 858, 889, 491, 3, '2015-07-03', 609),
(291, 334, 846, 900, 1, '2011-10-18', 182),
(292, 808, 67, 900, 3, '2018-09-23', 678),
(293, 969, 999, 764, 2, '2016-01-22', 402),
(294, 749, 354, 821, 1, '2020-06-02', 626),
(295, 733, 463, 295, 6, '2020-03-19', 33),
(296, 555, 570, 324, 4, '2011-02-01', 849),
(297, 898, 323, 118, 4, '2017-12-09', 118),
(298, 228, 723, 18, 6, '2012-04-07', 49),
(299, 931, 562, 759, 5, '2012-02-02', 721),
(300, 422, 113, 906, 4, '2018-06-08', 518),
(301, 250, 593, 173, 3, '2017-07-11', 219),
(302, 328, 173, 935, 3, '2008-07-16', 820),
(303, 106, 915, 20, 4, '2010-06-11', 331),
(304, 723, 737, 460, 4, '2018-07-09', 85),
(305, 984, 472, 817, 4, '2009-04-29', 370),
(306, 503, 9, 284, 4, '2009-03-31', 479),
(307, 910, 804, 293, 1, '2015-01-07', 304),
(308, 955, 931, 972, 5, '2009-03-05', 798),
(309, 780, 943, 32, 2, '2017-06-20', 997),
(310, 80, 320, 711, 6, '2011-11-24', 881),
(311, 559, 363, 643, 4, '2014-08-16', 810),
(312, 771, 695, 773, 2, '2009-09-01', 614),
(313, 708, 61, 342, 3, '2012-09-06', 53),
(314, 375, 891, 19, 4, '2021-03-03', 652),
(315, 347, 633, 777, 2, '2013-08-13', 296),
(316, 615, 847, 312, 5, '2022-10-19', 654),
(317, 806, 398, 340, 4, '2006-05-14', 366),
(318, 419, 211, 470, 4, '2013-09-02', 493),
(319, 543, 666, 994, 4, '2011-03-18', 497),
(320, 199, 138, 687, 3, '2016-05-08', 125),
(321, 599, 341, 393, 4, '2022-05-05', 794),
(322, 811, 156, 518, 4, '2007-01-27', 354),
(323, 92, 581, 457, 5, '2015-11-02', 908),
(324, 444, 812, 339, 5, '2013-01-12', 850),
(325, 208, 979, 343, 3, '2009-06-09', 589),
(326, 74, 814, 69, 4, '2009-02-26', 247),
(327, 919, 601, 917, 2, '2015-12-15', 778),
(328, 379, 299, 90, 2, '2018-05-20', 561),
(329, 312, 179, 64, 2, '2021-12-29', 805),
(330, 602, 758, 958, 4, '2015-11-24', 579),
(331, 580, 386, 642, 3, '2013-09-01', 544),
(332, 702, 476, 56, 2, '2018-06-24', 294),
(333, 914, 395, 989, 6, '2021-04-13', 758),
(334, 964, 912, 148, 3, '2020-05-28', 860),
(335, 812, 247, 288, 2, '2013-03-08', 289),
(336, 247, 540, 546, 4, '2020-09-29', 71),
(337, 652, 130, 272, 3, '2020-07-16', 575),
(338, 655, 969, 563, 6, '2014-01-24', 378),
(339, 538, 528, 709, 3, '2010-05-03', 246),
(340, 549, 71, 940, 5, '2020-11-05', 518),
(341, 47, 778, 417, 4, '2006-08-23', 316),
(342, 514, 696, 384, 1, '2018-05-18', 98),
(343, 218, 271, 967, 5, '2012-04-13', 978),
(344, 774, 928, 520, 1, '2019-03-11', 451),
(345, 915, 665, 771, 3, '2007-10-08', 566),
(346, 520, 732, 354, 6, '2013-12-01', 757),
(347, 231, 854, 516, 3, '2021-09-18', 334),
(348, 69, 941, 731, 1, '2010-06-26', 834),
(349, 410, 606, 107, 1, '2006-05-31', 441),
(350, 929, 293, 790, 6, '2020-09-21', 672),
(351, 476, 335, 474, 1, '2015-03-31', 918),
(352, 293, 139, 523, 3, '2007-03-29', 632),
(353, 116, 323, 237, 6, '2013-06-07', 83),
(354, 65, 423, 144, 1, '2009-11-29', 718),
(355, 610, 354, 224, 1, '2022-05-06', 87),
(356, 447, 937, 590, 1, '2015-07-28', 836),
(357, 407, 622, 110, 5, '2012-04-25', 314),
(358, 960, 66, 163, 5, '2021-06-17', 541),
(359, 427, 854, 199, 2, '2019-02-24', 642),
(360, 37, 292, 846, 5, '2013-03-23', 505),
(361, 487, 637, 256, 3, '2007-07-07', 283),
(362, 900, 262, 91, 1, '2013-06-26', 774),
(363, 115, 707, 516, 4, '2007-10-26', 452),
(364, 346, 584, 8, 2, '2013-07-12', 554),
(365, 739, 693, 904, 4, '2009-08-16', 358),
(366, 833, 893, 960, 6, '2019-10-18', 930),
(367, 136, 534, 559, 3, '2017-09-01', 581),
(368, 391, 17, 915, 3, '2016-04-18', 664),
(369, 823, 560, 490, 3, '2012-10-16', 233),
(370, 960, 949, 163, 6, '2019-04-23', 18),
(371, 629, 302, 231, 3, '2020-12-29', 324),
(372, 749, 825, 41, 1, '2020-07-23', 690),
(373, 279, 237, 395, 3, '2018-05-14', 51),
(374, 468, 458, 104, 2, '2014-03-22', 933),
(375, 114, 509, 142, 1, '2017-04-03', 591),
(376, 291, 78, 858, 2, '2011-01-30', 295),
(377, 25, 798, 649, 2, '2020-06-14', 984),
(378, 949, 65, 880, 2, '2017-11-10', 30),
(379, 567, 697, 412, 6, '2008-10-16', 515),
(380, 210, 185, 339, 5, '2016-07-29', 699),
(381, 500, 702, 555, 5, '2019-05-19', 372),
(382, 400, 448, 623, 2, '2014-07-31', 281),
(383, 184, 707, 824, 3, '2018-12-28', 822),
(384, 994, 809, 43, 6, '2011-07-23', 925),
(385, 929, 298, 946, 1, '2010-01-13', 341),
(386, 734, 737, 567, 6, '2014-11-24', 317),
(387, 495, 109, 602, 2, '2021-09-06', 73),
(388, 71, 204, 796, 1, '2009-11-16', 172),
(389, 984, 701, 788, 5, '2007-04-23', 705),
(390, 129, 255, 737, 2, '2016-05-26', 96),
(391, 556, 342, 412, 2, '2019-04-07', 687),
(392, 544, 996, 446, 6, '2006-12-30', 574),
(393, 930, 269, 3, 1, '2008-03-25', 461),
(394, 331, 872, 398, 1, '2015-01-25', 189),
(395, 212, 353, 251, 2, '2021-11-29', 935),
(396, 891, 849, 867, 2, '2008-12-31', 437),
(397, 74, 2, 208, 5, '2013-11-08', 736),
(398, 239, 784, 219, 3, '2011-10-26', 722),
(399, 918, 902, 527, 2, '2016-07-25', 290),
(400, 540, 176, 907, 4, '2006-08-24', 857),
(401, 563, 320, 570, 3, '2021-05-23', 438),
(402, 826, 338, 673, 1, '2019-11-29', 99),
(403, 667, 213, 17, 4, '2021-01-21', 98),
(404, 346, 970, 856, 1, '2012-07-29', 636),
(405, 311, 60, 401, 4, '2015-04-03', 476),
(406, 592, 199, 467, 3, '2013-03-28', 1000),
(407, 888, 307, 317, 4, '2014-04-10', 341),
(408, 170, 204, 93, 2, '2009-05-03', 339),
(409, 587, 62, 423, 5, '2014-12-25', 647),
(410, 406, 647, 802, 3, '2017-11-28', 6),
(411, 185, 462, 140, 3, '2021-11-10', 680),
(412, 615, 152, 787, 4, '2008-08-17', 91),
(413, 153, 429, 140, 5, '2013-10-07', 197),
(414, 909, 653, 594, 1, '2022-01-29', 515),
(415, 494, 98, 223, 2, '2021-03-26', 223),
(416, 345, 278, 298, 6, '2020-03-13', 159),
(417, 551, 679, 920, 6, '2012-06-19', 191),
(418, 873, 29, 84, 3, '2011-06-05', 858),
(419, 134, 697, 965, 4, '2006-05-06', 41),
(420, 857, 989, 465, 6, '2021-09-12', 340),
(421, 126, 872, 365, 2, '2016-06-13', 200),
(422, 874, 129, 228, 4, '2014-06-11', 830),
(423, 712, 978, 348, 6, '2007-12-27', 10),
(424, 467, 381, 811, 1, '2020-02-08', 226),
(425, 375, 347, 79, 6, '2006-12-02', 364),
(426, 365, 845, 595, 3, '2007-04-14', 512),
(427, 894, 367, 750, 2, '2016-06-22', 539),
(428, 936, 540, 76, 1, '2006-12-05', 494),
(429, 131, 610, 607, 6, '2018-07-31', 319),
(430, 339, 752, 8, 6, '2012-08-17', 154),
(431, 612, 141, 240, 5, '2021-05-22', 593),
(432, 284, 405, 678, 6, '2018-02-27', 253),
(433, 980, 924, 872, 1, '2018-09-15', 654),
(434, 978, 330, 923, 1, '2010-05-22', 295),
(435, 741, 40, 165, 3, '2013-10-31', 185),
(436, 198, 68, 476, 5, '2021-11-15', 389),
(437, 98, 833, 875, 4, '2007-08-26', 188),
(438, 914, 109, 567, 3, '2018-06-05', 314),
(439, 246, 407, 568, 5, '2011-01-14', 625),
(440, 409, 108, 429, 1, '2006-11-23', 980),
(441, 836, 298, 372, 3, '2016-11-24', 947),
(442, 727, 736, 808, 4, '2011-10-28', 199),
(443, 548, 823, 163, 2, '2022-03-01', 675),
(444, 466, 990, 126, 5, '2014-10-02', 515),
(445, 514, 211, 130, 3, '2009-02-23', 925),
(446, 635, 759, 458, 6, '2012-09-29', 830),
(447, 503, 412, 309, 3, '2010-08-27', 144),
(448, 615, 723, 626, 3, '2020-05-30', 791),
(449, 312, 858, 730, 1, '2022-01-27', 387),
(450, 868, 677, 714, 3, '2007-03-18', 245),
(451, 180, 119, 770, 4, '2020-05-01', 70),
(452, 299, 47, 183, 4, '2009-03-07', 914),
(453, 306, 863, 448, 1, '2011-12-13', 364),
(454, 466, 249, 496, 2, '2012-02-27', 923),
(455, 972, 780, 762, 1, '2008-08-10', 986),
(456, 626, 560, 408, 1, '2017-12-18', 717),
(457, 862, 830, 26, 5, '2022-07-11', 649),
(458, 244, 625, 465, 4, '2011-01-29', 461),
(459, 255, 968, 715, 5, '2008-08-06', 868),
(460, 226, 220, 499, 1, '2016-07-24', 765),
(461, 433, 220, 188, 1, '2009-05-01', 227),
(462, 707, 601, 546, 1, '2009-01-18', 255),
(463, 796, 643, 470, 4, '2012-07-16', 360),
(464, 554, 114, 736, 4, '2021-05-27', 842),
(465, 501, 680, 154, 5, '2020-03-06', 530),
(466, 969, 693, 947, 1, '2013-07-23', 605),
(467, 594, 175, 307, 6, '2009-01-14', 518),
(468, 412, 394, 193, 6, '2022-08-11', 698),
(469, 126, 389, 7, 5, '2008-04-28', 811),
(470, 979, 612, 670, 3, '2010-10-26', 568),
(471, 590, 225, 341, 4, '2022-05-24', 453),
(472, 505, 738, 34, 4, '2008-09-14', 298),
(473, 782, 597, 487, 1, '2019-11-08', 644),
(474, 78, 728, 26, 6, '2019-05-07', 109),
(475, 913, 856, 619, 1, '2007-05-15', 286),
(476, 35, 855, 564, 2, '2012-05-11', 27),
(477, 902, 251, 505, 5, '2010-11-23', 662),
(478, 882, 219, 851, 3, '2010-07-12', 604),
(479, 639, 727, 980, 3, '2017-09-28', 61),
(480, 156, 349, 231, 6, '2018-09-12', 518),
(481, 682, 579, 624, 3, '2014-11-30', 862),
(482, 618, 733, 517, 2, '2018-10-16', 192),
(483, 712, 632, 284, 3, '2007-10-02', 820),
(484, 748, 165, 637, 2, '2015-05-27', 154),
(485, 965, 501, 14, 1, '2014-06-27', 515),
(486, 543, 564, 702, 2, '2008-02-19', 741),
(487, 206, 340, 764, 1, '2015-10-06', 930),
(488, 360, 259, 666, 1, '2006-08-05', 80),
(489, 895, 309, 935, 6, '2014-09-19', 819),
(490, 553, 615, 813, 5, '2020-01-01', 379),
(491, 487, 845, 517, 3, '2017-03-02', 658),
(492, 374, 862, 133, 2, '2020-04-29', 310),
(493, 464, 993, 830, 2, '2021-09-18', 648),
(494, 226, 308, 62, 4, '2009-11-19', 710),
(495, 202, 411, 888, 2, '2018-12-04', 703),
(496, 258, 785, 196, 1, '2014-12-08', 415),
(497, 343, 538, 329, 4, '2007-01-25', 936),
(498, 451, 906, 634, 6, '2007-12-06', 754),
(499, 665, 322, 87, 5, '2020-10-28', 383),
(500, 41, 15, 81, 2, '2016-11-19', 280),
(501, 790, 25, 966, 5, '2017-01-06', 642),
(502, 254, 751, 256, 6, '2019-09-26', 41),
(503, 751, 231, 690, 2, '2019-07-31', 910),
(504, 593, 909, 593, 2, '2020-10-18', 166),
(505, 596, 10, 511, 1, '2017-03-18', 238),
(506, 847, 324, 236, 6, '2006-11-27', 741),
(507, 154, 907, 299, 4, '2019-03-28', 296),
(508, 364, 507, 331, 6, '2007-12-29', 784),
(509, 253, 497, 92, 1, '2010-02-03', 938),
(510, 370, 592, 566, 1, '2019-08-27', 636),
(511, 947, 506, 451, 6, '2010-05-02', 912),
(512, 534, 382, 273, 1, '2009-03-28', 614),
(513, 423, 134, 800, 4, '2014-03-02', 554),
(514, 520, 977, 905, 2, '2017-02-26', 186),
(515, 145, 569, 973, 1, '2013-02-10', 653),
(516, 404, 65, 443, 2, '2009-01-11', 932),
(517, 953, 406, 132, 3, '2021-02-11', 959),
(518, 643, 238, 680, 4, '2021-08-23', 650),
(519, 34, 352, 891, 1, '2020-05-18', 51),
(520, 374, 454, 226, 6, '2018-10-14', 769),
(521, 621, 940, 824, 4, '2008-08-28', 80),
(522, 475, 883, 97, 3, '2008-03-15', 217),
(523, 606, 847, 776, 3, '2013-06-07', 201),
(524, 2, 917, 866, 4, '2011-05-19', 424),
(525, 810, 560, 679, 5, '2020-10-11', 959),
(526, 791, 987, 540, 1, '2017-06-09', 814),
(527, 661, 545, 828, 2, '2010-05-14', 855),
(528, 611, 751, 718, 3, '2013-11-17', 20),
(529, 184, 544, 390, 1, '2015-09-10', 587),
(530, 348, 823, 647, 1, '2009-09-13', 238),
(531, 701, 170, 690, 1, '2021-11-08', 34),
(532, 826, 462, 124, 3, '2011-05-05', 905),
(533, 358, 697, 615, 6, '2015-12-12', 970),
(534, 229, 805, 306, 2, '2020-08-21', 613),
(535, 881, 858, 909, 2, '2011-08-04', 300),
(536, 64, 808, 385, 3, '2013-09-10', 280),
(537, 222, 216, 559, 5, '2018-09-25', 377),
(538, 96, 401, 823, 6, '2018-05-16', 590),
(539, 87, 871, 235, 3, '2017-10-28', 940),
(540, 507, 93, 841, 4, '2009-10-18', 695),
(541, 638, 297, 76, 5, '2022-06-06', 361),
(542, 242, 304, 852, 1, '2018-11-07', 406),
(543, 154, 562, 229, 5, '2012-06-04', 568),
(544, 288, 892, 943, 3, '2006-10-15', 588),
(545, 733, 351, 252, 4, '2007-04-19', 131),
(546, 185, 962, 665, 3, '2009-11-24', 302),
(547, 1000, 577, 648, 1, '2007-12-16', 36),
(548, 394, 320, 807, 3, '2021-08-16', 553),
(549, 299, 226, 652, 4, '2010-04-02', 864),
(550, 183, 699, 520, 1, '2017-04-17', 325),
(551, 215, 700, 252, 3, '2018-08-07', 183),
(552, 870, 503, 194, 3, '2017-05-15', 738),
(553, 468, 750, 784, 3, '2009-06-24', 205),
(554, 802, 827, 310, 2, '2009-12-26', 307),
(555, 461, 630, 916, 5, '2022-09-20', 138),
(556, 222, 466, 874, 4, '2008-06-13', 427),
(557, 290, 866, 681, 5, '2016-01-06', 867),
(558, 710, 823, 887, 1, '2006-08-07', 265),
(559, 784, 360, 575, 6, '2008-06-16', 451),
(560, 488, 495, 396, 2, '2011-04-08', 148),
(561, 501, 999, 671, 5, '2015-04-07', 827),
(562, 913, 144, 163, 3, '2009-10-25', 697),
(563, 395, 764, 211, 2, '2007-05-03', 139),
(564, 567, 286, 438, 3, '2008-09-14', 867),
(565, 666, 683, 990, 5, '2011-05-12', 69),
(566, 638, 482, 476, 6, '2007-02-13', 502),
(567, 891, 935, 55, 3, '2010-05-13', 187),
(568, 369, 664, 22, 2, '2021-06-25', 882),
(569, 988, 627, 535, 3, '2016-02-14', 416),
(570, 855, 826, 432, 1, '2018-05-02', 716),
(571, 189, 908, 939, 1, '2007-09-04', 600),
(572, 215, 153, 580, 3, '2017-05-18', 601),
(573, 212, 565, 658, 1, '2006-09-26', 760),
(574, 959, 532, 941, 6, '2019-01-10', 633),
(575, 490, 352, 398, 5, '2019-02-19', 796),
(576, 74, 382, 758, 5, '2019-09-26', 990),
(577, 994, 454, 366, 6, '2015-06-11', 283),
(578, 804, 238, 699, 4, '2007-11-07', 15),
(579, 47, 745, 844, 4, '2016-04-21', 308),
(580, 607, 830, 166, 5, '2019-12-29', 98),
(581, 138, 387, 866, 4, '2006-09-19', 272),
(582, 35, 428, 416, 2, '2012-05-27', 902),
(583, 982, 391, 943, 6, '2018-03-10', 921),
(584, 267, 17, 131, 3, '2017-09-05', 627),
(585, 801, 27, 457, 3, '2017-11-29', 922),
(586, 843, 552, 982, 6, '2017-08-02', 35),
(587, 700, 97, 491, 2, '2013-12-20', 828),
(588, 417, 530, 267, 4, '2016-09-03', 524),
(589, 786, 301, 873, 2, '2014-04-12', 448),
(590, 12, 778, 471, 3, '2015-03-31', 386),
(591, 338, 507, 418, 1, '2022-07-13', 686),
(592, 756, 505, 679, 3, '2012-12-24', 292),
(593, 191, 651, 240, 2, '2018-07-30', 672),
(594, 480, 973, 169, 2, '2011-06-09', 10),
(595, 572, 819, 571, 6, '2010-01-03', 868),
(596, 591, 139, 810, 6, '2022-06-06', 4),
(597, 913, 200, 526, 4, '2017-09-15', 482),
(598, 184, 269, 318, 2, '2022-03-23', 536),
(599, 218, 585, 869, 2, '2007-01-14', 544),
(600, 331, 334, 146, 1, '2022-04-27', 110),
(601, 527, 518, 190, 1, '2016-05-08', 927),
(602, 797, 394, 760, 6, '2008-02-19', 83),
(603, 683, 358, 450, 5, '2007-06-20', 424),
(604, 252, 341, 361, 3, '2020-10-22', 141),
(605, 131, 713, 650, 2, '2022-07-03', 34),
(606, 115, 918, 859, 3, '2009-09-02', 989),
(607, 598, 270, 160, 6, '2011-08-23', 987),
(608, 833, 287, 567, 6, '2013-08-06', 323),
(609, 188, 839, 444, 6, '2007-10-21', 875),
(610, 455, 151, 982, 6, '2019-07-02', 695),
(611, 347, 880, 717, 3, '2008-01-24', 627),
(612, 200, 525, 562, 3, '2021-07-14', 222),
(613, 284, 470, 179, 3, '2022-03-25', 550),
(614, 665, 669, 724, 4, '2020-09-06', 823),
(615, 149, 47, 868, 4, '2012-01-03', 703),
(616, 399, 303, 623, 6, '2019-02-13', 693),
(617, 280, 427, 787, 3, '2014-06-03', 271),
(618, 313, 83, 987, 2, '2017-03-11', 504),
(619, 631, 631, 311, 4, '2014-10-12', 579),
(620, 230, 362, 117, 3, '2016-08-16', 563),
(621, 667, 620, 159, 3, '2018-09-03', 718),
(622, 857, 853, 350, 4, '2013-12-05', 977),
(623, 426, 712, 204, 1, '2013-11-06', 744),
(624, 113, 684, 578, 4, '2008-01-24', 91),
(625, 360, 862, 194, 3, '2014-07-23', 870),
(626, 476, 241, 664, 3, '2007-07-15', 729),
(627, 696, 136, 909, 2, '2013-02-14', 279),
(628, 972, 436, 924, 2, '2011-03-19', 418),
(629, 792, 87, 550, 5, '2018-10-14', 74),
(630, 411, 921, 226, 6, '2006-07-21', 629),
(631, 56, 927, 745, 6, '2017-09-22', 61),
(632, 471, 373, 42, 4, '2008-06-30', 348),
(633, 842, 851, 466, 3, '2012-05-29', 945),
(634, 851, 614, 750, 4, '2016-03-11', 542),
(635, 329, 378, 779, 5, '2019-10-07', 164),
(636, 355, 952, 411, 2, '2012-02-14', 115),
(637, 519, 836, 886, 4, '2018-12-11', 102),
(638, 469, 446, 626, 6, '2012-01-08', 943),
(639, 697, 671, 787, 6, '2020-12-20', 370),
(640, 101, 694, 507, 6, '2018-03-28', 750),
(641, 540, 154, 442, 5, '2007-12-06', 200),
(642, 922, 16, 642, 5, '2009-06-14', 239),
(643, 400, 119, 166, 2, '2013-03-08', 310),
(644, 440, 210, 622, 5, '2007-12-15', 992),
(645, 930, 432, 40, 4, '2008-06-09', 635),
(646, 874, 392, 28, 4, '2008-03-01', 190),
(647, 816, 506, 520, 6, '2014-09-04', 587),
(648, 958, 763, 789, 4, '2014-04-21', 736),
(649, 975, 185, 501, 2, '2013-08-30', 911),
(650, 209, 921, 36, 4, '2011-10-25', 942),
(651, 204, 433, 740, 4, '2014-03-07', 111),
(652, 332, 739, 1, 6, '2017-08-21', 299),
(653, 802, 361, 660, 5, '2021-01-10', 715),
(654, 662, 502, 44, 2, '2017-06-26', 364),
(655, 581, 508, 273, 2, '2011-01-27', 312),
(656, 824, 204, 720, 1, '2014-08-20', 465),
(657, 991, 77, 683, 2, '2010-02-26', 943),
(658, 887, 172, 195, 6, '2013-07-04', 235),
(659, 519, 676, 636, 5, '2007-07-23', 521),
(660, 906, 630, 417, 1, '2022-04-08', 428),
(661, 396, 309, 474, 1, '2016-08-31', 863),
(662, 763, 210, 624, 1, '2009-01-27', 636),
(663, 212, 345, 37, 2, '2022-01-09', 993),
(664, 855, 995, 743, 3, '2010-11-23', 233),
(665, 212, 437, 569, 6, '2013-12-10', 309),
(666, 655, 965, 948, 4, '2021-12-21', 909),
(667, 714, 101, 989, 4, '2007-12-28', 132),
(668, 782, 801, 264, 5, '2006-07-18', 904),
(669, 204, 934, 92, 1, '2021-06-24', 359),
(670, 349, 948, 130, 1, '2014-06-23', 694),
(671, 17, 614, 498, 5, '2012-03-25', 116),
(672, 315, 52, 159, 6, '2018-05-17', 49),
(673, 907, 879, 367, 1, '2018-08-02', 753),
(674, 921, 933, 45, 6, '2008-12-27', 458),
(675, 716, 650, 922, 3, '2012-02-12', 367),
(676, 18, 790, 908, 3, '2015-11-11', 16),
(677, 908, 691, 511, 6, '2012-05-06', 952),
(678, 430, 164, 332, 4, '2022-09-30', 489),
(679, 272, 923, 225, 2, '2014-06-06', 501),
(680, 251, 249, 32, 4, '2022-05-12', 287),
(681, 518, 598, 342, 1, '2014-01-21', 419),
(682, 895, 758, 566, 1, '2016-02-14', 701),
(683, 257, 178, 634, 5, '2013-12-30', 189),
(684, 441, 741, 925, 2, '2006-09-08', 481),
(685, 704, 275, 811, 3, '2013-10-23', 123),
(686, 506, 158, 142, 1, '2012-02-09', 371),
(687, 18, 334, 806, 1, '2014-08-23', 175),
(688, 182, 461, 653, 2, '2007-07-26', 254),
(689, 356, 834, 337, 1, '2021-11-25', 827),
(690, 593, 680, 651, 6, '2022-05-22', 249),
(691, 524, 927, 921, 1, '2009-07-15', 584),
(692, 575, 22, 768, 2, '2018-07-27', 809),
(693, 769, 205, 156, 1, '2007-04-09', 892),
(694, 148, 760, 569, 2, '2020-10-27', 159),
(695, 482, 624, 298, 4, '2021-11-22', 893),
(696, 441, 674, 653, 4, '2010-03-28', 839),
(697, 392, 425, 952, 3, '2010-05-23', 425),
(698, 339, 318, 652, 1, '2021-05-17', 31),
(699, 315, 56, 520, 1, '2009-04-05', 386),
(700, 42, 198, 747, 1, '2020-09-26', 686),
(701, 538, 796, 7, 5, '2017-08-25', 868),
(702, 637, 887, 527, 1, '2011-08-06', 158),
(703, 367, 355, 470, 6, '2022-07-23', 579),
(704, 364, 15, 168, 2, '2019-01-20', 675),
(705, 498, 934, 616, 1, '2016-03-20', 17),
(706, 447, 545, 429, 4, '2009-08-28', 483),
(707, 680, 451, 883, 3, '2009-12-06', 125),
(708, 874, 838, 616, 5, '2017-07-12', 466),
(709, 394, 370, 308, 3, '2006-09-19', 671),
(710, 441, 890, 351, 2, '2011-10-13', 983),
(711, 167, 679, 626, 5, '2007-03-21', 57),
(712, 836, 916, 693, 6, '2006-11-28', 572),
(713, 201, 182, 226, 6, '2013-11-22', 188),
(714, 284, 37, 636, 6, '2013-03-18', 87),
(715, 844, 127, 204, 5, '2020-11-03', 751),
(716, 685, 924, 678, 3, '2009-04-14', 392),
(717, 868, 810, 677, 4, '2012-04-20', 717),
(718, 930, 866, 310, 1, '2022-01-05', 873),
(719, 105, 944, 394, 6, '2013-01-21', 341),
(720, 238, 236, 689, 5, '2021-12-15', 224),
(721, 400, 746, 320, 3, '2020-10-06', 782),
(722, 233, 464, 723, 1, '2014-06-07', 56),
(723, 128, 721, 898, 6, '2022-06-01', 943),
(724, 442, 242, 593, 2, '2007-05-29', 275),
(725, 598, 385, 847, 2, '2014-05-14', 365),
(726, 538, 473, 174, 5, '2012-09-27', 613),
(727, 435, 390, 560, 1, '2010-01-02', 976),
(728, 668, 747, 251, 2, '2015-11-08', 874),
(729, 500, 236, 909, 5, '2009-06-06', 382),
(730, 484, 426, 223, 1, '2021-02-10', 692),
(731, 951, 616, 330, 1, '2013-12-01', 947),
(732, 610, 423, 735, 5, '2011-02-09', 85),
(733, 506, 603, 218, 4, '2008-04-04', 892),
(734, 87, 220, 855, 4, '2011-12-02', 175),
(735, 26, 809, 97, 4, '2007-07-24', 736),
(736, 12, 636, 654, 2, '2017-07-05', 155),
(737, 727, 234, 121, 6, '2012-09-22', 866),
(738, 550, 623, 238, 5, '2022-09-27', 628),
(739, 762, 896, 317, 4, '2015-12-03', 48),
(740, 798, 222, 971, 6, '2022-03-15', 401),
(741, 670, 556, 914, 3, '2021-08-26', 299),
(742, 1000, 275, 41, 6, '2022-08-05', 507),
(743, 572, 264, 421, 3, '2009-07-19', 846),
(744, 606, 395, 295, 4, '2018-06-09', 318),
(745, 708, 222, 555, 5, '2019-11-22', 789),
(746, 883, 708, 292, 1, '2020-10-01', 123),
(747, 959, 381, 819, 6, '2009-07-05', 468),
(748, 614, 391, 484, 5, '2020-01-26', 557),
(749, 174, 978, 53, 3, '2017-11-17', 807),
(750, 532, 883, 313, 2, '2012-12-22', 844),
(751, 122, 409, 99, 5, '2007-06-03', 708),
(752, 554, 535, 398, 3, '2007-05-26', 188),
(753, 466, 455, 362, 1, '2008-05-07', 761),
(754, 400, 603, 137, 1, '2022-07-10', 29),
(755, 729, 763, 238, 2, '2014-03-15', 480),
(756, 822, 350, 417, 2, '2009-08-25', 349),
(757, 136, 130, 258, 3, '2008-08-22', 49),
(758, 868, 932, 475, 3, '2009-01-22', 206),
(759, 943, 222, 857, 1, '2014-08-26', 860),
(760, 594, 16, 765, 1, '2021-01-23', 872),
(761, 660, 227, 783, 1, '2017-11-28', 690),
(762, 213, 161, 433, 1, '2012-06-26', 346),
(763, 143, 414, 578, 6, '2021-11-21', 508),
(764, 505, 91, 184, 5, '2012-05-18', 301),
(765, 573, 226, 674, 3, '2017-11-17', 456),
(766, 282, 422, 873, 4, '2014-04-25', 615),
(767, 481, 256, 346, 4, '2007-08-17', 347),
(768, 270, 892, 646, 3, '2022-03-11', 183),
(769, 456, 560, 149, 1, '2017-02-13', 248),
(770, 176, 231, 634, 1, '2014-03-01', 886),
(771, 224, 850, 803, 5, '2018-06-23', 594),
(772, 233, 98, 633, 1, '2009-07-07', 500),
(773, 352, 947, 295, 5, '2021-09-16', 381),
(774, 488, 695, 845, 1, '2018-10-22', 109),
(775, 302, 776, 307, 4, '2013-03-16', 677),
(776, 406, 227, 551, 6, '2015-08-14', 483),
(777, 438, 66, 771, 2, '2014-12-06', 562),
(778, 751, 439, 80, 4, '2010-01-09', 887),
(779, 846, 992, 138, 2, '2022-10-14', 60),
(780, 726, 940, 644, 5, '2020-03-08', 116),
(781, 147, 194, 549, 4, '2011-04-30', 797),
(782, 741, 740, 510, 1, '2012-09-21', 507),
(783, 101, 590, 894, 1, '2006-07-08', 57),
(784, 120, 776, 323, 4, '2016-05-13', 311),
(785, 581, 37, 900, 4, '2016-05-15', 980),
(786, 483, 244, 967, 3, '2017-09-02', 440),
(787, 887, 15, 934, 2, '2008-10-08', 279),
(788, 55, 634, 437, 1, '2009-12-29', 289),
(789, 34, 547, 144, 3, '2021-06-06', 635),
(790, 663, 151, 604, 1, '2010-03-16', 266),
(791, 702, 487, 717, 1, '2021-10-17', 773),
(792, 19, 138, 98, 3, '2007-01-14', 54),
(793, 278, 661, 535, 5, '2007-11-14', 884),
(794, 143, 292, 79, 3, '2018-09-02', 78),
(795, 401, 159, 813, 1, '2017-11-03', 877),
(796, 64, 388, 875, 6, '2017-05-03', 994),
(797, 630, 481, 474, 4, '2016-03-18', 372),
(798, 354, 625, 123, 2, '2017-09-20', 405),
(799, 903, 244, 273, 2, '2011-09-14', 719),
(800, 760, 130, 449, 4, '2012-01-26', 680),
(801, 218, 924, 940, 6, '2016-11-10', 454),
(802, 814, 916, 848, 1, '2010-12-22', 852),
(803, 324, 584, 721, 3, '2015-07-25', 644),
(804, 825, 425, 469, 6, '2019-08-14', 885),
(805, 833, 705, 959, 3, '2007-11-28', 932),
(806, 820, 785, 123, 3, '2017-05-22', 591),
(807, 382, 568, 92, 3, '2020-05-29', 415),
(808, 641, 991, 899, 6, '2022-08-28', 220),
(809, 549, 680, 227, 6, '2008-03-05', 140),
(810, 248, 696, 239, 5, '2022-01-23', 192),
(811, 255, 307, 398, 2, '2010-11-01', 495),
(812, 512, 516, 49, 1, '2009-04-27', 698),
(813, 129, 560, 803, 3, '2010-09-16', 35),
(814, 987, 732, 977, 2, '2017-06-14', 387),
(815, 304, 926, 662, 5, '2012-01-07', 574),
(816, 433, 150, 42, 3, '2018-11-03', 618),
(817, 449, 981, 497, 6, '2016-09-20', 639),
(818, 993, 440, 400, 1, '2013-12-26', 977),
(819, 909, 202, 738, 6, '2016-02-14', 475),
(820, 19, 443, 248, 3, '2020-04-09', 293),
(821, 763, 60, 568, 2, '2011-09-13', 312),
(822, 237, 599, 173, 5, '2009-03-29', 800),
(823, 651, 677, 570, 3, '2015-01-29', 936),
(824, 109, 79, 902, 6, '2016-05-25', 340),
(825, 980, 513, 751, 5, '2013-06-09', 86),
(826, 569, 629, 343, 2, '2008-12-15', 100),
(827, 520, 701, 226, 2, '2008-04-29', 229),
(828, 307, 675, 644, 5, '2013-04-17', 497),
(829, 259, 555, 402, 2, '2011-03-22', 628),
(830, 704, 374, 942, 3, '2012-07-19', 455),
(831, 537, 280, 975, 3, '2013-06-27', 87),
(832, 448, 328, 451, 5, '2020-04-25', 921),
(833, 469, 472, 448, 2, '2009-01-10', 992),
(834, 846, 815, 275, 6, '2012-05-03', 857),
(835, 204, 989, 831, 3, '2010-12-13', 266),
(836, 233, 499, 451, 6, '2017-12-26', 845),
(837, 255, 370, 385, 3, '2016-01-26', 45),
(838, 484, 172, 50, 3, '2014-12-25', 458),
(839, 607, 260, 195, 6, '2012-04-14', 700),
(840, 274, 869, 983, 1, '2018-11-21', 336),
(841, 135, 636, 699, 3, '2007-05-28', 253),
(842, 812, 324, 169, 3, '2016-11-12', 21),
(843, 850, 652, 259, 3, '2009-06-16', 416),
(844, 530, 717, 191, 5, '2015-09-28', 281),
(845, 702, 306, 227, 2, '2019-07-07', 620),
(846, 569, 290, 52, 4, '2009-01-12', 802),
(847, 814, 873, 811, 5, '2008-12-06', 906),
(848, 194, 220, 454, 4, '2007-06-03', 266),
(849, 584, 277, 26, 3, '2007-02-04', 178),
(850, 592, 426, 329, 5, '2013-07-09', 997),
(851, 94, 182, 814, 2, '2022-07-08', 547),
(852, 685, 284, 443, 5, '2008-04-21', 366),
(853, 561, 906, 551, 4, '2012-02-18', 783),
(854, 194, 277, 305, 6, '2014-03-20', 3),
(855, 473, 840, 104, 5, '2022-07-12', 691),
(856, 851, 614, 170, 5, '2017-01-31', 596),
(857, 832, 459, 379, 1, '2011-02-13', 408),
(858, 363, 412, 677, 6, '2022-08-16', 52),
(859, 112, 891, 210, 5, '2008-01-21', 141),
(860, 855, 652, 892, 5, '2019-02-09', 962),
(861, 324, 800, 88, 4, '2008-07-10', 241),
(862, 586, 20, 346, 2, '2021-07-03', 452),
(863, 286, 675, 801, 2, '2013-02-02', 895),
(864, 502, 960, 176, 2, '2011-10-26', 521),
(865, 391, 276, 889, 2, '2017-07-03', 771),
(866, 826, 343, 908, 3, '2008-08-11', 931),
(867, 60, 238, 650, 5, '2021-07-06', 569),
(868, 391, 999, 233, 1, '2021-01-10', 331),
(869, 379, 2, 925, 4, '2014-11-19', 882),
(870, 341, 149, 431, 1, '2018-02-01', 868),
(871, 135, 650, 487, 3, '2015-07-19', 36),
(872, 701, 806, 283, 6, '2021-10-14', 825),
(873, 296, 799, 897, 3, '2017-05-12', 264),
(874, 963, 777, 524, 2, '2010-02-04', 3),
(875, 701, 985, 153, 5, '2007-03-13', 762),
(876, 671, 370, 477, 2, '2016-05-29', 362),
(877, 497, 790, 373, 5, '2014-02-23', 438),
(878, 372, 750, 889, 2, '2008-09-08', 349),
(879, 75, 790, 331, 2, '2017-07-28', 611),
(880, 305, 401, 891, 5, '2020-04-06', 547),
(881, 280, 492, 71, 1, '2012-03-20', 266),
(882, 4, 90, 634, 2, '2017-08-15', 399),
(883, 699, 242, 927, 3, '2010-05-22', 596),
(884, 391, 822, 516, 5, '2021-07-29', 114),
(885, 639, 143, 687, 2, '2020-03-07', 70),
(886, 202, 629, 988, 1, '2011-07-29', 776),
(887, 801, 332, 917, 3, '2011-05-25', 136),
(888, 955, 432, 279, 1, '2019-02-04', 223),
(889, 345, 599, 240, 1, '2011-09-30', 6),
(890, 461, 165, 646, 6, '2019-06-05', 183),
(891, 573, 846, 55, 2, '2009-04-19', 639),
(892, 443, 383, 684, 3, '2018-09-20', 978),
(893, 35, 787, 542, 4, '2021-09-03', 59),
(894, 284, 151, 719, 2, '2012-04-30', 209),
(895, 194, 241, 645, 3, '2007-08-12', 153),
(896, 589, 293, 969, 1, '2012-04-22', 785),
(897, 92, 873, 786, 2, '2017-07-23', 7),
(898, 451, 495, 633, 5, '2012-06-25', 352),
(899, 299, 255, 798, 4, '2022-04-23', 908),
(900, 24, 520, 972, 3, '2006-09-10', 540),
(901, 374, 166, 735, 1, '2022-05-11', 593),
(902, 977, 481, 940, 3, '2015-07-21', 49),
(903, 858, 419, 617, 5, '2018-04-18', 264),
(904, 822, 565, 844, 3, '2013-07-19', 300),
(905, 865, 860, 209, 3, '2012-04-02', 641),
(906, 177, 708, 349, 2, '2019-11-08', 687),
(907, 924, 199, 230, 4, '2008-06-05', 867),
(908, 800, 190, 247, 5, '2008-11-05', 932),
(909, 678, 612, 814, 4, '2013-03-01', 985),
(910, 680, 50, 937, 2, '2009-09-03', 108),
(911, 188, 924, 863, 3, '2020-07-04', 198),
(912, 571, 799, 310, 5, '2013-08-07', 697),
(913, 405, 35, 366, 4, '2015-11-10', 537),
(914, 555, 780, 631, 4, '2007-11-05', 594),
(915, 943, 960, 631, 5, '2007-02-14', 619),
(916, 316, 957, 621, 6, '2016-12-27', 881),
(917, 282, 646, 221, 5, '2014-12-08', 472),
(918, 920, 576, 768, 4, '2010-01-31', 214),
(919, 807, 453, 366, 4, '2011-03-29', 605),
(920, 597, 891, 623, 4, '2009-05-24', 744),
(921, 532, 623, 341, 6, '2009-10-26', 419),
(922, 255, 327, 512, 1, '2015-07-31', 289),
(923, 80, 784, 579, 4, '2019-08-20', 216),
(924, 305, 685, 874, 2, '2015-10-08', 532),
(925, 740, 193, 906, 3, '2017-06-27', 811),
(926, 384, 617, 461, 3, '2012-02-15', 366),
(927, 901, 537, 102, 3, '2015-03-30', 966),
(928, 495, 303, 193, 5, '2020-05-26', 144),
(929, 423, 973, 700, 5, '2017-05-21', 509),
(930, 553, 777, 990, 1, '2010-02-04', 545),
(931, 15, 435, 245, 3, '2012-06-20', 704),
(932, 743, 951, 863, 1, '2021-12-13', 814),
(933, 622, 142, 9, 6, '2008-04-16', 344),
(934, 118, 879, 840, 1, '2016-02-06', 669),
(935, 492, 669, 983, 1, '2017-12-25', 11),
(936, 890, 352, 136, 3, '2017-12-15', 115),
(937, 677, 573, 547, 5, '2006-10-23', 927),
(938, 964, 970, 755, 1, '2009-04-06', 180),
(939, 991, 6, 674, 2, '2015-06-19', 634),
(940, 891, 198, 141, 4, '2020-09-10', 728),
(941, 855, 906, 610, 6, '2011-03-20', 321),
(942, 972, 975, 757, 1, '2021-02-13', 190),
(943, 205, 692, 656, 3, '2015-02-07', 552),
(944, 523, 793, 805, 1, '2015-08-06', 611),
(945, 749, 515, 877, 5, '2019-04-13', 656),
(946, 180, 374, 515, 3, '2021-10-01', 965),
(947, 481, 336, 212, 1, '2010-05-08', 813),
(948, 984, 184, 453, 2, '2015-01-08', 225),
(949, 99, 637, 823, 1, '2006-10-15', 386),
(950, 535, 60, 940, 6, '2013-02-18', 626),
(951, 414, 649, 112, 3, '2006-12-20', 18),
(952, 30, 1, 278, 5, '2014-01-02', 55),
(953, 553, 358, 220, 2, '2008-06-19', 111),
(954, 51, 985, 563, 4, '2014-10-25', 517),
(955, 374, 773, 732, 4, '2009-10-08', 932),
(956, 541, 109, 570, 3, '2021-05-17', 986),
(957, 913, 52, 24, 2, '2009-05-13', 790),
(958, 394, 517, 455, 4, '2019-07-17', 2),
(959, 740, 900, 375, 5, '2007-07-21', 432),
(960, 415, 298, 922, 4, '2017-02-02', 438),
(961, 536, 244, 546, 1, '2013-02-22', 619),
(962, 63, 26, 759, 3, '2013-05-08', 203),
(963, 640, 726, 171, 6, '2019-12-11', 871),
(964, 518, 668, 473, 4, '2017-07-22', 909),
(965, 555, 608, 250, 6, '2019-07-30', 310),
(966, 10, 671, 445, 5, '2019-10-29', 227),
(967, 280, 998, 741, 2, '2011-12-26', 302),
(968, 642, 463, 237, 1, '2015-08-08', 594),
(969, 243, 211, 521, 4, '2019-04-27', 658),
(970, 470, 698, 606, 4, '2017-08-28', 502),
(971, 78, 455, 816, 4, '2020-02-01', 549),
(972, 340, 931, 595, 3, '2012-07-08', 590),
(973, 450, 743, 313, 6, '2009-12-30', 585),
(974, 627, 688, 704, 4, '2009-02-02', 700),
(975, 560, 953, 610, 3, '2007-09-07', 428),
(976, 629, 494, 823, 6, '2021-10-11', 771),
(977, 49, 76, 675, 5, '2014-11-11', 586),
(978, 728, 171, 347, 2, '2012-09-13', 752),
(979, 934, 228, 369, 5, '2009-05-06', 702),
(980, 757, 122, 65, 6, '2006-05-21', 848),
(981, 698, 19, 77, 2, '2016-07-31', 102),
(982, 51, 309, 87, 2, '2021-09-08', 218),
(983, 633, 585, 766, 5, '2020-05-31', 759),
(984, 372, 672, 554, 4, '2020-07-12', 159),
(985, 823, 671, 171, 3, '2016-11-26', 216),
(986, 52, 563, 481, 6, '2009-04-17', 981),
(987, 313, 787, 514, 4, '2022-08-29', 252),
(988, 191, 865, 459, 4, '2021-05-07', 844),
(989, 212, 745, 253, 1, '2019-07-16', 797),
(990, 154, 231, 153, 5, '2012-06-09', 124),
(991, 163, 560, 300, 1, '2011-07-03', 907),
(992, 381, 888, 513, 1, '2016-11-13', 416),
(993, 614, 332, 815, 4, '2013-11-01', 718),
(994, 452, 50, 282, 5, '2009-06-01', 268),
(995, 220, 943, 531, 6, '2012-02-02', 323),
(996, 338, 989, 171, 6, '2013-05-29', 547),
(997, 68, 104, 337, 5, '2010-05-01', 633),
(998, 509, 423, 295, 2, '2022-04-15', 803),
(999, 200, 377, 700, 1, '2014-10-05', 111),
(1000, 809, 883, 518, 2, '2016-09-18', 106);

-- --------------------------------------------------------

--
-- Struktura tabeli dla tabeli `przedmioty`
--

CREATE TABLE `przedmioty` (
  `idprzedmiotu` int(11) NOT NULL,
  `Nazwa` varchar(200) NOT NULL
) ENGINE=InnoDB DEFAULT CHARSET=utf8mb4;

--
-- Zrzut danych tabeli `przedmioty`
--

INSERT INTO `przedmioty` (`idprzedmiotu`, `Nazwa`) VALUES
(1, 'Fatz'),
(2, 'Fivespan'),
(3, 'Riffpedia'),
(4, 'Meedoo'),
(5, 'Thoughtblab'),
(6, 'Kaymbo'),
(7, 'Buzzbean'),
(8, 'Gigabox'),
(9, 'Skidoo'),
(10, 'Avavee'),
(11, 'Vinte'),
(12, 'Yoveo'),
(13, 'Kimia'),
(14, 'Mydo'),
(15, 'Lazzy'),
(16, 'Oyondu'),
(17, 'Quinu'),
(18, 'Eabox'),
(19, 'Skilith'),
(20, 'Meevee'),
(21, 'Ailane'),
(22, 'Yamia'),
(23, 'Edgeblab'),
(24, 'Meeveo'),
(25, 'Kwilith'),
(26, 'Edgeify'),
(27, 'Voonder'),
(28, 'Miboo'),
(29, 'Tazz'),
(30, 'Jabbercube'),
(31, 'Twitternation'),
(32, 'Babbleset'),
(33, 'Flashset'),
(34, 'Eazzy'),
(35, 'Wikizz'),
(36, 'Oyoba'),
(37, 'Wordify'),
(38, 'Devify'),
(39, 'Mudo'),
(40, 'Izio'),
(41, 'Cogidoo'),
(42, 'Fivespan'),
(43, 'Wordware'),
(44, 'Zoovu'),
(45, 'Kayveo'),
(46, 'Rhyloo'),
(47, 'Wikivu'),
(48, 'Meemm'),
(49, 'Devshare'),
(50, 'Bubblemix'),
(51, 'Babbleblab'),
(52, 'Ozu'),
(53, 'Kare'),
(54, 'Geba'),
(55, 'Brainlounge'),
(56, 'Skyvu'),
(57, 'Podcat'),
(58, 'Vipe'),
(59, 'Flashdog'),
(60, 'Photobug'),
(61, 'Topicware'),
(62, 'Wikido'),
(63, 'Fivebridge'),
(64, 'Jaloo'),
(65, 'Devpoint'),
(66, 'Viva'),
(67, 'Kazio'),
(68, 'Skiba'),
(69, 'Skinder'),
(70, 'Jabbersphere'),
(71, 'Browsezoom'),
(72, 'Gabcube'),
(73, 'Yakitri'),
(74, 'Roodel'),
(75, 'Linklinks'),
(76, 'Devcast'),
(77, 'Oyoyo'),
(78, 'Tagfeed'),
(79, 'Bluezoom'),
(80, 'Livetube'),
(81, 'Rhycero'),
(82, 'Gabspot'),
(83, 'Linkbridge'),
(84, 'Oyonder'),
(85, 'Feednation'),
(86, 'Edgeclub'),
(87, 'Devpoint'),
(88, 'Agimba'),
(89, 'Rooxo'),
(90, 'Riffpedia'),
(91, 'Linkbuzz'),
(92, 'Shufflebeat'),
(93, 'Twitterwire'),
(94, 'Skiptube'),
(95, 'Quinu'),
(96, 'Bubblemix'),
(97, 'Izio'),
(98, 'Vinder'),
(99, 'Bubbletube'),
(100, 'Dazzlesphere'),
(101, 'Mynte'),
(102, 'Cogilith'),
(103, 'Kwideo'),
(104, 'Vinte'),
(105, 'Flashdog'),
(106, 'Kare'),
(107, 'Meezzy'),
(108, 'Aivee'),
(109, 'Teklist'),
(110, 'Fiveclub'),
(111, 'Skyndu'),
(112, 'Mydo'),
(113, 'Livefish'),
(114, 'Snaptags'),
(115, 'Blogspan'),
(116, 'Bubbletube'),
(117, 'Yabox'),
(118, 'Kazio'),
(119, 'Rhynyx'),
(120, 'Youtags'),
(121, 'Demivee'),
(122, 'Rhyloo'),
(123, 'Dynabox'),
(124, 'Yakijo'),
(125, 'Photofeed'),
(126, 'Camimbo'),
(127, 'Voonder'),
(128, 'Oyoyo'),
(129, 'Thoughtbeat'),
(130, 'Centizu'),
(131, 'Jabbertype'),
(132, 'Youbridge'),
(133, 'Oba'),
(134, 'Linklinks'),
(135, 'Edgepulse'),
(136, 'Plambee'),
(137, 'Ooba'),
(138, 'Gabspot'),
(139, 'Mydeo'),
(140, 'Leenti'),
(141, 'Jaxspan'),
(142, 'Meetz'),
(143, 'Lazz'),
(144, 'Vinder'),
(145, 'Voomm'),
(146, 'Npath'),
(147, 'Rhynoodle'),
(148, 'Leexo'),
(149, 'Plajo'),
(150, 'Quatz'),
(151, 'Kwideo'),
(152, 'Aivee'),
(153, 'Roomm'),
(154, 'Dabjam'),
(155, 'Buzzbean'),
(156, 'Tazz'),
(157, 'Edgeblab'),
(158, 'Skinix'),
(159, 'Dazzlesphere'),
(160, 'Buzzshare'),
(161, 'Oyoyo'),
(162, 'Eare'),
(163, 'Skippad'),
(164, 'Divavu'),
(165, 'Yakitri'),
(166, 'Youopia'),
(167, 'Jatri'),
(168, 'Dabshots'),
(169, 'Skimia'),
(170, 'Skilith'),
(171, 'Pixonyx'),
(172, 'Browsecat'),
(173, 'Zoombox'),
(174, 'Dablist'),
(175, 'Voonte'),
(176, 'Realblab'),
(177, 'Skidoo'),
(178, 'Blognation'),
(179, 'Meezzy'),
(180, 'Zoovu'),
(181, 'Browsecat'),
(182, 'Eamia'),
(183, 'Browsedrive'),
(184, 'Oyope'),
(185, 'Flipstorm'),
(186, 'Realbuzz'),
(187, 'Skimia'),
(188, 'Oodoo'),
(189, 'Topiclounge'),
(190, 'Skinder'),
(191, 'Vitz'),
(192, 'Cogidoo'),
(193, 'Zoomcast'),
(194, 'Yoveo'),
(195, 'Janyx'),
(196, 'Vimbo'),
(197, 'Browsetype'),
(198, 'Thoughtsphere'),
(199, 'Devpoint'),
(200, 'Skimia'),
(201, 'Voolia'),
(202, 'Tagfeed'),
(203, 'Meevee'),
(204, 'Lajo'),
(205, 'Skalith'),
(206, 'Eabox'),
(207, 'Topicblab'),
(208, 'Gigazoom'),
(209, 'Shuffletag'),
(210, 'Wikizz'),
(211, 'Skivee'),
(212, 'Edgeclub'),
(213, 'Quatz'),
(214, 'Quatz'),
(215, 'Innojam'),
(216, 'Feedbug'),
(217, 'Yambee'),
(218, 'Mycat'),
(219, 'Dabfeed'),
(220, 'Zooveo'),
(221, 'Kazio'),
(222, 'Topiclounge'),
(223, 'Feednation'),
(224, 'Voonder'),
(225, 'Centizu'),
(226, 'Oyondu'),
(227, 'Oozz'),
(228, 'Wordware'),
(229, 'Edgeblab'),
(230, 'Edgepulse'),
(231, 'Jetwire'),
(232, 'Vidoo'),
(233, 'Browsedrive'),
(234, 'Meejo'),
(235, 'Edgetag'),
(236, 'Zoomlounge'),
(237, 'Dabjam'),
(238, 'Skivee'),
(239, 'Jaxspan'),
(240, 'Quatz'),
(241, 'Fivebridge'),
(242, 'InnoZ'),
(243, 'Meezzy'),
(244, 'Flashspan'),
(245, 'Tagchat'),
(246, 'Skimia'),
(247, 'Devpulse'),
(248, 'Kazu'),
(249, 'Digitube'),
(250, 'Mybuzz'),
(251, 'Dazzlesphere'),
(252, 'Riffpath'),
(253, 'Flipbug'),
(254, 'Skiptube'),
(255, 'Innojam'),
(256, 'Kwideo'),
(257, 'Twitterbridge'),
(258, 'Miboo'),
(259, 'Voolith'),
(260, 'Gigazoom'),
(261, 'Wordify'),
(262, 'Trudeo'),
(263, 'Mudo'),
(264, 'Eare'),
(265, 'Chatterbridge'),
(266, 'Cogidoo'),
(267, 'Brainlounge'),
(268, 'Fliptune'),
(269, 'Thoughtbridge'),
(270, 'Oodoo'),
(271, 'Topiclounge'),
(272, 'Jetwire'),
(273, 'Quatz'),
(274, 'Feedspan'),
(275, 'Podcat'),
(276, 'Skyndu'),
(277, 'Ntags'),
(278, 'Chatterbridge'),
(279, 'Youtags'),
(280, 'Ainyx'),
(281, 'Quimm'),
(282, 'Kanoodle'),
(283, 'Dabfeed'),
(284, 'Skidoo'),
(285, 'Buzzster'),
(286, 'Feednation'),
(287, 'Jaloo'),
(288, 'Yadel'),
(289, 'Devpulse'),
(290, 'Jetpulse'),
(291, 'Topicstorm'),
(292, 'Rhyzio'),
(293, 'Divavu'),
(294, 'Ntags'),
(295, 'Tambee'),
(296, 'Kayveo'),
(297, 'Youtags'),
(298, 'Brainbox'),
(299, 'Dabshots'),
(300, 'Mynte'),
(301, 'Avamm'),
(302, 'Shufflester'),
(303, 'Oloo'),
(304, 'Quinu'),
(305, 'Meejo'),
(306, 'Skivee'),
(307, 'Blognation'),
(308, 'Browseblab'),
(309, 'Roodel'),
(310, 'Tagchat'),
(311, 'Oba'),
(312, 'Jabbercube'),
(313, 'Skalith'),
(314, 'Wikivu'),
(315, 'Riffpedia'),
(316, 'Devpulse'),
(317, 'Roombo'),
(318, 'Twitterbridge'),
(319, 'Oyoyo'),
(320, 'Talane'),
(321, 'Browsecat'),
(322, 'Twiyo'),
(323, 'Topiczoom'),
(324, 'Voolia'),
(325, 'Wordify'),
(326, 'Izio'),
(327, 'Blogpad'),
(328, 'Tavu'),
(329, 'Eidel'),
(330, 'Photospace'),
(331, 'Jaxworks'),
(332, 'Gabtype'),
(333, 'Podcat'),
(334, 'Twitterbeat'),
(335, 'Mynte'),
(336, 'Roodel'),
(337, 'Zazio'),
(338, 'Mycat'),
(339, 'Rooxo'),
(340, 'Youfeed'),
(341, 'Skyble'),
(342, 'Browsezoom'),
(343, 'Tagtune'),
(344, 'Bubblemix'),
(345, 'Yata'),
(346, 'Janyx'),
(347, 'Yabox'),
(348, 'Kwilith'),
(349, 'Eare'),
(350, 'Twiyo'),
(351, 'Yata'),
(352, 'Twitterwire'),
(353, 'DabZ'),
(354, 'Talane'),
(355, 'Izio'),
(356, 'Trudeo'),
(357, 'Dabvine'),
(358, 'Photofeed'),
(359, 'Tagopia'),
(360, 'Divanoodle'),
(361, 'Rhynyx'),
(362, 'Twinte'),
(363, 'Realbuzz'),
(364, 'Tambee'),
(365, 'Vinder'),
(366, 'Zava'),
(367, 'Realpoint'),
(368, 'Skynoodle'),
(369, 'Skalith'),
(370, 'Agivu'),
(371, 'Abata'),
(372, 'Tazzy'),
(373, 'Quaxo'),
(374, 'Fivebridge'),
(375, 'Yadel'),
(376, 'Midel'),
(377, 'Lazz'),
(378, 'Mita'),
(379, 'Zoomlounge'),
(380, 'Vimbo'),
(381, 'Eimbee'),
(382, 'Browsezoom'),
(383, 'Babbleopia'),
(384, 'Oyonder'),
(385, 'Photobug'),
(386, 'Jaxbean'),
(387, 'Thoughtstorm'),
(388, 'Dazzlesphere'),
(389, 'Chatterbridge'),
(390, 'Kazu'),
(391, 'Vinder'),
(392, 'Mynte'),
(393, 'Mymm'),
(394, 'Vinte'),
(395, 'Quamba'),
(396, 'Rhynyx'),
(397, 'Jatri'),
(398, 'Zooveo'),
(399, 'Mynte'),
(400, 'Eidel'),
(401, 'Quimm'),
(402, 'Zoonder'),
(403, 'Topicstorm'),
(404, 'Skalith'),
(405, 'Jayo'),
(406, 'Brainverse'),
(407, 'Fatz'),
(408, 'Skyble'),
(409, 'Tavu'),
(410, 'Yombu'),
(411, 'Jaxnation'),
(412, 'Gabspot'),
(413, 'Voolith'),
(414, 'Trunyx'),
(415, 'Youbridge'),
(416, 'Zazio'),
(417, 'Twitterlist'),
(418, 'Riffpedia'),
(419, 'Skivee'),
(420, 'Thoughtbeat'),
(421, 'Yambee'),
(422, 'Quatz'),
(423, 'Topicshots'),
(424, 'Eayo'),
(425, 'Realpoint'),
(426, 'Browsecat'),
(427, 'Dazzlesphere'),
(428, 'Flashspan'),
(429, 'Ntags'),
(430, 'Eazzy'),
(431, 'Realmix'),
(432, 'Zoomlounge'),
(433, 'Eire'),
(434, 'Rooxo'),
(435, 'Fiveclub'),
(436, 'Kazio'),
(437, 'Yabox'),
(438, 'Riffwire'),
(439, 'Brightdog'),
(440, 'Blognation'),
(441, 'Voomm'),
(442, 'Teklist'),
(443, 'Katz'),
(444, 'Vinte'),
(445, 'Chatterbridge'),
(446, 'Oyondu'),
(447, 'Meeveo'),
(448, 'Abatz'),
(449, 'Realpoint'),
(450, 'Trilia'),
(451, 'Rooxo'),
(452, 'Tanoodle'),
(453, 'Devpoint'),
(454, 'Gigazoom'),
(455, 'Wikivu'),
(456, 'Kwideo'),
(457, 'Oyoba'),
(458, 'Twitterbridge'),
(459, 'Dabfeed'),
(460, 'Brainbox'),
(461, 'Devshare'),
(462, 'Shuffledrive'),
(463, 'Youspan'),
(464, 'Voomm'),
(465, 'Tanoodle'),
(466, 'Wikivu'),
(467, 'Viva'),
(468, 'Divape'),
(469, 'Topicblab'),
(470, 'Eare'),
(471, 'Realcube'),
(472, 'Browsetype'),
(473, 'Mita'),
(474, 'Abatz'),
(475, 'Meetz'),
(476, 'Zoomcast'),
(477, 'Yotz'),
(478, 'Tagfeed'),
(479, 'Digitube'),
(480, 'Yodo'),
(481, 'Midel'),
(482, 'Geba'),
(483, 'Wordtune'),
(484, 'Meetz'),
(485, 'Skajo'),
(486, 'Zoonoodle'),
(487, 'Dynabox'),
(488, 'Feedspan'),
(489, 'Wikizz'),
(490, 'Gigaclub'),
(491, 'Yakitri'),
(492, 'Voolith'),
(493, 'Skinte'),
(494, 'Oyope'),
(495, 'Flipbug'),
(496, 'Blogtags'),
(497, 'Browsebug'),
(498, 'Cogidoo'),
(499, 'Eire'),
(500, 'Buzzshare'),
(501, 'Trunyx'),
(502, 'Gigashots'),
(503, 'Jaloo'),
(504, 'Thoughtbeat'),
(505, 'Jaxworks'),
(506, 'Jabberbean'),
(507, 'Mydeo'),
(508, 'Oodoo'),
(509, 'Rhynyx'),
(510, 'Gigazoom'),
(511, 'Dynazzy'),
(512, 'Brainverse'),
(513, 'Abatz'),
(514, 'Jabbersphere'),
(515, 'Vitz'),
(516, 'Minyx'),
(517, 'Kwimbee'),
(518, 'Vinder'),
(519, 'Innotype'),
(520, 'Rooxo'),
(521, 'JumpXS'),
(522, 'Jamia'),
(523, 'Meemm'),
(524, 'Geba'),
(525, 'Meevee'),
(526, 'Quatz'),
(527, 'Yata'),
(528, 'LiveZ'),
(529, 'Voolia'),
(530, 'Vitz'),
(531, 'Trudoo'),
(532, 'Meeveo'),
(533, 'Quire'),
(534, 'Vitz'),
(535, 'Skipfire'),
(536, 'Thoughtbeat'),
(537, 'Quimm'),
(538, 'Feedbug'),
(539, 'Eabox'),
(540, 'Oyoloo'),
(541, 'Fadeo'),
(542, 'Cogilith'),
(543, 'Babbleblab'),
(544, 'Photofeed'),
(545, 'Meembee'),
(546, 'Youtags'),
(547, 'Tazz'),
(548, 'Kamba'),
(549, 'Kazio'),
(550, 'Topdrive'),
(551, 'Aimbo'),
(552, 'Jetwire'),
(553, 'Demizz'),
(554, 'Voonte'),
(555, 'Teklist'),
(556, 'Voomm'),
(557, 'Minyx'),
(558, 'Zooveo'),
(559, 'Ntag'),
(560, 'Myworks'),
(561, 'Photobug'),
(562, 'Riffwire'),
(563, 'Yakitri'),
(564, 'Twitterbridge'),
(565, 'Yabox'),
(566, 'Devshare'),
(567, 'Pixope'),
(568, 'Kwinu'),
(569, 'Yamia'),
(570, 'Voonte'),
(571, 'Brightbean'),
(572, 'Dabshots'),
(573, 'Janyx'),
(574, 'Skilith'),
(575, 'Photobug'),
(576, 'Babbleopia'),
(577, 'Kazio'),
(578, 'Fatz'),
(579, 'Camido'),
(580, 'Tagopia'),
(581, 'Bubblebox'),
(582, 'Jaxspan'),
(583, 'Thoughtmix'),
(584, 'Latz'),
(585, 'Devpulse'),
(586, 'Skilith'),
(587, 'Yakijo'),
(588, 'Twinte'),
(589, 'Quimm'),
(590, 'Tagchat'),
(591, 'Voolia'),
(592, 'Babbleset'),
(593, 'Browseblab'),
(594, 'Brightdog'),
(595, 'Babbleset'),
(596, 'Twimm'),
(597, 'Topiczoom'),
(598, 'Realbridge'),
(599, 'Feednation'),
(600, 'Skipstorm'),
(601, 'Realbuzz'),
(602, 'Tazzy'),
(603, 'Skyndu'),
(604, 'Topicshots'),
(605, 'Plambee'),
(606, 'Jabbersphere'),
(607, 'Edgepulse'),
(608, 'Eidel'),
(609, 'Edgepulse'),
(610, 'Yabox'),
(611, 'Thoughtbeat'),
(612, 'Demizz'),
(613, 'Youspan'),
(614, 'Flashspan'),
(615, 'Muxo'),
(616, 'Youtags'),
(617, 'Dabfeed'),
(618, 'Trupe'),
(619, 'Quatz'),
(620, 'Thoughtblab'),
(621, 'Digitube'),
(622, 'Vinder'),
(623, 'Centimia'),
(624, 'Browsecat'),
(625, 'Skimia'),
(626, 'Dynabox'),
(627, 'Npath'),
(628, 'Gabspot'),
(629, 'Gigashots'),
(630, 'Jayo'),
(631, 'Tagopia'),
(632, 'Tagtune'),
(633, 'Meevee'),
(634, 'Trudeo'),
(635, 'Feedbug'),
(636, 'Lazz'),
(637, 'Meevee'),
(638, 'Brainsphere'),
(639, 'Ntag'),
(640, 'Wordware'),
(641, 'Yakitri'),
(642, 'Photojam'),
(643, 'Skyba'),
(644, 'Voomm'),
(645, 'Digitube'),
(646, 'Devcast'),
(647, 'Riffpath'),
(648, 'Voonyx'),
(649, 'Skyndu'),
(650, 'Brightbean'),
(651, 'Yadel'),
(652, 'Kanoodle'),
(653, 'Buzzdog'),
(654, 'Snaptags'),
(655, 'Kwimbee'),
(656, 'Meejo'),
(657, 'Zoonder'),
(658, 'Brainlounge'),
(659, 'Skidoo'),
(660, 'Feedfish'),
(661, 'Jatri'),
(662, 'Tagfeed'),
(663, 'Jabbersphere'),
(664, 'Zazio'),
(665, 'Blogtag'),
(666, 'Kwimbee'),
(667, 'Ooba'),
(668, 'Dynazzy'),
(669, 'Kwinu'),
(670, 'Tanoodle'),
(671, 'Voonyx'),
(672, 'Omba'),
(673, 'Trudoo'),
(674, 'Mybuzz'),
(675, 'Yotz'),
(676, 'Dazzlesphere'),
(677, 'Midel'),
(678, 'Lazz'),
(679, 'Realblab'),
(680, 'Photospace'),
(681, 'Kazio'),
(682, 'Katz'),
(683, 'Divanoodle'),
(684, 'Skipstorm'),
(685, 'Meevee'),
(686, 'Eidel'),
(687, 'Feedfire'),
(688, 'Quimm'),
(689, 'Skinder'),
(690, 'Thoughtstorm'),
(691, 'Fliptune'),
(692, 'Flashset'),
(693, 'Linktype'),
(694, 'Photobug'),
(695, 'Meemm'),
(696, 'Leexo'),
(697, 'Yodo'),
(698, 'Pixope'),
(699, 'Skyba'),
(700, 'Oyoyo'),
(701, 'Fliptune'),
(702, 'Zoombeat'),
(703, 'Buzzdog'),
(704, 'Thoughtbridge'),
(705, 'Edgewire'),
(706, 'Eidel'),
(707, 'Skyble'),
(708, 'Browsedrive'),
(709, 'Agivu'),
(710, 'Skinder'),
(711, 'Vipe'),
(712, 'Realpoint'),
(713, 'Shufflebeat'),
(714, 'Brainlounge'),
(715, 'Skidoo'),
(716, 'Voomm'),
(717, 'Katz'),
(718, 'Tazz'),
(719, 'Trilith'),
(720, 'Skippad'),
(721, 'Miboo'),
(722, 'Rhyloo'),
(723, 'Izio'),
(724, 'Gevee'),
(725, 'Jaxbean'),
(726, 'Kwinu'),
(727, 'Pixonyx'),
(728, 'Tagcat'),
(729, 'Digitube'),
(730, 'Gigaclub'),
(731, 'Rhynyx'),
(732, 'Voomm'),
(733, 'Brightdog'),
(734, 'Camido'),
(735, 'Roodel'),
(736, 'Photobug'),
(737, 'Oyoba'),
(738, 'Devshare'),
(739, 'Plambee'),
(740, 'Edgeblab'),
(741, 'Feedspan'),
(742, 'Devcast'),
(743, 'Fivechat'),
(744, 'Cogidoo'),
(745, 'Youspan'),
(746, 'Topiczoom'),
(747, 'Twitterwire'),
(748, 'Feedspan'),
(749, 'Kamba'),
(750, 'Cogidoo'),
(751, 'Devify'),
(752, 'Abatz'),
(753, 'Skinte'),
(754, 'Flipbug'),
(755, 'Jaxnation'),
(756, 'Rhybox'),
(757, 'Photofeed'),
(758, 'Ailane'),
(759, 'Tazz'),
(760, 'Twitterworks'),
(761, 'InnoZ'),
(762, 'Zoomdog'),
(763, 'Rhycero'),
(764, 'Meejo'),
(765, 'Tavu'),
(766, 'BlogXS'),
(767, 'Oba'),
(768, 'Centidel'),
(769, 'Innojam'),
(770, 'Oozz'),
(771, 'Kamba'),
(772, 'Brainverse'),
(773, 'Vinte'),
(774, 'Avavee'),
(775, 'Jayo'),
(776, 'Cogidoo'),
(777, 'Skajo'),
(778, 'Photojam'),
(779, 'Zava'),
(780, 'Nlounge'),
(781, 'Dabjam'),
(782, 'Photobug'),
(783, 'Tagopia'),
(784, 'Vipe'),
(785, 'Devbug'),
(786, 'Oyondu'),
(787, 'Ooba'),
(788, 'Viva'),
(789, 'Yakidoo'),
(790, 'Trudoo'),
(791, 'Jabberstorm'),
(792, 'Jaxbean'),
(793, 'Gigaclub'),
(794, 'Jabbertype'),
(795, 'Kwinu'),
(796, 'Edgeclub'),
(797, 'Realblab'),
(798, 'Eare'),
(799, 'Zoomcast'),
(800, 'Aibox'),
(801, 'Realfire'),
(802, 'Jayo'),
(803, 'Realblab'),
(804, 'Abata'),
(805, 'Tagcat'),
(806, 'Mita'),
(807, 'Centidel'),
(808, 'Demizz'),
(809, 'Eamia'),
(810, 'Divanoodle'),
(811, 'Eayo'),
(812, 'Talane'),
(813, 'Trudoo'),
(814, 'Tazzy'),
(815, 'Yamia'),
(816, 'Kwinu'),
(817, 'Fanoodle'),
(818, 'Bubblemix'),
(819, 'Kamba'),
(820, 'Babblestorm'),
(821, 'Skivee'),
(822, 'Quamba'),
(823, 'Twinte'),
(824, 'Mita'),
(825, 'Trudeo'),
(826, 'Blogpad'),
(827, 'Digitube'),
(828, 'Edgewire'),
(829, 'Bluejam'),
(830, 'Browsecat'),
(831, 'Tekfly'),
(832, 'Feedmix'),
(833, 'Linkbridge'),
(834, 'Avavee'),
(835, 'Gevee'),
(836, 'Thoughtstorm'),
(837, 'Edgetag'),
(838, 'Gigaclub'),
(839, 'Jaxbean'),
(840, 'Rhynyx'),
(841, 'Vipe'),
(842, 'Mydeo'),
(843, 'Zooveo'),
(844, 'Quaxo'),
(845, 'Npath'),
(846, 'Dynabox'),
(847, 'Vinder'),
(848, 'Devshare'),
(849, 'Skimia'),
(850, 'Bubbletube'),
(851, 'Gabcube'),
(852, 'Skipstorm'),
(853, 'Skyndu'),
(854, 'Meevee'),
(855, 'Photofeed'),
(856, 'Jatri'),
(857, 'Tagopia'),
(858, 'Eamia'),
(859, 'Chatterbridge'),
(860, 'Wordify'),
(861, 'Abatz'),
(862, 'Edgewire'),
(863, 'Quimm'),
(864, 'Meevee'),
(865, 'Lajo'),
(866, 'Aimbo'),
(867, 'Thoughtstorm'),
(868, 'Innojam'),
(869, 'Pixoboo'),
(870, 'Blogtags'),
(871, 'Midel'),
(872, 'Brightbean'),
(873, 'Lazzy'),
(874, 'Bubbletube'),
(875, 'Yodoo'),
(876, 'Oyope'),
(877, 'Edgetag'),
(878, 'Vinte'),
(879, 'Yambee'),
(880, 'Bubblebox'),
(881, 'Minyx'),
(882, 'Skippad'),
(883, 'Shufflester'),
(884, 'Yamia'),
(885, 'Lazzy'),
(886, 'Bubbletube'),
(887, 'Chatterbridge'),
(888, 'Zoonoodle'),
(889, 'Blogtags'),
(890, 'Digitube'),
(891, 'Quire'),
(892, 'Zazio'),
(893, 'Demivee'),
(894, 'Wordtune'),
(895, 'Tavu'),
(896, 'Innotype'),
(897, 'Yambee'),
(898, 'Demivee'),
(899, 'Jabbercube'),
(900, 'Mita'),
(901, 'Topdrive'),
(902, 'Jabbercube'),
(903, 'Gigabox'),
(904, 'Eamia'),
(905, 'Yodo'),
(906, 'Oyondu'),
(907, 'BlogXS'),
(908, 'Trilith'),
(909, 'Buzzster'),
(910, 'Voonte'),
(911, 'Jabberbean'),
(912, 'Bubblemix'),
(913, 'Divanoodle'),
(914, 'Brainsphere'),
(915, 'Ntag'),
(916, 'Quatz'),
(917, 'Viva'),
(918, 'Kazu'),
(919, 'Yoveo'),
(920, 'Kwinu'),
(921, 'Edgetag'),
(922, 'Browsetype'),
(923, 'Eabox'),
(924, 'Twimm'),
(925, 'Plambee'),
(926, 'Jabbersphere'),
(927, 'Livetube'),
(928, 'Wordware'),
(929, 'Zoonoodle'),
(930, 'Wordware'),
(931, 'Jaxspan'),
(932, 'Flashspan'),
(933, 'Brainverse'),
(934, 'Youbridge'),
(935, 'Rhybox'),
(936, 'Edgetag'),
(937, 'Babbleblab'),
(938, 'Babbleblab'),
(939, 'Livetube'),
(940, 'Riffpedia'),
(941, 'Dablist'),
(942, 'Jabbertype'),
(943, 'Eire'),
(944, 'Edgeify'),
(945, 'Yacero'),
(946, 'Jabberstorm'),
(947, 'Bluezoom'),
(948, 'Centimia'),
(949, 'Skibox'),
(950, 'Miboo'),
(951, 'Ailane'),
(952, 'Twitterbeat'),
(953, 'Flashdog'),
(954, 'Yata'),
(955, 'Agimba'),
(956, 'Twimm'),
(957, 'Fadeo'),
(958, 'Katz'),
(959, 'Youfeed'),
(960, 'Twimbo'),
(961, 'Feedfish'),
(962, 'Youfeed'),
(963, 'Yamia'),
(964, 'Geba'),
(965, 'Demizz'),
(966, 'Edgeblab'),
(967, 'Babblestorm'),
(968, 'Quimba'),
(969, 'Aibox'),
(970, 'Gabspot'),
(971, 'Yakijo'),
(972, 'Bluejam'),
(973, 'Oyoloo'),
(974, 'Fliptune'),
(975, 'Flipbug'),
(976, 'Avamba'),
(977, 'Eamia'),
(978, 'Tagfeed'),
(979, 'Dabshots'),
(980, 'Kwimbee'),
(981, 'Voolia'),
(982, 'Zoombeat'),
(983, 'Quinu'),
(984, 'Avamba'),
(985, 'Quimm'),
(986, 'Twimbo'),
(987, 'Browsebug'),
(988, 'Flipbug'),
(989, 'Edgeclub'),
(990, 'Topicware'),
(991, 'Quatz'),
(992, 'Flipstorm'),
(993, 'Yambee'),
(994, 'Topicblab'),
(995, 'Rhyloo'),
(996, 'Chatterpoint'),
(997, 'Skinix'),
(998, 'Jayo'),
(999, 'Eazzy'),
(1000, 'Wikivu');

-- --------------------------------------------------------

--
-- Struktura tabeli dla tabeli `rodzajeocen`
--

CREATE TABLE `rodzajeocen` (
  `idrodzaju_oceny` int(11) NOT NULL,
  `Nazwa` varchar(200) NOT NULL
) ENGINE=InnoDB DEFAULT CHARSET=utf8mb4;

--
-- Zrzut danych tabeli `rodzajeocen`
--

INSERT INTO `rodzajeocen` (`idrodzaju_oceny`, `Nazwa`) VALUES
(1, 'Trichophyton mentagrophytes'),
(2, 'Benzoyl Peroxide'),
(3, 'midodrine hydrochloride'),
(4, 'Pravastatin Sodium'),
(5, 'chlorhexidine gluconate and isopropyl alcohol'),
(6, 'Titanium Dioxide'),
(7, 'White Petrolatum'),
(8, 'bupropion hydrochloride'),
(9, 'Armodafinil'),
(10, 'Quetiapine fumarate'),
(11, 'Trolamine'),
(12, 'Phenylephrine hydrochloride'),
(13, 'Gemfibrozil'),
(14, 'Echinacea, Hydrastis Canadensis, Lomatium, Aconitum napellus, Arsenicum Album, Belladonna, Epatorium Perfoliatum, Gelsemium Sempervirens'),
(15, 'TERCONAZOLE'),
(16, 'Avobenzone, Homosalate, Octisalate, Octocrylene, and Oxybenzone'),
(17, 'Miconazole nitrate'),
(18, 'CEFOTETAN DISODIUM'),
(19, 'ATORVASTATIN CALCIUM PROPYLENE GLYCOL SOLVATE'),
(20, 'Atenolol'),
(21, 'Sumatriptan Succinate'),
(22, 'Acontium napellus, Apis mellifica, Arnica montana, Berberis vulgaris, Bryonia, Calcarea fluorica. Cimicifuga racemosa, Colchicum autumnale,'),
(23, 'Kit for the preparation of Technetium Tc 99m-Labeled Red Blood Cells'),
(24, 'LISINOPRIL'),
(25, 'Meclizine Hydrochloride'),
(26, 'cocoa'),
(27, 'Triclosan'),
(28, 'Spiny Pigweed'),
(29, 'MENTHOL'),
(30, 'Acetaminophen, Dextromethorphan Hydrobromide, Phenylephrine Hydrochloride'),
(31, 'Carvedilol'),
(32, 'ESCITALOPRAM OXALATE'),
(33, 'Aluminum Zirconium Tetrachlorohydrex GLY'),
(34, 'Hydrocodone Bitartrate and Acetaminophen'),
(35, 'BENZALKONIUM CHLORIDE'),
(36, 'Phytolacca decandra, Scrophularia nodosa, Cimicifuga racemosa, Lilium tigrinum, Sulphur, Graphites,'),
(37, 'Famotidine'),
(38, 'Southern Ragweed'),
(39, 'not applicable'),
(40, 'Acetaminophen'),
(41, 'Morphine Sulfate'),
(42, 'telithromycin'),
(43, 'Acetaminophen, Dextromethorphan HBr, Chlorpheniramine maleate'),
(44, 'Avobenzone, Homosalate, Octinoxate , Octisalate , Octocrylene , Oxybenzone'),
(45, 'hydrocodone bitartrate and acetaminophen'),
(46, 'Careless Weed Amaranthus palmeri'),
(47, 'LIDOCAINE HYDROCHLORIDE ANHYDROUS and EPINEPHRINE'),
(48, 'Atenolol'),
(49, 'Gentiana Absinthium'),
(50, 'Acetaminophen'),
(51, 'Octinoxate and Titanium Dioxide'),
(52, 'Metoprolol Tartrate'),
(53, 'HYDROQUINONE'),
(54, 'STRYCHNOS NUX-VOMICA SEED'),
(55, 'NESIRITIDE'),
(56, 'Octinoxate, Octisalate, and Titanium Dioxide'),
(57, 'Aspirin'),
(58, 'Octinoxate Titanium Dioxide'),
(59, 'TRICLOSAN'),
(60, 'Diltiazem Hydrochloride'),
(61, 'Menthol'),
(62, 'Formica Apis'),
(63, 'ERTACZO'),
(64, 'Cultivated Wheat'),
(65, 'Homeopathic Liquid'),
(66, 'Valsartan and hydrochlorothiazide'),
(67, 'Methylcellulose'),
(68, 'Threefold Balance'),
(69, 'Asafeotida 30c, Cannabis Indica 30c, Cannabis Sativa 30c, Coffea Cruda 30c, Helleborus 30c, Ipecac 30c, Iris 30c, Lac Caninum 30c, Mentha Piperita 30c, Natrum Sulph 30c, Oleum Animalis 30c, Opium 30c,'),
(70, 'Black Willow'),
(71, 'GLYCERIN'),
(72, 'DEXTROSE MONOHYDRATE'),
(73, 'Dextrose Monohydrate, Sodium Chloride, Calcium Chloride, Magnesium Chloride, Sodium Lactate'),
(74, 'Common Wormwood Sage'),
(75, 'Aralia Quinquefolia, Hydrocotyle Asiatica, Polygonum Multiflorum, Hypothalamus, Pituitary, Germanium Sesquioxide,'),
(76, 'Dextroamphetamine Saccharate, Amphetamine Aspartate Monohydrate, Dextroamphetamine Sulfate and Amphetamine Sulfate'),
(77, 'telmisartan'),
(78, 'Salicylic Acid'),
(79, 'SODIUM BORATE, ANTIMONY TRISULFIDE, BAPTISIA TINCTORIA ROOT, and SODIUM CHLORIDE'),
(80, 'Sodium Fluoride'),
(81, 'Acetylcysteine'),
(82, 'Piperonyl Butoxide, Pyrethrum Extract'),
(83, 'hemin'),
(84, 'CORTISONE ACETATE'),
(85, 'OCTINOXATE and TITANIUM DIOXIDE'),
(86, 'Arnica e pl. tota 6'),
(87, 'Salicylic Acid'),
(88, 'Acetaminophen'),
(89, 'acteaminophen, dextromethorphan HBr, guaifenesin, phenylephrine HCl'),
(90, 'COAL TAR'),
(91, 'Acyclovir'),
(92, 'Bipolaris sorokiniana'),
(93, 'Belladonna Alkaloids with Phenobartbital'),
(94, 'Dimethicone'),
(95, 'Mugwort'),
(96, 'OXYGEN'),
(97, 'Diphenhydramine Hydrochloride'),
(98, 'Loratadine'),
(99, 'TRIAMCINOLONE ACETONIDE'),
(100, 'Acetaminophen'),
(101, 'Asterias rubens, Aur. met.,Belladonna, Benzoicum acidum, Berber. vulg., Bryonia, Calc. carb., Cantharis, Ceanothus, Chelidonium majus Chionanthus virginica, Cinchona, Dioscorea ,Iris versicolor, Nat. '),
(102, 'dextromethorphan hydrobromide, guaifenesin'),
(103, 'Honeydew Melon'),
(104, 'hydrocortisone butyrate'),
(105, 'Ethiodized Oil'),
(106, 'Triclocarban'),
(107, 'TRICLOSAN'),
(108, 'Zinc Oxide'),
(109, 'Lithium Carbonate'),
(110, 'PROPRANOLOL HYDROCHLORIDE'),
(111, 'acetaminophen, phenylephrine hydrochloride'),
(112, 'Lithium Carbonate'),
(113, 'Western Ragweed'),
(114, 'fondaparinux sodium'),
(115, 'verapamil hydrochloride'),
(116, 'Venlafaxine Hydrochloride'),
(117, 'Phenylephrine HCl'),
(118, 'METFORMIN HYDROCHLORIDE'),
(119, 'West Cottonwood'),
(120, 'Citalopram'),
(121, 'diltiazem hydrochloride'),
(122, 'sulfamethoxazole and Trimethoprim'),
(123, 'Nitrofurantoin Monohydrate/Macrocrystalline'),
(124, 'Acetaminophen and Phenylephrine HCl'),
(125, 'Abrotanum (Artemisia abrotanum), Anacardium orientale, Baryta muriatica, Calcarea carbonica, Calcarea phosphorica, Fucus vesiculosus, Graphites, Helleborus niger,'),
(126, 'LEMON CHINESE QUINCE EXTRACT BERBERIS VULGARIS FRUIT SILICON DIOXIDE'),
(127, 'Isosorbide Mononitrate'),
(128, 'Sotalol Hydrochloride'),
(129, 'PROCAINAMIDE HYDROCHLORIDE'),
(130, 'Yellow Dock'),
(131, 'lamotrigine extended release'),
(132, 'Rheumatism Eczema'),
(133, 'ropinirole hydrochloride'),
(134, 'Almond Prunus amygdalus'),
(135, 'Condurango, Phytolacca Decandra, Aconitum Napellus, Aurum Metallicum, Graphites, Hydrastis Canadensis, Mercurius Vivus, Sulphur, Pulsatilla'),
(136, 'Baptisia tinctoria, Kreosotum, Mercurius iodatus ruber, Mercurius sulphuratus ruber, Nitricum acidum, Platinum metallicum,'),
(137, 'clonazepam'),
(138, 'Olanzapine'),
(139, 'EUPATORIUM PERFOLIATUM'),
(140, 'Etodolac'),
(141, 'oxaliplatin'),
(142, 'alcohol'),
(143, 'Clindamycin hydrochloride'),
(144, 'Donepezil Hydrochloride'),
(145, 'American Elm'),
(146, 'CLOSTRIDIUM TETANI TOXOID ANTIGEN (FORMALDEHYDE INACTIVATED) and CORYNEBACTERIUM DIPHTHERIAE TOXOID ANTIGEN (FORMALDEHYDE INACTIVATED)'),
(147, 'lisinopril'),
(148, 'Aspirin'),
(149, 'vitamin a palmitate, ascorbic acid, cholecalciferol, alpha.-tocopherol succinate, d- thiamine hydrochloride, riboflavin 5-phosphate sodium, niacinamide, pyridoxine hydrochloride, ferrous sulfate and s'),
(150, 'Pollens - Grasses, Southern Grass Mix'),
(151, 'OCTINOXATE and TITANIUM DIOXIDE'),
(152, 'Aluminum Zirconium Trichlorohydrex Gly'),
(153, 'Allergenic Extracts Alum Precipitated'),
(154, 'Hydrochlorothiazide'),
(155, 'Diphenhydramine Hydrochloride'),
(156, 'Acetaminophen'),
(157, 'Acetaminophen, Diphenhydramine Hydrochloride, and Phenylephrine Hydrochloride'),
(158, 'Olanzapine'),
(159, 'Homosalate, Oxybenzone, Octisalate, Avobenzone, Octocrylene'),
(160, 'SULFACETAMIDE SODIUM, SULFUR'),
(161, 'Titanium Dioxide and Zinc Oxide'),
(162, 'hydrocortisone'),
(163, 'docusate sodium and sennosides'),
(164, 'TRICLOSAN'),
(165, 'Clopidogrel bisulfate'),
(166, 'isopropyl alcohol'),
(167, 'Oxytocin'),
(168, 'cabozantinib'),
(169, 'sertraline hydrochloride'),
(170, 'Rizatriptan Benzoate'),
(171, 'Acetaminophen'),
(172, 'Amoxicillin'),
(173, 'Haloperidol lactate'),
(174, 'Etomidate'),
(175, 'Benzocaine'),
(176, 'Atorvastatin Calcium'),
(177, 'Sodium Fluoride and Potassium Nitrate'),
(178, 'valsartan'),
(179, 'ALUMINUM ZIRCONIUM PENTACHLOROHYDREX GLY'),
(180, 'Arsenicum Cerebrum'),
(181, 'Imipramine Hydrochloride'),
(182, 'azelaic acid'),
(183, 'Quetiapine Fumarate'),
(184, 'Calamine and Zinc Oxide and Phenol'),
(185, 'Propoxyphene Napsylate and Acetaminophen'),
(186, 'Acetaminophen,Phenylephrine HCl, Chlorpheniramine maleate'),
(187, 'Povidone-Iodine'),
(188, 'clonazepam'),
(189, 'tramadol hydrochloride and acetaminophen'),
(190, 'Hyoscyamine Sulfate'),
(191, 'CLINDAMYCIN PHOSPHATE'),
(192, 'Metformin Hydrochloride'),
(193, 'Olanzapine'),
(194, 'SULFACETAMIDE SODIUM'),
(195, 'Saltbush'),
(196, 'OCTINOXATE and TITANIUM DIOXIDE'),
(197, 'Fludeoxyglucose F18'),
(198, 'Chlorpheniramine Maleate, Dextromethorphan Hydrobromide, Phenylephrine Hydrochloride'),
(199, 'BUPROPION HYDROCHLORIDE'),
(200, 'Griseofulvin'),
(201, 'Lisinopril'),
(202, 'BENZETHONIUM CHLORIDE'),
(203, 'fexofenadine hydrochloride'),
(204, 'LISINOPRIL AND HYDROCHLOROTHIAZIDE'),
(205, 'Enoxaparin Sodium'),
(206, 'Propranolol Hydrochloride'),
(207, 'Influenza Vaccine Live Intranasal'),
(208, 'Ethyl Alcohol'),
(209, 'Potassium Chloride'),
(210, 'Alcohol'),
(211, 'Benzocaine and Isopropyl Alcohol'),
(212, 'Minoxidil'),
(213, 'Oxycodone Hydrochloride'),
(214, 'Losartan Potassium'),
(215, 'Acyclovir'),
(216, 'TOPICAL STARCH'),
(217, 'Allantoin'),
(218, 'Acetaminophen'),
(219, 'Benzalkonium Chloride'),
(220, 'Benazepril Hydrochloride'),
(221, 'Caffeine'),
(222, 'tazarotene'),
(223, 'Red Alder'),
(224, 'Antihemophilic Factor, Human Recombinant'),
(225, 'ISOPROPYL ALCOHOL'),
(226, 'Triamterene and Hydrochlorothiazide'),
(227, 'Naproxen Sodium'),
(228, 'HYDROCODONE BITARTRATE AND ACETAMINOPHEN'),
(229, 'Beta Vulgaris, Boldo, Carduus Benedictus, Chelidonium Majus, Coffea Tosta, Equisetum Arvense, Petroselinum Sativum'),
(230, 'hydrochlorothiazide'),
(231, 'Ketotifen Fumarate'),
(232, 'horse chestnut, arnica montana, betula pendula leaf, hedera helix flowering twig, ledum palustre twig, melilotus officinalis top, toxicodendron pubescens leaf, and sulfur'),
(233, 'Ensulizole, Octinoxate, Oxybenzone, Zinc Oxide'),
(234, 'OCTINOXATE, TITANIUM DIOXIDE'),
(235, 'Phoma glomerata'),
(236, 'Leuprolide Acetate'),
(237, 'Ipratropium Bromide'),
(238, 'hyaluronidase'),
(239, 'Doxycycline Hyclate'),
(240, 'Oxygen'),
(241, 'Megestrol Acetate'),
(242, '.BETA.-CAROTENE, VITAMIN A ACETATE, ASCORBIC ACID, CHOLECALCIFEROL, .ALPHA.-TOCOPHEROL ACETATE, DL-, THIAMINE MONONITRATE, RIBOFLAVIN, NIACINAMIDE, PYRIDOXINE HYDROCHLORIDE, FOLIC ACID, LEVOMEFOLATE C'),
(243, 'Titanium Dioxide and Octinoxate'),
(244, 'levonorgestrel and ethinyl estradiol'),
(245, 'Topiramate'),
(246, 'Nifedipine'),
(247, 'Arizona Cypress'),
(248, 'Alcohol'),
(249, 'Metoprolol Tartrate'),
(250, 'Quetiapine fumarate'),
(251, 'Allantoin'),
(252, 'Triclosan'),
(253, 'olmesartan medoxomil'),
(254, 'ALCOHOL'),
(255, 'ASPIRIN'),
(256, 'Dyspepsia'),
(257, 'Betamethasone Acetate and Betamethasone Sodium Phosphate'),
(258, 'Octinoxate, Octisalate, Oxybenzone, Zinc Oxide'),
(259, 'simvastatin'),
(260, 'Pyrithione Zinc'),
(261, 'Flurazepam Hydrochloride'),
(262, 'SODIUM SULFACETAMIDE, SULFUR'),
(263, 'AVOBENZONE, HOMOSALATE, OCTISALATE, OCTOCRYLENE, OXYBENZONE'),
(264, 'Fenofibric Acid'),
(265, 'carfilzomib'),
(266, 'BISACODYL'),
(267, 'Amlodipine besylate'),
(268, 'stavudine'),
(269, 'Sulfacetamide Sodium'),
(270, 'oxcarbazepine'),
(271, 'Aluminum Zirconium Tetrachlorohydrex Gly'),
(272, 'Titanium Dioxide'),
(273, 'PREGABALIN'),
(274, 'Birch'),
(275, 'Ketotifen Fumarate'),
(276, 'Amlodipine besylate'),
(277, 'ETHYL ALCOHOL'),
(278, 'Flurazepam Hydrochloride'),
(279, 'Apis mel., Arsenicum alb., Asterias rubens, Cantharis, Cistus canadensis, Croton, Dolichos, Dulcamara, Graphites, Grindelia, Hypericum, Iris versicolor, Lycopodium, Mezereum, Ranunc. bulb., Rhus toxic'),
(280, 'Promethazine Hydrochloride'),
(281, 'Benzocaine'),
(282, 'Acetaminophen'),
(283, 'Nigrospora shaerica'),
(284, 'MITOXANTRONE HYDROCHLORIDE'),
(285, 'Naproxen'),
(286, 'Metronidazole'),
(287, 'Bacitracin Zinc'),
(288, 'TRICLOSAN'),
(289, 'Aspen'),
(290, 'Brome Grass'),
(291, 'Plantain, English Plantago lanceolata'),
(292, 'pancrelipase'),
(293, 'Povidone-iodine'),
(294, 'darunavir ethanolate'),
(295, 'Meadow Fescue Grass, Standardized'),
(296, 'Hydrochlorothiazide'),
(297, 'Cromolyn sodium'),
(298, 'Benzalkonium Chloride'),
(299, 'Oxygen'),
(300, 'Metronidazole'),
(301, 'OCTINOXATE'),
(302, 'TITANIUM DIOXIDE'),
(303, 'Arroyo Willow'),
(304, 'Octocrylene, Octisalate, Homosalate, Avobenzone and Oxybenzone'),
(305, 'timolol'),
(306, 'Guanfacine'),
(307, 'Octinoxate'),
(308, 'Barium Sulfate'),
(309, 'Lisinopril'),
(310, 'Albumin Human'),
(311, 'Levocetirizine Dihydrochloride'),
(312, 'AZITHROMYCIN DIHYDRATE'),
(313, 'lisinopril'),
(314, 'Allantoin, Benzalkonium Chloride'),
(315, 'Antimonium crudum, Antimonium iodatum, Aqua Marina, Argentum iodatum, Badiaga, Bromium, Calcarea Carbonica, Calcarea Iodata, Cobaltum nitricum, Ferrum iodatum, Fucus, Gelsemium, Gentianella amarella f'),
(316, 'ALCOHOL'),
(317, 'Hydroxyzine Hydrochloride'),
(318, 'amoxicillin and clavulanate potassium'),
(319, 'Aconite 30c, Antimonium Tart 30c, Belladonna 30c, Bromium 30c, Bryonia 30c, Calc Sulph 30c, Drosera 30c, Dulcmara 30c, Hepar Sulph 30c, Iodium 30c, Kali Bich 30c, Lachesis 30c, Nitricum Acidum 30c, Ph'),
(320, 'CETYLPYRIDINIUM CHLORIDE'),
(321, 'MIDAZOLAM HYDROCHLORIDE'),
(322, 'Calcitriol'),
(323, 'Gentamicin Sulfate'),
(324, 'Ibuprofen'),
(325, 'SUNSCREEN, TITANIUM DIOXIDE'),
(326, 'Hydralazine Hydrochloride'),
(327, 'Humulus Lupulus, Passiflora Incarnata, Valeriana OFficinalis, Calcarea Carbonica, Coffea Tosta, Ignatia Amara'),
(328, 'Potassium Chloride'),
(329, 'Magesium Citrate'),
(330, 'Brompheniramine Maleate, Dextromethorphan Hydrobromide, Phenylephrine Hydrochloride'),
(331, 'DIPYRIDAMOLE'),
(332, 'tobramycin and dexamethasone'),
(333, 'Quercus Robur'),
(334, 'Water'),
(335, 'OXAPROZIN'),
(336, 'RHODOTORULA RUBRA'),
(337, 'OCTINOXATE'),
(338, 'OCTINOXATE, OXYBENZONE, PADIMATE O'),
(339, 'zinc pyrithione, panthenol, niacinamide, biotin'),
(340, 'epinastine hydrochloride'),
(341, 'OCTINOXATE, TITANIUM DIOXIDE'),
(342, 'AVOBENZONE, ENSULIZOLE, OCTICSALATE'),
(343, 'Triamterene and Hydrochlorothiazide'),
(344, 'Naproxen'),
(345, 'Alanine, Arginine, Asparagine, Aspartate, Cysteine, Glutamate, Glutamine, Glycine, Histidine, Isoleucine, Leucine, Lysine, Methionine, Phenylalanine, Proline, Serine, Threonine, Tyrosine, Tryptophan,'),
(346, 'ketorolac tromethamine'),
(347, 'Acetaminophen, Diphenhydramine HCl'),
(348, 'morphine sulfate'),
(349, 'Aluminum Zirconium Tetrachlorohydrex GLY'),
(350, 'Naproxen Sodium'),
(351, 'Minocycline Hydrochloride'),
(352, 'Sodium Fluoride'),
(353, 'Alcohol'),
(354, 'Casein'),
(355, 'OCTINOXATE, HOMOSALATE, OXYBENZONE, AVOBENZONE'),
(356, 'Hydrochlorothiazide'),
(357, 'Benzalkonium Chloride'),
(358, 'VERAPAMIL HYDROCHLORIDE'),
(359, 'TITANIUM DIOXIDE'),
(360, 'TITANIUM DIOXIDE'),
(361, 'Glyburide'),
(362, 'Aconitum napellus, Dulcamara, Gelsemium sempervirens'),
(363, 'Dextromethorphan HBr, Guaifenesin'),
(364, 'Neomycin and Polymyxin B Sulfates and Dexamethasone'),
(365, 'Mercaptopurine'),
(366, 'azithromycin dihydrate'),
(367, 'Peanut Arachis hypogaea'),
(368, 'Panthenol'),
(369, 'Acetaminophen, Dextromethorphan Hydrobromide, Phenylephrine Hydrochloride'),
(370, 'Oxygen'),
(371, 'Bisacodyl'),
(372, 'Yeast Saccharomyces cerevisiae'),
(373, 'Aspirin'),
(374, 'repaglinide'),
(375, 'tolmetin sodium'),
(376, 'Guaifenesin and Dextromethorphan Hydrobromide'),
(377, 'estradiol'),
(378, 'Methyl Salicylate, Capsaicin, Menthol and Lidocaine Hydrochloride'),
(379, 'Tolnaftate'),
(380, 'Vitamin C, Calcium, Iron, Vitamin D3, Vitamin E, Thiamin, Riboflavin, Niacinamide, Vitamin B6, Folic Acid, Iodine, Zinc, Copper, Docusate Sodium'),
(381, 'BUPIVACAINE HYDROCHLORIDE'),
(382, 'Acetaminophen, Phenylephrine HCl'),
(383, 'OCTINOXATE and TITANIUM DIOXIDE'),
(384, 'Octinoxate and Oxybenzone'),
(385, 'Avobenzone, Ensulizole, Octisalate, Octocrylene'),
(386, 'DOCUSATE SODIUM'),
(387, 'Rifampin'),
(388, 'dextromethorphan hydrobromide'),
(389, 'silver nitrate, eyebright, carbonate of potassium, garden rue'),
(390, 'Alcohol'),
(391, 'epinephrine'),
(392, 'Dextromethorphan, Guaifenesin, Pseudoephedrine Hydrochloride'),
(393, 'Topical Analgesic'),
(394, 'Cephalexin'),
(395, 'Guaifenesin and Phenylephrine Hydrochloride'),
(396, 'Nabumetone'),
(397, 'Influenza A Virus, Influenza B Virus, Antimon. tart., Arsenicum alb., Bryonia, Camphora, Chelidonium majus, Cinchona, Drosera, Eucalyptus, Hepar sulph. calc., Histaminum hydrochloricum, Ipecac., Kali '),
(398, 'Primaquine Phosphate'),
(399, 'Blackeye Pea'),
(400, 'Norethindrone'),
(401, 'lorazepam'),
(402, 'Ibuprofen'),
(403, 'Sweet Corn'),
(404, 'Benzocaine'),
(405, 'Phenol'),
(406, 'Doxycycline Hyclate'),
(407, 'Titanium Dioxide'),
(408, 'POTASSIUM CHLORIDE, SODIUM CHLORIDE, CALCIUM CHLORIDE, and MAGNESIUM CHLORIDE'),
(409, 'Trolamine Salicylate'),
(410, 'Sodium Fluoride'),
(411, 'Indolum'),
(412, 'Doxazosin'),
(413, 'Oxygen'),
(414, 'hydrocortisone sodium succinate'),
(415, 'DIMETHICONE'),
(416, 'Etomidate'),
(417, 'Pantoprazole Sodium'),
(418, 'Eucalyptol , Menthol , Methyl Salicylate, Thymol'),
(419, 'Acetaminophen'),
(420, 'Terazosin Hydrochloride'),
(421, 'METOCLOPRAMIDE HYDROCHLORIDE'),
(422, 'Bupropion Hydrochloride'),
(423, 'Acetaminophen'),
(424, 'Epinephrine'),
(425, 'TITANIUM DIOXIDE'),
(426, 'Doxycycline'),
(427, 'Levothyroxine Sodium'),
(428, 'levofloxacin'),
(429, 'BENZALKONIUM CHLORIDE'),
(430, 'Alcohol'),
(431, 'Octinoxate Oxybenzone'),
(432, 'Berberis vulgaris, Glycyrrhiza glabra, Lappa major, Phytolacca decandra, Stillingia sylvatica, Trifolium pratense, Glandula suprarenalis suis, Hepar suis, Lymph suis, Thyroidinum suis, Belladonna, Iri'),
(433, 'SODIUM FLUORIDE'),
(434, 'SODIUM CHLORIDE'),
(435, 'Docetaxel'),
(436, 'NAJA NAJA VENOM'),
(437, 'AVOBENZONE, OCTOCRYLENE, OXYBENZONE'),
(438, 'sodium phenylbutyrate'),
(439, 'Lithium Carbonate'),
(440, 'Estradiol and Norethindrone Acetate'),
(441, 'BRIMONIDINE TARTRATE'),
(442, 'doxycycline'),
(443, 'TOPIRAMATE'),
(444, 'MEROPENEM'),
(445, 'coagulation factor ix (recombinant)'),
(446, 'TECHNETIUM TC-99M SODIUM PERTECHNETATE'),
(447, 'OXYGEN'),
(448, 'Hydrocortisone Valerate'),
(449, 'Mucor racemosus immunoserum rabbit'),
(450, 'Escherichia coli, Proteus vulgaris, and Streptococcin'),
(451, 'Buspirone Hydrochloride'),
(452, 'Phenobarbital'),
(453, 'Bupropion Hydrochloride'),
(454, 'Alcohol'),
(455, 'White Birch'),
(456, 'megestrol acetate'),
(457, 'Amlodipine besylate'),
(458, 'Diphenhydramine HCl'),
(459, 'Prednisone'),
(460, 'Chamomilla, Echinacea, Hamamelis Virginiana, Hypericum Perforatum, Milleforlium, Byronia, Calendula Officinalis, Symphytum Officinale'),
(461, 'Cephalexin'),
(462, 'Terazosin Hydrochloride'),
(463, 'Menthol and Camphor (synthetic)'),
(464, 'POVIDONE IODINE'),
(465, 'Anastrozole'),
(466, 'Acetaminophen, Diphenhydramine HCl'),
(467, 'cyclobenzaprine hydrochloride'),
(468, 'Treatment Set TS350257'),
(469, 'Avobenzone, Homosalate, Octisalate, Octocrylene, and Oxybenzone'),
(470, 'Coffea cruda'),
(471, 'Atenolol'),
(472, 'Oxymetazoline HCl'),
(473, 'ALCOHOL'),
(474, 'Chlordiazepoxide Hydrochloride'),
(475, 'Benzalkonium Chloride'),
(476, 'TRICLOSAN'),
(477, 'HEXYLRESORCINOL, MENTHOL'),
(478, 'Titanium Dioxide'),
(479, 'Zolmitriptan'),
(480, 'Guaifenesin'),
(481, 'Levonorgestrel and Ethinyl Estradiol'),
(482, 'Aluminum Zirconium Tetrachlorohydrex GLY'),
(483, 'methylphenidate hydrochloride'),
(484, 'Olanzapine'),
(485, 'Magnesium Chloride, Dextrose monohydrate, Lactic Acid, Sodium Chloride, Sodium Bicarbonate, and Potassium Chloride'),
(486, 'PYRITHIONE ZINC'),
(487, 'RISPERIDONE'),
(488, 'clobazam'),
(489, 'Carvedilol'),
(490, 'Titanium Dioxide, Zinc Oxide'),
(491, 'Acetaminophen'),
(492, 'nitroglycerin'),
(493, 'Trazodone Hydrochloride'),
(494, 'Insulin lispro'),
(495, 'Ibuprofen'),
(496, 'Nitrogen'),
(497, 'Penicillium notatum'),
(498, 'octinoxate, octisalate, zinc oxide, oxybenzone,'),
(499, 'WITCH HAZEL, CARTHAMUS TINCTORIS FLOWER BED, CORYDALIS AMBIGUA TUBER, LONGICERA CAPRIFOLIUM CAPRIFOLIUM FLOWER'),
(500, 'Diltiazem Hydrochloride'),
(501, 'Zinc Oxide'),
(502, 'Avobenzone, Homosalate, Octisalate'),
(503, 'Sennosides Docusate Sodium'),
(504, 'Alcohol'),
(505, 'SODIUM CHLORIDE, SODIUM GLUCONATE, SODIUM ACETATE, POTASSIUM CHLORIDE, MAGNESIUM CHLORIDE, SODIUM PHOSPHATE, DIBASIC, and POTASSIUM PHOSPHATE, MONOBASIC'),
(506, 'Promethazine Hydrochloride'),
(507, 'Ignatia Bryophyllum'),
(508, 'Pseudoephedrine HCl'),
(509, 'GABAPENTIN'),
(510, 'Triclosan'),
(511, 'Haloperidol'),
(512, 'Ethyl Alcohol'),
(513, 'Duloxetine Hydrochloride'),
(514, 'BETHANECHOL CHLORIDE'),
(515, 'Ammonia N-13'),
(516, 'DOXYCYCLINE HYCLATE'),
(517, 'Acetaminophen, Dextromethorphan HBr, Guaifenesin, Phenylephrine HCl'),
(518, 'Geeranium Robertianum, Nasturtium Aquaticum, Aloe Socotrina, Juglans Regia, Myosotis Arvensis, Scrophularia Nodosa'),
(519, 'Heparin Sodium'),
(520, 'lidocaine'),
(521, 'Isopropyl Alcohol'),
(522, 'NITROGLYCERIN'),
(523, 'ISOPROPYL ALCOHOL'),
(524, 'Ursodiol'),
(525, 'Digoxin'),
(526, 'Esomeprazole magnesium'),
(527, 'desogestrel and ethinyl estradiol'),
(528, 'Venlafaxine'),
(529, 'Betamethasone Dipropionate'),
(530, 'povidine iodine'),
(531, 'omeprazole'),
(532, 'carbachol'),
(533, 'Benzoyl Peroxide'),
(534, 'Vitamin C, Calcium, Iron, Vitamin D3, Vitamin E, Vitamin B1, Vitamin B2, Vitamin B3, Vitamin B6, Folic Acid, Iodine, Zinc, Copper, Docusate Sodium, Docosahexaenoic Acid (DHA)'),
(535, 'Bupropion Hydrochloride'),
(536, 'Carvedilol'),
(537, 'TITANIUM DIOXIDE, ZINC OXIDE'),
(538, 'Acetaminophen, Phenylephrine HCl'),
(539, 'HUMAN HEPATITIS B VIRUS IMMUNE GLOBULIN'),
(540, 'voriconazole'),
(541, 'meloxicam'),
(542, 'Naproxen'),
(543, 'Acetaminophen'),
(544, 'Titanium Dioxide'),
(545, 'Pyrithione Zinc'),
(546, 'Acetaminophen, Chlorpheniramine maleate, Dextromethorphan HBr, Phenylephrine HCl'),
(547, 'Pigweed Rough Redroot'),
(548, 'Epiphysis Plumbum'),
(549, 'Hymenoptera Venom Diagnostic'),
(550, 'moxifloxacin hydrochloride'),
(551, 'Tricolsan'),
(552, 'Spironolactone'),
(553, 'ATORVASTATIN CALCIUM'),
(554, 'Pseudoephedrine HCl'),
(555, 'Titanium dioxide'),
(556, 'beta carotene, ascorbic acid, cholecalciferol, .alpha.-tocopherol acetate, dl-, thiamine mononitrate, riboflavin, niacinamide, pyridoxine hydrochloride, folic acid, cyanocobalamin, calcium carbonate, '),
(557, 'ENALAPRIL MALEATE'),
(558, 'Benzalkonium chloride'),
(559, 'Lansoprazole'),
(560, 'isopropyl alcohol'),
(561, 'telmisartan and amlodipine'),
(562, 'Boldo, Carduus marianus, Curcuma, Echinacea angustifolia, Taraxacum officinale, Magnesia phosphorica, Gallbladder,'),
(563, 'Anti-Bacteria Monomer Silver Gel'),
(564, 'Benzalkonium Chloride'),
(565, 'SODIUM FLUORIDE'),
(566, 'tramadol hydrochloride'),
(567, 'Chlordiazepoxide Hydrochloride'),
(568, 'Chlorpheniramine Maleate, Codeine Phosphate'),
(569, 'ALCOHOL'),
(570, 'Calendula Thuja Adult Size'),
(571, 'Sertraline Hydrochloride'),
(572, 'Goat Epithelium'),
(573, 'ALCOHOL'),
(574, 'TITANIUM DIOXIDE'),
(575, 'Treatment Set TS347335'),
(576, 'Acetaminophen, Phenylephrine HCl'),
(577, 'Ibuprofen'),
(578, 'desipramine hydrochloride'),
(579, 'oxygen'),
(580, 'Treatment Set TS128872'),
(581, 'Sennosides'),
(582, 'Minoxidil'),
(583, 'Camphor Menthol'),
(584, 'Meloxicam'),
(585, 'Ibuprofen'),
(586, 'Hydrocodone Bitartrate and Acetaminophen'),
(587, 'Isopropyl Alcohol'),
(588, 'Glipizide'),
(589, 'ISOPROPYL ALCOHOL'),
(590, 'Chlorpromazine Hydrochloride'),
(591, 'Ibuprofen'),
(592, 'Prednisone'),
(593, 'Carbon Dioxide'),
(594, 'Eucalyptus'),
(595, 'Acetaminophen'),
(596, 'Gabapentin'),
(597, 'TITANIUM DIOXIDE'),
(598, 'Amlodipine Besylate'),
(599, 'Spironolactone'),
(600, 'Cefdinir'),
(601, 'SODIUM FLUORIDE'),
(602, 'lamotrigine'),
(603, 'TITANIUM DIOXIDE, OCTINOXATE'),
(604, 'Titanium Dioxide and Zinc Oxide'),
(605, 'OCTINOXATE and TITANIUM DIOXIDE'),
(606, 'CETYLPYRIDINIUM CHLORIDE'),
(607, 'Red Mulberry'),
(608, 'Sulfamethoxazole and Trimethoprim'),
(609, 'hydrocortisone'),
(610, 'Triclosan'),
(611, 'Para Grass Pollen'),
(612, 'HYDROQUINONE'),
(613, 'Ethambutol Hydrochloride'),
(614, 'Ciprofloxacin'),
(615, 'TRICLOSAN'),
(616, 'Promethazine Hydrochloride'),
(617, 'Propofol'),
(618, 'Hydrocortisone'),
(619, 'CARBAMAZEPINE'),
(620, 'Lamotrigine'),
(621, 'benzocaine'),
(622, 'Nifedipine'),
(623, 'furosemide'),
(624, 'OCTINOXATE'),
(625, 'ampicillin sodium'),
(626, 'acetaminophen and codeine phosphate'),
(627, 'Allergenic Extracts Alum Precipitated'),
(628, 'Nitrous Oxide'),
(629, 'dextromethorphan polistirex'),
(630, 'Bisacodyl'),
(631, 'Simvastatin'),
(632, 'Diazepam'),
(633, 'PYRITHIONE ZINC'),
(634, 'Levothyroxine sodium'),
(635, 'Doxazosin Mesylate'),
(636, 'Ibuprofen'),
(637, 'PROGESTERONE'),
(638, 'Octinoxate, Titanium Dioxide, Zinc Oxide'),
(639, 'Voriconazole'),
(640, 'Octinoxate and Titanium Dioxide'),
(641, 'Cinchona, Cinnamomum'),
(642, 'Chimaphila umbellata 6X, Conium maculatum 6X, Ferrum picricum 6X, Pareira brava 6X, Populus tremuloides 6X, Pulsatilla 6X, Sabal serrulata 6X'),
(643, 'Pinto Bean Kidney Bean'),
(644, 'nicotine'),
(645, 'Loratadine'),
(646, 'Dog Hair Canis spp.'),
(647, 'Nettle'),
(648, 'Octinoxate and Oxybenzone'),
(649, 'metoprolol succinate'),
(650, 'Nicotine Polacrilex'),
(651, 'Sertraline'),
(652, 'Alprazolam'),
(653, 'Urtica Betula Special Order'),
(654, 'ropinirole hydrochloride'),
(655, 'HYDROQUINONE'),
(656, 'medroxyprogesterone acetate'),
(657, 'Sennosides'),
(658, 'propranolol hydrochloride'),
(659, 'INATAL Ultra'),
(660, 'Triamcinolone Acetonide'),
(661, 'Arsenicum album 30'),
(662, 'Azathioprine'),
(663, 'Fexofenadine Hydrochloride'),
(664, 'TRICLOSAN'),
(665, 'Cyclosporine'),
(666, 'TRICLOSAN'),
(667, 'Hydrocodone Bitartrate and Acetaminophen'),
(668, 'ethanol'),
(669, 'diphenhydramine citrate, ibuprofen'),
(670, 'ramipril'),
(671, 'Dronabinol'),
(672, 'Doxycycline hyclate'),
(673, 'Benzocaine'),
(674, 'fexofenadine hydrochloride'),
(675, 'Levofloxacin'),
(676, 'salicylic acid and benzoyl peroxide'),
(677, 'Rauwolfia serpentina,'),
(678, 'Sodium Fluoride'),
(679, 'Acetaminophen, Phenylephrine HCl and Dextromethorphan HBr'),
(680, 'flurbiprofen sodium'),
(681, 'Potassium Citrate'),
(682, 'doxepin hydrochloride'),
(683, 'DEXTROMETHORPHAN HYDROBROMIDE, DOXYLAMINE SUCCINATE'),
(684, 'Benzocaine and Dextromethorphan Hydrobromide'),
(685, 'PROCHLORPERAZINE'),
(686, 'Estradiol'),
(687, 'Pear'),
(688, 'Pseudoephedrine Hydrochloride'),
(689, 'METHADONE HYDROCHLORIDE'),
(690, 'PREGABALIN'),
(691, 'Titanium Dioxide, Zinc Oxide'),
(692, 'Promethazine Hydrochloride'),
(693, 'West Cottonwood'),
(694, 'Aconitum ferox, Adrenalinum, Aesculus hippocastanum, flos, Apis mellifica, Argentum nitricum, Avena sativa, Baptisia tinctor, Mentha piperita, Myosotis arvensis, Phosphorus, Ranunculus bulbosus, Scler'),
(695, 'mefenamic acid'),
(696, 'Pseudoephedrine Hydrochloride'),
(697, 'iothalamate meglumine'),
(698, 'fluticasone propionate'),
(699, 'Benzalkonium chloride'),
(700, 'Arsenicum Album, Belladonna, Ipecacuanha, Kali Carbonicum, Lobelia Inflata, Natrum Sulphuricum, Silicea'),
(701, 'AZITHROMYCIN'),
(702, 'Privet'),
(703, 'chloroxylenol'),
(704, 'Oxygen'),
(705, 'Diltiazem Hydrochloride'),
(706, 'Chlophedianol Hydrochloride, Dexbrompheniramine Maleate'),
(707, 'methylprednisolone'),
(708, 'Olanzapine'),
(709, 'Carduus Marianus, Chelidonium Majus, Taraxacum Officinale, Lycopodium Clavatum, Magnesia Phosphorica, Natrum Sulphuricum'),
(710, 'Metaxalone'),
(711, 'NIFEDIPINE'),
(712, 'VERAPAMIL HYDROCHLORIDE'),
(713, 'fenofibric acid'),
(714, 'Aluminum hydroxide, Magnesium hydroxide, Simethicone'),
(715, 'Primidone'),
(716, 'Dimethicone'),
(717, 'Oxycodone Hydrochloride and Acetaminophen'),
(718, 'Antihemophilic Factor (Recombinant)'),
(719, 'Careless/Pigweed Mix'),
(720, 'Arnica montana, Hamamelis virginiana, Rhus toxicodendron,'),
(721, 'Isosorbide Dinitrate'),
(722, 'Benzalkonium Chloride'),
(723, 'Fentanyl'),
(724, 'naproxen'),
(725, 'Aluminum Sesquichlorohydrate'),
(726, 'Triclosan'),
(727, 'ESCITALOPRAM OXALATE'),
(728, 'Acetaminophen, Doxylamine succinate, Phenylephrine hydrochloride'),
(729, 'Chloroxylenol'),
(730, 'rivastigmine tartrate'),
(731, 'Sodium monofluorophosphate'),
(732, 'Olanzapine'),
(733, 'Cyclosporine'),
(734, 'Benazepril Hydrochloride and Hydrochlorothiazide'),
(735, 'Castor Oil'),
(736, 'Dextromethorphan Hydrobromide and Guaifenesin'),
(737, 'Hydrastis Canadensis, Taraxacum Officinale, Dopamine, L-Dopa, Melatonin, Serotonin (Hydrochloride)'),
(738, 'Albuterol Sulfate'),
(739, 'cyanocobalamin'),
(740, 'Throat Spray'),
(741, 'OXYCODONE HYDROCHLORIDE'),
(742, 'OXYGEN'),
(743, 'Cefprozil'),
(744, 'Hydrochlorothiazide'),
(745, 'GERMAN COCKROACH'),
(746, 'ibuprofen'),
(747, 'conjugated estrogens'),
(748, 'Folic Acid'),
(749, 'ALUMINUM ZIRCONIUM PENTACHLOROHYDREX GLY'),
(750, 'Nitroglycerin'),
(751, 'Calendula officinalis, Arnica montana, Hypericum perforatum, Symphytum officinale, Bellis perennis, Ledum palustre, Sulphuricum acidum, Calcarea fluorica, Ferrum phosphoricum, Rhus toxicodendron, Ruta'),
(752, 'DOCUSATE SODIUM and BENZOCAINE'),
(753, 'DIMETHICONE'),
(754, 'Ibuprofen'),
(755, 'Anticoagulant Citrate Phosphate Dextrose Adenine'),
(756, 'TRICLOSAN'),
(757, 'Fluconazole'),
(758, 'Acetaminophen, Diphenhydramine HCl and Phenylephrine HCl'),
(759, 'Naproxen sodium'),
(760, 'Triclosan'),
(761, 'Labetalol hydrochloride'),
(762, 'providone iodine'),
(763, 'Benzalkonium Chloride'),
(764, 'Acetaminophen, Dextromethorphan Hydrobromide, Doxylamine Succinate'),
(765, 'Helminthosporium'),
(766, 'Fluconazole'),
(767, 'ALCOHOL'),
(768, 'Pramoxine Hydrochloride'),
(769, 'PHENDIMETRAZINE TARTRATE'),
(770, 'White Petrolatum'),
(771, 'Sheep Sorrel'),
(772, 'OXYGEN'),
(773, 'HEPAR SULPHURIS CALCAREUM'),
(774, 'Chlorhexidine Gluconante'),
(775, 'Salicylic Acid'),
(776, 'Bryophyllum Argentum'),
(777, 'Simvastatin'),
(778, 'nifedipine'),
(779, 'finasteride'),
(780, 'Chlorothiazide'),
(781, 'Menthol'),
(782, 'Nitrogen'),
(783, 'divalproex sodium'),
(784, 'Benzonatate'),
(785, 'NEISSERIA MENINGITIDIS GROUP A CAPSULAR POLYSACCHARIDE ANTIGEN, NEISSERIA MENINGITIDIS GROUP C CAPSULAR POLYSACCHARIDE ANTIGEN, NEISSERIA MENINGITIDIS GROUP Y CAPSULAR POLYSACCHARIDE ANTIGEN and NEISS'),
(786, 'Chlorpheniramine Maleate, Dextromethorphan Hydrobromide, Phenylephrine Hydrochloride'),
(787, 'Pyrithione Zinc'),
(788, 'neurospora sitophila'),
(789, 'Phenylephrine Tannate and Chlorpheniramine Tannate'),
(790, 'selenium sulfide'),
(791, 'Diltiazem Hydrochloride'),
(792, 'Ferrum metallicum, Gratiola officinalis, Hamamelis virginiana, Helianthus annuus, Hottonia palustris, flos, Lachesis mutus, Lilium tigrinum, Lycopodium clavatum, Moschus, Palladium metallicum, Platinu'),
(793, 'Norethindrone and Mestranol'),
(794, 'Acetaminophen'),
(795, 'Wart Remover Liquid'),
(796, 'Sulfur'),
(797, 'escitalopram'),
(798, 'Oxygen'),
(799, 'THYROID, PORCINE'),
(800, 'Treatment Set TS347536'),
(801, 'carbidopa, levodopa and entacapone'),
(802, 'Mycophenolate Mofetil'),
(803, 'HYDROGEN PEROXIDE'),
(804, 'ondansetron'),
(805, 'estradiol'),
(806, 'Salicylic acid'),
(807, 'Octisalate, Octocrylene, Avobenzone, Ensulizole'),
(808, 'Julep Time Machine'),
(809, 'EPINEPHRINE'),
(810, 'Yellow Dock'),
(811, 'Menthol'),
(812, 'ALCOHOL'),
(813, 'Finasteride'),
(814, 'Diphenhydramine HCl'),
(815, 'Sodium Fluoride'),
(816, 'Levocarnitine'),
(817, 'Nitrofurantoin (monohydrate/macrocrystals)'),
(818, 'Clotrimazole'),
(819, 'LACHESIS MUTA VENOM'),
(820, 'ATORVASTATIN CALCIUM'),
(821, 'Lovastatin'),
(822, 'Ignatia 30c, Nat Mur 30c, Pulsatilla 30c'),
(823, 'Maximum Strength Pepto Bismol'),
(824, 'PREGABALIN'),
(825, 'Sertraline'),
(826, 'Losartan Potassium and Hydrochlorothiazide'),
(827, 'MONTELUKAST SODIUM'),
(828, 'Alprazolam'),
(829, 'Adenovirus Type 4 and Type 7 Vaccine, Live'),
(830, 'Trimethobenzamide Hydrochloride'),
(831, 'White petroleum'),
(832, 'Homosalate, Octinoxate, Octisalate, Oxybenzone, and Titanium Dioxide'),
(833, 'tiagabine hydrochloride'),
(834, 'Mycogone perniciosa'),
(835, 'Glycerin'),
(836, 'Chloroquine phosphate'),
(837, 'Diphenhydramine HCl'),
(838, 'Bupropion Hydrochloride'),
(839, 'Hydrocortisone Butyrate'),
(840, 'oxcarbazepine'),
(841, 'Ibuprofen'),
(842, 'acetaminophen, dextromethorphan hydrobromide, guaifenesin, and phenylephrine hydrochloride'),
(843, 'Triclosan'),
(844, 'Titanium Dioxide and Octinoxate'),
(845, 'Glycerin'),
(846, 'Antiperspirant and Deodorant'),
(847, 'Nicotine Polacrilex'),
(848, 'Olanzapine'),
(849, 'Beta Carotene, Ascorbic Acid, Cholecalciferol, .Alpha.-Tocopherol Acetate, DL-, Thiamine Mononitrate, Riboflavin, Niacinamide, Pyridoxine Hydrochloride, Folic Acid, Cyanocobalamin, Calcium Carbonate,'),
(850, 'simvastatin'),
(851, 'Clotrimazole and Betamethasone Dipropionate'),
(852, 'CHAETOMIUM GLOBOSUM'),
(853, 'Nicotine Polacrilex'),
(854, 'Phytolacca decandra, Thuja occidentalis'),
(855, 'CAPSAICIN'),
(856, 'TOXICODENDRON PUBESCENS LEAF'),
(857, 'dextromethorphan, guaifenesin, and phenylephrine'),
(858, 'Lisinopril'),
(859, 'Mycophenolate Mofetil'),
(860, 'Carduus marianus, Chelidonium majus, Taraxacum officinale'),
(861, 'OCTINOXATE'),
(862, 'INFLUENZA A VIRUS A/BRISBANE/10/2010 (H1N1) ANTIGEN (MDCK CELL DERIVED, PROPIOLACTONE INACTIVATED), INFLUENZA A VIRUS A/TEXAS/50/2012 X-223A (H3N2) ANTIGEN (MDCK CELL DERIVED, PROPIOLACTONE INACTIVATE'),
(863, 'Acetaminophen'),
(864, 'cefuroxime axetil'),
(865, 'Miconazole'),
(866, 'Octinoxate, Octisalate, and Oxybenzone'),
(867, 'Octinoxate and Oxybenzone'),
(868, 'Acetaminophen'),
(869, 'Oxygen'),
(870, 'ziprasidone hydrochloride'),
(871, 'SALICYLIC ACID'),
(872, 'dimethicone, octinoxate, octisalate, oxybenzone'),
(873, 'Aluminum Sesquichlorohydrate'),
(874, 'Bupropion Hydrochloride'),
(875, 'Captopril'),
(876, 'Piperacillin and Tazobactam'),
(877, 'TITANIUM DIOXIDE'),
(878, 'Oak Virginia Live'),
(879, 'Avobenzone, Homosalate, Octisalate, Octocrylene, and Oxybenzone'),
(880, 'zolpidem tartrate'),
(881, 'onabotulinumtoxinA'),
(882, 'Temozolomide'),
(883, 'Salicylic Acid'),
(884, 'Polymyxin B Sulfate and Trimethoprim Sulfate'),
(885, 'galantamine hydrobromide'),
(886, 'Losartan Potassium'),
(887, 'Avobenzone, Octisalate and Octocrylene'),
(888, 'Ibuprofen'),
(889, 'Pulmo Bryonia'),
(890, 'OXYGEN'),
(891, 'dimethicone, octinoxate, octisalate, oxybenzone'),
(892, 'Ofloxacin'),
(893, 'Lidocaine Hydrochloride and Epinephrine Bitartrate'),
(894, 'trimethobenzamide hydrochloride'),
(895, 'avobenzone, homosalate, octisalate, octocrylene'),
(896, 'HYDROQUINONE'),
(897, 'ethylhexl methoxycinnamate'),
(898, 'Octinoxate and Oxybenzone'),
(899, 'Phenobarbital, Hyoscyamine Sulfate, Atropine Sulfate, Scopolamine Hydrobromide'),
(900, 'METOPROLOL TARTRATE'),
(901, 'ampicillin'),
(902, 'Amoxicillin and Clavulanate Potassium'),
(903, 'Oxygen'),
(904, 'fluticasone propionate'),
(905, 'benzoyl peroxide'),
(906, 'Aspirin'),
(907, 'lithium carbonate'),
(908, 'pyridostigmine bromide'),
(909, 'Fluticasone Propionate'),
(910, 'Candesartan Cilexetil'),
(911, 'Erythromycin Ethylsuccinate'),
(912, 'Carduus Marianus, Chelidonium Majus, Taraxacum Officinale, Lycopodium Clavatum, Magnesia Phosphorica, Natrum Sulphuricum'),
(913, 'ONDANSETRON HYDROCHLORIDE'),
(914, 'ENALAPRIL MALEATE AND HYDROCHLOROTHIAZIDE'),
(915, 'Pyrithione Zinc'),
(916, 'Aluminum zirconium tetrachlorohydrex gly'),
(917, 'ammonia n-13'),
(918, 'repaglinide'),
(919, 'Enoxaparin Sodium'),
(920, 'Doxycycline Hyclate'),
(921, 'Minoxidil'),
(922, 'Trichoderma'),
(923, 'Zinc Oxide, Octinoxate, Octisalate'),
(924, 'Hand Sanitizer'),
(925, 'Asarum europaeum, Clematis erecta, Clematis vitalba, flos, cocculus indicus, Lathyrus sativus, Lonicera caprifolium, flos, Millefolium, Naja tripudians, Nux moschata, Oleander, Rosa damascena, Rosmari'),
(926, 'Lamotrigine'),
(927, 'Salicylic Acid'),
(928, 'Hydrocortisone'),
(929, 'piroxicam'),
(930, 'Colloidal iodine,'),
(931, 'OCTINOXATE, Titanium Dioxide, OCTISALATE'),
(932, 'POTASSIUM CHLORIDE'),
(933, 'Piperacillin and Tazobactam'),
(934, 'Silicea'),
(935, 'formic acid'),
(936, 'light mineral oil and mineral oil'),
(937, 'Silver Maple'),
(938, 'Lisinopril'),
(939, 'Metoclopramide Hydrochloride'),
(940, 'PredniSONE'),
(941, 'GLYCOPYRROLATE'),
(942, 'adapalene'),
(943, 'clonazepam'),
(944, 'Arizona Cypress'),
(945, 'Sodium Fluoride'),
(946, 'Aluminum Zirconium Pentachlorohydrex Gly'),
(947, 'Menthol'),
(948, 'Menthol'),
(949, 'Standardized Meadow Fescue Grass Pollen'),
(950, 'Naphazoline hydrochloride, Polysorbate'),
(951, 'Sodium Bicarbonate'),
(952, 'Black Walnut'),
(953, 'Risperidone'),
(954, 'Triclosan'),
(955, 'Fexofenadine Hydrochloride'),
(956, 'nifedipine'),
(957, 'Torsemide'),
(958, 'eplerenone'),
(959, 'dinoprostone'),
(960, 'Arsenicum alb., Bryonia, Cantharis, Chelidonium majus, Cistus canadensis, Conium, Croton, Dulcamara, Graphites, Kali bic., Lycopodium, Mezereum, Nux vom., Petroleum, Pulsatilla, Ranunc. bulb., Rhus to'),
(961, 'Selenium Sulfide'),
(962, 'Oxcarbazepine'),
(963, 'FERRIC OXIDE RED, ZINC OXIDE'),
(964, 'OCTINOXATE and TITANIUM DIOXIDE'),
(965, 'ZINC OXIDE'),
(966, 'Amoxicillin'),
(967, 'URSODIOL'),
(968, 'Ledum Palustre Twig, Urtica Urens, Simaba Cedron Seed, Delphinium Staphisagria Seed, Grindelia Hirsutula Flowering Top'),
(969, 'Venlafaxine Hydrochloride'),
(970, 'Aspergillus fumigatus'),
(971, 'CARBON DIOXIDE OXYGEN MIXTURE'),
(972, 'budesonide'),
(973, 'IOPAMIDOL'),
(974, 'cabergoline'),
(975, 'Metformin Hydrochloride'),
(976, 'lanthanum carbonate'),
(977, 'Docusate sodium and Sennosides'),
(978, 'Calcium Acetate'),
(979, 'Diltiazem Hydrochloride'),
(980, 'Chamomilla Belladonna Adult Size'),
(981, 'carvedilol'),
(982, 'Oxygen'),
(983, 'THIAMINE HYDROCHLORIDE'),
(984, 'AngerSoothe'),
(985, 'Pyrazinamide'),
(986, 'OCTINOXATE and OXYBENZONE'),
(987, 'Oxygen'),
(988, 'Nicotine Polacrilex'),
(989, 'diclofenac sodium'),
(990, 'clonidine hydrochloride'),
(991, 'mycophenolate mofetil'),
(992, 'Nabumetone'),
(993, 'medroxyprogesterone acetate'),
(994, 'MENTHOL'),
(995, 'Eucalyptol, Menthol, Methyl Salicylate, Thymol'),
(996, 'simethicone'),
(997, 'Loratadine'),
(998, 'Betamethasone Dipropionate'),
(999, 'LIDOCAINE HYDROCHLORIDE, MENTHOL'),
(1000, 'Tension Headache Relief');

-- --------------------------------------------------------

--
-- Struktura tabeli dla tabeli `uczniowie`
--

CREATE TABLE `uczniowie` (
  `iducznia` int(11) NOT NULL,
  `Nazwisko` varchar(200) NOT NULL,
  `Imie` varchar(200) NOT NULL,
  `DataUrodzenia` date NOT NULL,
  `CzyChlopak` tinyint(1) NOT NULL,
  `Pesel` int(11) NOT NULL,
  `idklasy` int(11) NOT NULL
) ENGINE=InnoDB DEFAULT CHARSET=utf8mb4;

--
-- Zrzut danych tabeli `uczniowie`
--

INSERT INTO `uczniowie` (`iducznia`, `Nazwisko`, `Imie`, `DataUrodzenia`, `CzyChlopak`, `Pesel`, `idklasy`) VALUES
(1, 'Simioli', 'Kakalina', '2009-08-11', 1, 2147483647, 1),
(2, 'Banane', 'Flss', '2014-03-29', 0, 2147483647, 2),
(3, 'Maginot', 'Susy', '2016-11-07', 0, 2147483647, 3),
(4, 'Scay', 'Jameson', '2009-06-23', 0, 2147483647, 4),
(5, 'Orr', 'Robin', '2020-11-05', 1, 2147483647, 5),
(6, 'Skeggs', 'Nealon', '2018-02-21', 0, 2147483647, 6),
(7, 'Mathieson', 'Towny', '2008-02-17', 0, 2147483647, 7),
(8, 'Bastock', 'Garey', '2019-01-05', 1, 2147483647, 8),
(9, 'Vause', 'Gypsy', '2007-06-07', 0, 2147483647, 9),
(10, 'McAirt', 'Ericha', '2020-10-08', 1, 2147483647, 10),
(11, 'Dobbin', 'Brew', '2017-08-03', 1, 2147483647, 11),
(12, 'Portal', 'Niccolo', '2007-04-09', 1, 2147483647, 12),
(13, 'Kupker', 'Sydelle', '2006-09-12', 0, 2147483647, 13),
(14, 'Cornejo', 'Ichabod', '2017-11-30', 1, 2147483647, 14),
(15, 'Churchley', 'Regan', '2010-11-08', 1, 2147483647, 15),
(16, 'Carder', 'Kakalina', '2006-12-16', 0, 2147483647, 16),
(17, 'Looney', 'Guthrie', '2021-10-15', 0, 2147483647, 17),
(18, 'Bresland', 'Eden', '2022-08-27', 0, 2147483647, 18),
(19, 'Garretson', 'Laurel', '2015-09-02', 1, 2147483647, 19),
(20, 'Barniss', 'Kaye', '2017-11-07', 0, 2147483647, 20),
(21, 'Antcliffe', 'Dannie', '2016-06-26', 0, 2147483647, 21),
(22, 'Du Fray', 'Dom', '2009-02-12', 1, 2147483647, 22),
(23, 'Heers', 'Aluin', '2019-10-13', 0, 2147483647, 23),
(24, 'Sigsworth', 'Vergil', '2019-10-14', 0, 2147483647, 24),
(25, 'Blezard', 'Sly', '2020-07-02', 0, 2147483647, 25),
(26, 'Banger', 'Brew', '2011-10-03', 1, 2147483647, 26),
(27, 'Nanetti', 'Melvyn', '2020-11-16', 0, 2147483647, 27),
(28, 'Tackell', 'Julita', '2009-12-30', 0, 2147483647, 28),
(29, 'Noah', 'Alfredo', '2020-06-07', 0, 2147483647, 29),
(30, 'MacSwayde', 'Philomena', '2017-10-02', 0, 2147483647, 30),
(31, 'Behnecken', 'Karyn', '2020-11-11', 0, 2147483647, 31),
(32, 'Izakov', 'Gauthier', '2012-09-30', 0, 2147483647, 32),
(33, 'Abramamov', 'Baxy', '2006-09-23', 1, 2147483647, 33),
(34, 'De Launde', 'Jesselyn', '2016-11-12', 0, 2147483647, 34),
(35, 'Bachmann', 'Tammy', '2014-07-08', 1, 2147483647, 35),
(36, 'McLese', 'Celine', '2019-04-06', 1, 2147483647, 36),
(37, 'Giamelli', 'Elvin', '2015-07-06', 1, 2147483647, 37),
(38, 'Hayto', 'Dirk', '2018-11-21', 1, 2147483647, 38),
(39, 'Wollen', 'Reggie', '2017-03-15', 0, 2147483647, 39),
(40, 'Herley', 'Akim', '2010-08-09', 1, 2147483647, 40),
(41, 'Syres', 'Harlie', '2008-01-04', 1, 2147483647, 41),
(42, 'Stedell', 'Tamar', '2016-03-21', 0, 2147483647, 42),
(43, 'Millbank', 'Ursuline', '2010-07-31', 0, 2147483647, 43),
(44, 'Wallenger', 'Reynolds', '2008-01-05', 1, 2147483647, 44),
(45, 'Blyden', 'Hernando', '2017-05-30', 1, 2147483647, 45),
(46, 'Featherstonhaugh', 'Sidnee', '2022-05-14', 1, 2147483647, 46),
(47, 'Stroton', 'Kora', '2008-01-20', 1, 2147483647, 47),
(48, 'Chsteney', 'Marquita', '2022-04-12', 0, 2147483647, 48),
(49, 'Smartman', 'Jim', '2006-08-07', 1, 2147483647, 49),
(50, 'Uglow', 'Marchall', '2016-05-13', 0, 2147483647, 50),
(51, 'Laurie', 'Cathrin', '2021-07-28', 1, 2147483647, 51),
(52, 'Doxey', 'Wilton', '2011-11-16', 0, 2147483647, 52),
(53, 'Yandle', 'Terrijo', '2012-02-01', 0, 2147483647, 53),
(54, 'Binfield', 'Miquela', '2012-09-14', 1, 2147483647, 54),
(55, 'Leggen', 'Pennie', '2018-04-28', 1, 2147483647, 55),
(56, 'Lenormand', 'Sully', '2011-05-19', 1, 2147483647, 56),
(57, 'Iscowitz', 'Domeniga', '2019-04-06', 0, 2147483647, 57),
(58, 'Basilio', 'Myra', '2021-01-11', 0, 2147483647, 58),
(59, 'Eyre', 'Rebekah', '2011-02-08', 0, 2147483647, 59),
(60, 'Teaser', 'Valene', '2007-09-07', 1, 2147483647, 60),
(61, 'Gulston', 'Kirby', '2020-08-01', 0, 2147483647, 61),
(62, 'Boadby', 'Horatia', '2020-02-29', 0, 2147483647, 62),
(63, 'Gresser', 'Devan', '2005-12-23', 1, 2147483647, 63),
(64, 'Pontain', 'Haily', '2021-06-04', 1, 2147483647, 64),
(65, 'Heathcott', 'Dyna', '2009-02-18', 0, 2147483647, 65),
(66, 'MacTague', 'Adena', '2021-03-25', 1, 2147483647, 66),
(67, 'Havile', 'Elroy', '2017-08-08', 0, 2147483647, 67),
(68, 'Mattschas', 'Inigo', '2013-02-28', 0, 2147483647, 68),
(69, 'Oboy', 'Gherardo', '2011-08-29', 0, 2147483647, 69),
(70, 'Stabbins', 'Willamina', '2012-07-23', 1, 2147483647, 70),
(71, 'Kiddie', 'Ransell', '2010-05-31', 1, 2147483647, 71),
(72, 'McKibben', 'Reggi', '2015-04-05', 0, 2147483647, 72),
(73, 'O\'Cannavan', 'Padraig', '2008-04-11', 0, 2147483647, 73),
(74, 'Daviddi', 'Kally', '2017-08-18', 0, 2147483647, 74),
(75, 'Ayce', 'Josias', '2010-05-27', 0, 2147483647, 75),
(76, 'Derwin', 'Oran', '2020-04-04', 0, 2147483647, 76),
(77, 'Burden', 'Elaine', '2013-01-04', 1, 2147483647, 77),
(78, 'Semkins', 'Bette', '2008-11-24', 1, 2147483647, 78),
(79, 'Murphey', 'Even', '2016-08-14', 0, 2147483647, 79),
(80, 'Coldbath', 'Keary', '2012-08-09', 1, 2147483647, 80),
(81, 'Gooderick', 'Milissent', '2007-05-12', 1, 2147483647, 81),
(82, 'Grooby', 'Estele', '2009-09-25', 0, 2147483647, 82),
(83, 'Oakenford', 'Aubrey', '2017-10-10', 1, 2147483647, 83),
(84, 'Fawcitt', 'Lonnard', '2013-04-14', 1, 2147483647, 84),
(85, 'Clappison', 'Sig', '2010-03-19', 0, 2147483647, 85),
(86, 'Nutbeam', 'Ardra', '2018-01-10', 1, 2147483647, 86),
(87, 'Seakes', 'Gayel', '2015-06-03', 1, 2147483647, 87),
(88, 'Tibalt', 'Elna', '2022-03-28', 0, 2147483647, 88),
(89, 'Hamshaw', 'Tito', '2020-09-24', 1, 2147483647, 89),
(90, 'O\'Hogertie', 'Arlinda', '2008-08-30', 0, 2147483647, 90),
(91, 'Deinert', 'Jaymie', '2013-12-02', 0, 2147483647, 91),
(92, 'Gentreau', 'Merry', '2010-06-27', 1, 2147483647, 92),
(93, 'Radin', 'Madlen', '2021-06-20', 1, 2147483647, 93),
(94, 'Ackermann', 'Garrek', '2009-08-08', 1, 2147483647, 94),
(95, 'Paddefield', 'Leisha', '2015-07-11', 0, 2147483647, 95),
(96, 'Leghorn', 'Stace', '2020-09-27', 1, 2147483647, 96),
(97, 'Caselli', 'Laurene', '2011-01-15', 0, 2147483647, 97),
(98, 'Woodfield', 'Fitzgerald', '2016-06-09', 0, 2147483647, 98),
(99, 'Sigward', 'Kim', '2010-11-24', 0, 2147483647, 99),
(100, 'Wards', 'Ruby', '2015-03-25', 1, 2147483647, 100),
(101, 'Germon', 'Tim', '2009-02-26', 1, 2147483647, 101),
(102, 'D\'Cruze', 'Misti', '2007-10-02', 0, 2147483647, 102),
(103, 'Durak', 'Toiboid', '2007-01-12', 1, 2147483647, 103),
(104, 'Peter', 'Elia', '2018-09-28', 0, 2147483647, 104),
(105, 'Teek', 'Gardiner', '2012-03-15', 0, 2147483647, 105),
(106, 'Edrich', 'Christabella', '2015-12-09', 1, 2147483647, 106),
(107, 'Rissen', 'Rita', '2014-05-05', 1, 2147483647, 107),
(108, 'Korneluk', 'Buffy', '2018-12-17', 1, 2147483647, 108),
(109, 'Browell', 'Coleen', '2010-01-13', 0, 2147483647, 109),
(110, 'Kernaghan', 'Ashby', '2014-11-09', 1, 2147483647, 110),
(111, 'Ragbourne', 'Crissy', '2009-08-21', 0, 2147483647, 111),
(112, 'Brockie', 'Neala', '2007-06-23', 1, 2147483647, 112),
(113, 'Gossington', 'Angelico', '2007-05-04', 0, 2147483647, 113),
(114, 'De Zamudio', 'Audi', '2005-03-19', 1, 2147483647, 114),
(115, 'Kensitt', 'Manfred', '2022-09-04', 0, 2147483647, 115),
(116, 'Lovelace', 'Mendie', '2012-08-24', 1, 2147483647, 116),
(117, 'Cridlon', 'Starr', '2016-04-26', 0, 2147483647, 117),
(118, 'Capozzi', 'Antonetta', '2022-05-24', 0, 2147483647, 118),
(119, 'Basso', 'Claudian', '2017-04-27', 1, 2147483647, 119),
(120, 'Have', 'Felicia', '2015-06-23', 1, 2147483647, 120),
(121, 'Westnedge', 'Richmound', '2015-05-05', 0, 2147483647, 121),
(122, 'Beekman', 'Rabbi', '2014-08-21', 1, 2147483647, 122),
(123, 'Tearle', 'Jennette', '2020-07-09', 0, 2147483647, 123),
(124, 'Burnsyde', 'Wynn', '2011-02-20', 0, 2147483647, 124),
(125, 'Cresar', 'Ola', '2013-10-10', 1, 2147483647, 125),
(126, 'Robens', 'Vonnie', '2021-04-09', 1, 2147483647, 126),
(127, 'Stroton', 'Cornelia', '2008-08-06', 0, 2147483647, 127),
(128, 'Ferenc', 'Gianna', '2006-01-19', 0, 2147483647, 128),
(129, 'Beardsell', 'Darn', '2008-04-18', 1, 2147483647, 129),
(130, 'Fominov', 'Orland', '2007-02-04', 0, 2147483647, 130),
(131, 'Meeland', 'Allegra', '2013-06-18', 1, 2147483647, 131),
(132, 'Salzburg', 'Derek', '2019-01-21', 0, 2147483647, 132),
(133, 'Dunstan', 'Dix', '2014-11-06', 1, 2147483647, 133),
(134, 'Stapley', 'Kristoffer', '2020-01-18', 0, 2147483647, 134),
(135, 'Lynn', 'Bryn', '2012-07-05', 1, 2147483647, 135),
(136, 'Beckers', 'Maribel', '2015-05-01', 0, 2147483647, 136),
(137, 'Server', 'Barr', '2015-11-22', 1, 2147483647, 137),
(138, 'Cardenoso', 'Mallorie', '2013-03-29', 1, 2147483647, 138),
(139, 'Snedden', 'Ronda', '2019-07-23', 0, 2147483647, 139),
(140, 'Conklin', 'De', '2015-04-02', 0, 2147483647, 140),
(141, 'Burkart', 'Ezri', '2018-05-22', 1, 2147483647, 141),
(142, 'Willsmore', 'Janet', '2018-11-17', 1, 2147483647, 142),
(143, 'McQuie', 'Far', '2012-01-21', 1, 2147483647, 143),
(144, 'Wilcocke', 'Monica', '2012-11-02', 1, 2147483647, 144),
(145, 'Thwaites', 'Ashly', '2018-04-10', 0, 2147483647, 145),
(146, 'Hayle', 'Mateo', '2022-08-20', 1, 2147483647, 146),
(147, 'O\'Hartnett', 'Aubrie', '2020-03-30', 0, 2147483647, 147),
(148, 'Garard', 'Sigmund', '2008-10-03', 0, 2147483647, 148),
(149, 'Gothup', 'Blondie', '2016-05-08', 1, 2147483647, 149),
(150, 'Tinkham', 'Jelene', '2009-11-28', 1, 2147483647, 150),
(151, 'Gabbitas', 'Roman', '2016-10-23', 0, 2147483647, 151),
(152, 'McGiveen', 'Karina', '2006-10-19', 0, 2147483647, 152),
(153, 'Bernardes', 'Diandra', '2011-01-16', 0, 2147483647, 153),
(154, 'Brandom', 'Cirilo', '2017-06-16', 1, 2147483647, 154),
(155, 'Jowers', 'Raffaello', '2007-08-27', 0, 2147483647, 155),
(156, 'Simmers', 'Helga', '2013-11-24', 0, 2147483647, 156),
(157, 'Barensen', 'Juana', '2021-06-11', 0, 2147483647, 157),
(158, 'Kyme', 'Albina', '2006-08-21', 0, 2147483647, 158),
(159, 'Muckloe', 'Orion', '2007-10-08', 1, 2147483647, 159),
(160, 'Craigie', 'Ive', '2009-04-28', 0, 2147483647, 160),
(161, 'Fautly', 'Bran', '2017-10-30', 0, 2147483647, 161),
(162, 'Wille', 'Morie', '2020-10-01', 1, 2147483647, 162),
(163, 'Uphill', 'Pepe', '2010-12-14', 0, 2147483647, 163),
(164, 'Shill', 'Codee', '2010-04-22', 0, 2147483647, 164),
(165, 'Wagner', 'Rock', '2007-02-08', 1, 2147483647, 165),
(166, 'Brill', 'Flossie', '2009-12-22', 1, 2147483647, 166),
(167, 'Stennine', 'Ava', '2006-09-27', 0, 2147483647, 167),
(168, 'Fulton', 'Loreen', '2014-02-11', 0, 2147483647, 168),
(169, 'Sulter', 'Towny', '2022-06-19', 0, 2147483647, 169),
(170, 'Townby', 'Adrea', '2009-07-05', 1, 2147483647, 170),
(171, 'McQuade', 'Kattie', '2019-11-03', 0, 2147483647, 171),
(172, 'Winspire', 'Licha', '2015-07-14', 1, 2147483647, 172),
(173, 'Bullivent', 'Elnora', '2015-06-12', 0, 2147483647, 173),
(174, 'Graves', 'Clerkclaude', '2012-12-01', 0, 2147483647, 174),
(175, 'Blagdon', 'Erina', '2015-05-31', 0, 2147483647, 175),
(176, 'Esom', 'Celesta', '2008-02-13', 0, 2147483647, 176),
(177, 'Hagstone', 'Alain', '2008-04-05', 1, 2147483647, 177),
(178, 'Ridgley', 'Jinny', '2009-06-27', 1, 2147483647, 178),
(179, 'Lazonby', 'Melicent', '2020-06-30', 0, 2147483647, 179),
(180, 'Hague', 'Ky', '2009-02-23', 1, 2147483647, 180),
(181, 'Kenyon', 'Agna', '2021-04-06', 1, 2147483647, 181),
(182, 'Addy', 'Edd', '2012-11-27', 0, 2147483647, 182),
(183, 'Nicholls', 'Glad', '2012-12-18', 0, 2147483647, 183),
(184, 'Maysor', 'Roseann', '2013-11-17', 1, 2147483647, 184),
(185, 'Mathelin', 'Isabelita', '2005-09-26', 0, 2147483647, 185),
(186, 'Balshaw', 'Kristoffer', '2012-04-13', 1, 2147483647, 186),
(187, 'Huxtable', 'Nollie', '2007-12-07', 0, 2147483647, 187),
(188, 'Dorkens', 'Carling', '2018-02-06', 1, 2147483647, 188),
(189, 'Llewelyn', 'Maurizia', '2017-06-11', 1, 2147483647, 189),
(190, 'Dyneley', 'Zorana', '2006-08-10', 1, 2147483647, 190),
(191, 'Conkey', 'Cornell', '2020-09-22', 1, 2147483647, 191),
(192, 'Crow', 'Hamlin', '2005-08-19', 0, 2147483647, 192),
(193, 'Fullegar', 'Kate', '2008-01-15', 0, 2147483647, 193),
(194, 'Caisley', 'Larissa', '2015-04-23', 0, 2147483647, 194),
(195, 'Kimm', 'Marianne', '2009-01-18', 0, 2147483647, 195),
(196, 'Londing', 'Bendicty', '2017-07-31', 1, 2147483647, 196),
(197, 'Alywin', 'Adrianne', '2006-06-28', 0, 2147483647, 197),
(198, 'Doerren', 'Lynna', '2014-12-31', 1, 2147483647, 198),
(199, 'Comusso', 'Catina', '2013-09-14', 1, 2147483647, 199),
(200, 'Pinxton', 'Darelle', '2013-01-06', 0, 2147483647, 200),
(201, 'Curbishley', 'Ode', '2006-08-05', 1, 2147483647, 201),
(202, 'Colbrun', 'Allayne', '2020-01-25', 1, 2147483647, 202),
(203, 'Claughton', 'Augustus', '2022-04-19', 1, 2147483647, 203),
(204, 'Stainsby', 'Nydia', '2008-10-14', 0, 2147483647, 204),
(205, 'Beaney', 'Kizzie', '2017-09-02', 0, 2147483647, 205),
(206, 'Shreeves', 'Beatrice', '2021-11-07', 1, 2147483647, 206),
(207, 'Critch', 'Karlens', '2021-07-25', 0, 2147483647, 207),
(208, 'Eeles', 'Whitaker', '2021-06-15', 1, 2147483647, 208),
(209, 'Jakubowicz', 'Smith', '2009-04-19', 1, 2147483647, 209),
(210, 'Eneas', 'Glyn', '2022-04-24', 0, 2147483647, 210),
(211, 'Perkinson', 'Hailey', '2017-06-20', 1, 2147483647, 211),
(212, 'Wingfield', 'Bonni', '2010-03-14', 0, 2147483647, 212),
(213, 'Fores', 'Regen', '2014-09-30', 1, 2147483647, 213),
(214, 'Crus', 'Lemar', '2019-05-13', 1, 2147483647, 214),
(215, 'Beaford', 'Roze', '2016-03-08', 1, 2147483647, 215),
(216, 'Evert', 'Keriann', '2012-02-03', 0, 2147483647, 216),
(217, 'Tierney', 'Lotty', '2019-01-17', 1, 2147483647, 217),
(218, 'Pennells', 'Anetta', '2008-03-25', 1, 2147483647, 218),
(219, 'McKinn', 'Alexandr', '2007-08-16', 1, 2147483647, 219),
(220, 'Le Sieur', 'Cheri', '2007-03-31', 0, 2147483647, 220),
(221, 'Davison', 'Lucinda', '2012-03-28', 1, 2147483647, 221),
(222, 'Cesco', 'Trumaine', '2022-10-05', 0, 2147483647, 222),
(223, 'Winchcomb', 'Vallie', '2017-01-04', 1, 2147483647, 223),
(224, 'Clare', 'Merrie', '2013-08-15', 1, 2147483647, 224),
(225, 'Peppard', 'Raye', '2019-12-29', 1, 2147483647, 225),
(226, 'Blagburn', 'Ross', '2014-10-25', 1, 2147483647, 226),
(227, 'Corkan', 'Eveline', '2005-04-20', 1, 2147483647, 227),
(228, 'Huikerby', 'Efrem', '2019-01-13', 0, 2147483647, 228),
(229, 'Dunbobin', 'Pearce', '2016-10-17', 0, 2147483647, 229),
(230, 'Hamel', 'Pauli', '2007-05-01', 1, 2147483647, 230),
(231, 'Lynes', 'Tanitansy', '2020-10-11', 1, 2147483647, 231),
(232, 'Spraging', 'Morey', '2008-01-20', 0, 2147483647, 232),
(233, 'Lethardy', 'Stanly', '2010-05-03', 1, 2147483647, 233),
(234, 'Merchant', 'Tracey', '2010-09-22', 0, 2147483647, 234),
(235, 'Micklewright', 'Andree', '2008-02-01', 1, 2147483647, 235),
(236, 'Sutterfield', 'Lonni', '2021-08-02', 1, 2147483647, 236),
(237, 'Gadman', 'Dynah', '2006-09-04', 1, 2147483647, 237),
(238, 'Iannazzi', 'Jena', '2018-08-07', 1, 2147483647, 238),
(239, 'Swatridge', 'Judah', '2010-03-23', 0, 2147483647, 239),
(240, 'Carous', 'Elyse', '2019-08-13', 0, 2147483647, 240),
(241, 'Yarwood', 'Jamie', '2019-10-01', 1, 2147483647, 241),
(242, 'Baskeyfield', 'Felicity', '2014-02-12', 0, 2147483647, 242),
(243, 'Cullity', 'Jasun', '2014-09-06', 0, 2147483647, 243),
(244, 'Hallum', 'Nikolia', '2012-02-02', 1, 2147483647, 244),
(245, 'Treadway', 'Brodie', '2005-07-29', 1, 2147483647, 245),
(246, 'Suttling', 'Rickert', '2005-11-29', 1, 2147483647, 246),
(247, 'Zucker', 'Elle', '2012-10-13', 0, 2147483647, 247),
(248, 'Kroin', 'Merell', '2008-07-02', 0, 2147483647, 248),
(249, 'Fulton', 'Agretha', '2009-04-25', 1, 2147483647, 249),
(250, 'Tiesman', 'Rainer', '2022-03-28', 0, 2147483647, 250),
(251, 'Pinn', 'Julius', '2008-12-25', 0, 2147483647, 251),
(252, 'Pilsworth', 'Trudie', '2015-05-27', 0, 2147483647, 252),
(253, 'Drought', 'Kirby', '2012-01-12', 1, 2147483647, 253),
(254, 'Packington', 'Darius', '2014-07-18', 1, 2147483647, 254),
(255, 'Malyan', 'Michelle', '2007-10-12', 1, 2147483647, 255),
(256, 'Buckett', 'Tasha', '2022-09-12', 0, 2147483647, 256),
(257, 'Pavlovic', 'Livvie', '2014-11-29', 0, 2147483647, 257),
(258, 'Stathor', 'Faina', '2021-07-25', 0, 2147483647, 258),
(259, 'Gallelli', 'Chuck', '2013-12-10', 1, 2147483647, 259),
(260, 'Dumingo', 'Nikki', '2012-02-07', 0, 2147483647, 260),
(261, 'Asals', 'Ag', '2009-08-07', 0, 2147483647, 261),
(262, 'Crowcum', 'Sarajane', '2006-06-13', 0, 2147483647, 262),
(263, 'Georgelin', 'Audra', '2020-04-30', 0, 2147483647, 263),
(264, 'Lemmers', 'Brade', '2018-01-10', 1, 2147483647, 264),
(265, 'Rowler', 'Ianthe', '2016-12-04', 1, 2147483647, 265),
(266, 'Tulloch', 'Jephthah', '2021-06-15', 1, 2147483647, 266),
(267, 'Beney', 'Mord', '2012-12-30', 0, 2147483647, 267),
(268, 'Rosini', 'Neila', '2005-07-15', 0, 2147483647, 268),
(269, 'Kingerby', 'Mal', '2013-11-08', 1, 2147483647, 269),
(270, 'Betchley', 'Vonni', '2020-04-19', 0, 2147483647, 270),
(271, 'Hedditeh', 'Paolina', '2018-10-18', 1, 2147483647, 271),
(272, 'Cowill', 'Fee', '2011-06-09', 0, 2147483647, 272),
(273, 'Stubbeley', 'Hattie', '2006-07-24', 0, 2147483647, 273),
(274, 'Paff', 'Ainslie', '2008-12-20', 0, 2147483647, 274),
(275, 'Cadwaladr', 'Morgan', '2022-01-08', 1, 2147483647, 275),
(276, 'Pagitt', 'Arel', '2014-05-28', 0, 2147483647, 276),
(277, 'Hlavac', 'Berti', '2020-09-25', 0, 2147483647, 277),
(278, 'Malcolmson', 'Bourke', '2022-05-05', 0, 2147483647, 278),
(279, 'Goldson', 'Bert', '2010-04-26', 1, 2147483647, 279),
(280, 'Laite', 'Romonda', '2021-07-02', 1, 2147483647, 280),
(281, 'Wolfart', 'Isidor', '2010-08-05', 0, 2147483647, 281),
(282, 'Dubbin', 'Raychel', '2013-03-27', 0, 2147483647, 282),
(283, 'McNae', 'Hayden', '2022-02-06', 1, 2147483647, 283),
(284, 'Royds', 'Marla', '2017-01-01', 1, 2147483647, 284),
(285, 'Kenwyn', 'Muriel', '2021-08-14', 1, 2147483647, 285),
(286, 'Cramer', 'Fons', '2019-04-23', 1, 2147483647, 286),
(287, 'd\'Escoffier', 'Tam', '2015-11-15', 0, 2147483647, 287),
(288, 'Tebald', 'Hilliary', '2005-10-26', 1, 2147483647, 288),
(289, 'Daile', 'Corbett', '2005-07-23', 0, 2147483647, 289),
(290, 'Domeney', 'Devon', '2010-04-14', 1, 2147483647, 290),
(291, 'Stolli', 'Morganica', '2007-01-02', 1, 2147483647, 291),
(292, 'Guerriero', 'Moss', '2010-11-21', 0, 2147483647, 292),
(293, 'Veldens', 'Bernhard', '2007-06-19', 0, 2147483647, 293),
(294, 'Moorcraft', 'Tobi', '2019-03-03', 1, 2147483647, 294),
(295, 'Stoate', 'Ferdie', '2010-04-16', 0, 2147483647, 295),
(296, 'MacGee', 'Chucho', '2012-07-26', 0, 2147483647, 296),
(297, 'Monelle', 'Joelle', '2006-12-11', 1, 2147483647, 297),
(298, 'Yakubowicz', 'Brannon', '2013-01-06', 1, 2147483647, 298),
(299, 'Mixture', 'Edgar', '2010-09-19', 1, 2147483647, 299),
(300, 'Scanterbury', 'Cammy', '2014-05-30', 0, 2147483647, 300),
(301, 'Caig', 'Nanny', '2015-11-14', 0, 2147483647, 301),
(302, 'Jaslem', 'Matthew', '2012-10-11', 1, 2147483647, 302),
(303, 'Newlan', 'Merissa', '2020-12-02', 0, 2147483647, 303),
(304, 'Voden', 'Jehanna', '2015-10-08', 0, 2147483647, 304),
(305, 'Donett', 'Quinn', '2021-10-15', 0, 2147483647, 305),
(306, 'Maddra', 'Oriana', '2021-09-30', 1, 2147483647, 306),
(307, 'Luca', 'Joella', '2013-06-29', 1, 2147483647, 307),
(308, 'Orth', 'Riordan', '2008-06-08', 1, 2147483647, 308),
(309, 'Wasiela', 'Licha', '2015-12-30', 1, 2147483647, 309),
(310, 'Vero', 'Gauthier', '2021-02-14', 0, 2147483647, 310),
(311, 'Riquet', 'Rasia', '2005-09-15', 0, 2147483647, 311),
(312, 'Daughtrey', 'Woodman', '2007-05-30', 0, 2147483647, 312),
(313, 'Cowle', 'Perceval', '2014-10-19', 0, 2147483647, 313),
(314, 'Kibbey', 'Heinrik', '2007-02-02', 1, 2147483647, 314),
(315, 'Antognazzi', 'Brittney', '2011-06-30', 1, 2147483647, 315),
(316, 'Cinnamond', 'Bibbye', '2015-05-04', 0, 2147483647, 316),
(317, 'Bigland', 'Bertram', '2019-01-22', 0, 2147483647, 317),
(318, 'Regina', 'Kirsten', '2016-11-07', 1, 2147483647, 318),
(319, 'Heaford', 'Karina', '2006-08-29', 1, 2147483647, 319),
(320, 'Schubart', 'Doreen', '2014-04-22', 1, 2147483647, 320),
(321, 'Beckenham', 'Lea', '2013-01-06', 1, 2147483647, 321),
(322, 'Gershom', 'Valentine', '2011-10-24', 1, 2147483647, 322),
(323, 'Bachelor', 'Ailey', '2019-12-06', 1, 2147483647, 323),
(324, 'Rawcliffe', 'Beaufort', '2012-01-01', 0, 2147483647, 324),
(325, 'Heinel', 'Eleonora', '2019-02-19', 1, 2147483647, 325),
(326, 'Currington', 'Garvin', '2006-10-26', 0, 2147483647, 326),
(327, 'Salvadori', 'Vanna', '2005-06-08', 1, 2147483647, 327),
(328, 'Noseworthy', 'Marketa', '2013-12-06', 1, 2147483647, 328),
(329, 'Giacubo', 'Harper', '2013-04-15', 1, 2147483647, 329),
(330, 'Handlin', 'Barby', '2005-10-20', 0, 2147483647, 330),
(331, 'Goldine', 'Madelina', '2008-02-13', 1, 2147483647, 331),
(332, 'Le Gassick', 'Patience', '2009-07-02', 0, 2147483647, 332),
(333, 'Ruggles', 'Smith', '2007-11-10', 0, 2147483647, 333),
(334, 'Francais', 'Krispin', '2020-07-09', 0, 2147483647, 334),
(335, 'Carbonell', 'Frank', '2012-12-02', 1, 2147483647, 335),
(336, 'Easson', 'Aubrette', '2013-01-20', 1, 2147483647, 336),
(337, 'French', 'Hinze', '2019-02-28', 1, 2147483647, 337),
(338, 'Caldairou', 'Ansley', '2020-10-24', 1, 2147483647, 338),
(339, 'Ratie', 'Howie', '2012-04-17', 0, 2147483647, 339),
(340, 'Regglar', 'Yank', '2022-08-25', 1, 2147483647, 340),
(341, 'Baison', 'Kelwin', '2005-11-23', 1, 2147483647, 341),
(342, 'Brugsma', 'Yuri', '2020-08-23', 0, 2147483647, 342),
(343, 'Marousek', 'Mauricio', '2009-09-13', 0, 2147483647, 343),
(344, 'Mc Combe', 'Reyna', '2017-07-06', 1, 2147483647, 344),
(345, 'Wratten', 'Myron', '2008-09-06', 1, 2147483647, 345),
(346, 'Riste', 'Juliet', '2020-07-07', 0, 2147483647, 346),
(347, 'Puckett', 'Teresita', '2020-09-23', 0, 2147483647, 347),
(348, 'Denty', 'Deerdre', '2008-02-28', 0, 2147483647, 348),
(349, 'Ferrarotti', 'Shurwood', '2007-04-12', 1, 2147483647, 349),
(350, 'Filipczak', 'Florina', '2015-12-11', 1, 2147483647, 350),
(351, 'Ivanisov', 'Gamaliel', '2005-05-28', 0, 2147483647, 351),
(352, 'Borrett', 'Stevie', '2020-03-12', 1, 2147483647, 352),
(353, 'Garry', 'Consuelo', '2016-08-08', 1, 2147483647, 353),
(354, 'Briton', 'Vanya', '2005-09-05', 1, 2147483647, 354),
(355, 'Magowan', 'Keriann', '2017-11-14', 0, 2147483647, 355),
(356, 'Pacher', 'Gare', '2017-04-08', 0, 2147483647, 356),
(357, 'Caldayrou', 'Corty', '2009-08-08', 0, 2147483647, 357),
(358, 'Megroff', 'Nicky', '2019-06-04', 1, 2147483647, 358),
(359, 'Leigh', 'Sibelle', '2010-05-06', 0, 2147483647, 359),
(360, 'Breitling', 'Inglebert', '2012-02-05', 0, 2147483647, 360),
(361, 'Blamire', 'Daryl', '2015-11-04', 1, 2147483647, 361),
(362, 'Hubbucks', 'Culley', '2014-10-20', 0, 2147483647, 362),
(363, 'Liversley', 'Moishe', '2012-03-03', 0, 2147483647, 363),
(364, 'Forrestall', 'Waldo', '2012-11-22', 1, 2147483647, 364),
(365, 'Hurdle', 'Evelina', '2006-06-10', 0, 2147483647, 365),
(366, 'Jenkin', 'Eadmund', '2014-02-06', 0, 2147483647, 366),
(367, 'Kondrat', 'Tucker', '2017-02-24', 1, 2147483647, 367),
(368, 'Wiszniewski', 'Belvia', '2019-11-22', 0, 2147483647, 368),
(369, 'Stendell', 'Juana', '2020-07-22', 0, 2147483647, 369),
(370, 'Pancast', 'Cloris', '2018-02-26', 1, 2147483647, 370),
(371, 'Peterffy', 'Allina', '2009-02-12', 1, 2147483647, 371),
(372, 'Jakes', 'Ciel', '2018-12-03', 0, 2147483647, 372),
(373, 'Van Arsdall', 'Cristi', '2005-12-14', 1, 2147483647, 373),
(374, 'Bresnen', 'Nataline', '2011-12-04', 0, 2147483647, 374),
(375, 'Wheelband', 'Cthrine', '2010-06-26', 0, 2147483647, 375),
(376, 'Tockell', 'Edgar', '2007-08-09', 0, 2147483647, 376),
(377, 'Wallicker', 'Koral', '2011-12-25', 0, 2147483647, 377),
(378, 'Cuchey', 'Lucia', '2010-01-20', 0, 2147483647, 378),
(379, 'Audley', 'Pennie', '2017-05-22', 1, 2147483647, 379),
(380, 'Thomton', 'Brendis', '2016-11-08', 0, 2147483647, 380),
(381, 'California', 'Gustaf', '2005-07-16', 0, 2147483647, 381),
(382, 'Lanning', 'Lissy', '2018-05-15', 1, 2147483647, 382),
(383, 'Corgenvin', 'Rae', '2010-07-19', 1, 2147483647, 383),
(384, 'Eastman', 'Frasco', '2006-05-19', 0, 2147483647, 384),
(385, 'Newbegin', 'Lissa', '2007-09-29', 0, 2147483647, 385),
(386, 'McKendo', 'Heather', '2009-11-21', 0, 2147483647, 386),
(387, 'Tawn', 'Paton', '2022-02-27', 0, 2147483647, 387),
(388, 'Grangier', 'Sollie', '2012-12-13', 0, 2147483647, 388),
(389, 'Heersma', 'Joanna', '2007-09-23', 1, 2147483647, 389),
(390, 'Adamovitch', 'Alfie', '2010-10-16', 1, 2147483647, 390),
(391, 'Illsley', 'Kirby', '2007-11-30', 0, 2147483647, 391),
(392, 'Porritt', 'Scarface', '2012-07-17', 1, 2147483647, 392),
(393, 'Sexon', 'Fernande', '2021-10-26', 0, 2147483647, 393),
(394, 'Elston', 'Enrica', '2021-10-24', 1, 2147483647, 394),
(395, 'Straw', 'Claiborn', '2013-12-03', 1, 2147483647, 395),
(396, 'Cran', 'Lorelei', '2022-01-26', 1, 2147483647, 396),
(397, 'Blasi', 'Onfre', '2014-04-10', 1, 2147483647, 397),
(398, 'Hollingby', 'Carling', '2022-09-11', 1, 2147483647, 398),
(399, 'Scrauniage', 'Tory', '2011-12-17', 0, 2147483647, 399),
(400, 'Agott', 'Charleen', '2019-07-11', 0, 2147483647, 400),
(401, 'Burnyate', 'Sanson', '2020-10-06', 0, 2147483647, 401),
(402, 'Calterone', 'Dannel', '2018-01-28', 1, 2147483647, 402),
(403, 'Kynman', 'Illa', '2021-12-19', 0, 2147483647, 403),
(404, 'Cremin', 'Spence', '2011-09-14', 0, 2147483647, 404),
(405, 'Rope', 'Gib', '2019-11-14', 1, 2147483647, 405),
(406, 'Chaunce', 'Eba', '2017-03-07', 1, 2147483647, 406),
(407, 'Tesdale', 'Noble', '2009-05-18', 1, 2147483647, 407),
(408, 'Beade', 'Gideon', '2015-08-18', 1, 2147483647, 408),
(409, 'Shipston', 'Daryl', '2016-02-08', 0, 2147483647, 409),
(410, 'Manby', 'Maye', '2005-12-10', 0, 2147483647, 410),
(411, 'Viel', 'Karena', '2008-03-09', 0, 2147483647, 411),
(412, 'Graeser', 'Bernarr', '2005-06-04', 1, 2147483647, 412),
(413, 'Bello', 'Bay', '2015-03-22', 1, 2147483647, 413),
(414, 'Konig', 'Glynda', '2006-01-24', 0, 2147483647, 414),
(415, 'Peggram', 'Stefano', '2007-08-21', 1, 2147483647, 415),
(416, 'Bricksey', 'Spence', '2008-08-17', 0, 2147483647, 416),
(417, 'Denson', 'Rafaellle', '2009-11-04', 1, 2147483647, 417),
(418, 'Hillatt', 'Annabell', '2016-07-24', 0, 2147483647, 418),
(419, 'Broggio', 'Alidia', '2011-06-27', 1, 2147483647, 419),
(420, 'Salmons', 'Gare', '2020-04-03', 1, 2147483647, 420),
(421, 'Eddowis', 'Dominica', '2013-11-09', 1, 2147483647, 421),
(422, 'Cridlin', 'Bobinette', '2008-03-04', 1, 2147483647, 422),
(423, 'Swiffen', 'Issiah', '2019-11-05', 0, 2147483647, 423),
(424, 'De Malchar', 'Elene', '2018-01-09', 1, 2147483647, 424),
(425, 'Greneham', 'Tonnie', '2009-01-27', 0, 2147483647, 425),
(426, 'Peascod', 'Aldrich', '2022-09-05', 0, 2147483647, 426),
(427, 'Wannes', 'Mel', '2015-06-26', 0, 2147483647, 427),
(428, 'Scranny', 'Arlen', '2014-06-27', 0, 2147483647, 428),
(429, 'Job', 'Averil', '2019-06-24', 0, 2147483647, 429),
(430, 'Hradsky', 'Merle', '2008-04-14', 1, 2147483647, 430),
(431, 'Jaqueme', 'Elnar', '2010-06-13', 0, 2147483647, 431),
(432, 'Vogel', 'Blinnie', '2014-04-13', 1, 2147483647, 432),
(433, 'Vallance', 'Adan', '2010-12-16', 0, 2147483647, 433),
(434, 'Jickells', 'Svend', '2009-04-11', 1, 2147483647, 434),
(435, 'Metterick', 'Yvor', '2006-06-29', 1, 2147483647, 435),
(436, 'Gaspar', 'Renaldo', '2021-09-08', 0, 2147483647, 436),
(437, 'De Gregoli', 'Thibaut', '2017-11-17', 0, 2147483647, 437),
(438, 'Fleisch', 'Yolanthe', '2009-01-25', 1, 2147483647, 438),
(439, 'Christescu', 'Pia', '2006-03-11', 1, 2147483647, 439),
(440, 'Maureen', 'Matty', '2006-09-21', 1, 2147483647, 440),
(441, 'Burchfield', 'Jeremy', '2018-12-18', 0, 2147483647, 441),
(442, 'Gammidge', 'Eunice', '2007-09-25', 1, 2147483647, 442),
(443, 'Studholme', 'Giselle', '2007-06-30', 1, 2147483647, 443),
(444, 'Mouton', 'Nelson', '2014-04-10', 0, 2147483647, 444),
(445, 'Lent', 'Mada', '2008-11-06', 1, 2147483647, 445),
(446, 'Chasson', 'Duane', '2013-12-21', 1, 2147483647, 446),
(447, 'McGourty', 'Liuka', '2016-02-13', 1, 2147483647, 447),
(448, 'Pavek', 'Iorgo', '2012-11-08', 0, 2147483647, 448),
(449, 'Tytherton', 'Tamera', '2009-12-29', 0, 2147483647, 449),
(450, 'Stoffer', 'Meg', '2013-06-05', 1, 2147483647, 450),
(451, 'Hearnes', 'Dorris', '2008-07-20', 0, 2147483647, 451),
(452, 'McKiernan', 'Miner', '2008-08-23', 1, 2147483647, 452),
(453, 'Baistow', 'Radcliffe', '2017-09-01', 0, 2147483647, 453),
(454, 'Agneau', 'Eldridge', '2010-04-04', 0, 2147483647, 454),
(455, 'Gallamore', 'Dela', '2012-12-28', 0, 2147483647, 455),
(456, 'Tartt', 'Rafaelia', '2010-06-25', 1, 2147483647, 456),
(457, 'Nys', 'Torrence', '2017-01-13', 1, 2147483647, 457),
(458, 'Bruna', 'Jayme', '2015-11-30', 0, 2147483647, 458),
(459, 'Braffington', 'Eddie', '2017-12-21', 1, 2147483647, 459),
(460, 'Lanham', 'Dominik', '2009-09-25', 0, 2147483647, 460),
(461, 'Minot', 'Tirrell', '2015-04-19', 0, 2147483647, 461),
(462, 'Alejandri', 'Roseanne', '2012-06-18', 0, 2147483647, 462),
(463, 'von Grollmann', 'Natale', '2012-08-10', 0, 2147483647, 463),
(464, 'Nursey', 'Nial', '2008-12-16', 1, 2147483647, 464),
(465, 'Aysik', 'Christine', '2013-02-06', 1, 2147483647, 465),
(466, 'Colborn', 'Siana', '2007-10-02', 1, 2147483647, 466),
(467, 'Mattinson', 'Marthena', '2016-11-18', 1, 2147483647, 467),
(468, 'Arnao', 'Ebonee', '2013-07-24', 0, 2147483647, 468),
(469, 'Brenton', 'Kimbell', '2017-03-18', 0, 2147483647, 469),
(470, 'Priter', 'Tallia', '2019-01-11', 1, 2147483647, 470),
(471, 'Rottcher', 'Dewain', '2021-06-12', 0, 2147483647, 471),
(472, 'Norrington', 'Gabriela', '2013-05-10', 0, 2147483647, 472),
(473, 'Thrasher', 'Claus', '2014-01-24', 0, 2147483647, 473),
(474, 'Gocher', 'Lizzy', '2017-10-21', 0, 2147483647, 474),
(475, 'O\'Lennachain', 'Alvera', '2007-03-15', 0, 2147483647, 475),
(476, 'Camp', 'Cecily', '2018-05-05', 0, 2147483647, 476),
(477, 'Burchell', 'Ludwig', '2011-10-11', 0, 2147483647, 477),
(478, 'Shemilt', 'Baudoin', '2012-04-13', 0, 2147483647, 478),
(479, 'Coppenhall', 'Chucho', '2008-10-27', 1, 2147483647, 479),
(480, 'Gilhoolie', 'Cati', '2019-08-11', 0, 2147483647, 480),
(481, 'Portugal', 'Emilee', '2009-10-15', 1, 2147483647, 481),
(482, 'Martijn', 'Ketty', '2012-04-01', 0, 2147483647, 482),
(483, 'Delafont', 'Cecily', '2013-12-06', 0, 2147483647, 483),
(484, 'Jewer', 'Fayette', '2013-11-18', 1, 2147483647, 484),
(485, 'Lindell', 'Kizzee', '2018-03-10', 0, 2147483647, 485),
(486, 'Childers', 'Toby', '2013-01-17', 1, 2147483647, 486),
(487, 'Stuckow', 'Giralda', '2012-03-06', 0, 2147483647, 487),
(488, 'Vanyakin', 'Thorny', '2016-08-03', 0, 2147483647, 488),
(489, 'Rowbrey', 'Minni', '2021-09-28', 1, 2147483647, 489),
(490, 'Belmont', 'Ian', '2008-04-08', 0, 2147483647, 490),
(491, 'Goward', 'Vania', '2008-05-10', 0, 2147483647, 491),
(492, 'Pawlowicz', 'Town', '2015-12-04', 0, 2147483647, 492),
(493, 'Reagan', 'Enriqueta', '2022-04-25', 0, 2147483647, 493),
(494, 'Hubbock', 'Ali', '2005-08-18', 0, 2147483647, 494),
(495, 'Brendel', 'Claudine', '2008-04-01', 1, 2147483647, 495),
(496, 'Beekmann', 'Talyah', '2008-02-17', 0, 2147483647, 496),
(497, 'Gianetti', 'Auroora', '2012-10-23', 1, 2147483647, 497),
(498, 'Crozier', 'Twila', '2018-12-30', 1, 2147483647, 498),
(499, 'Brimmicombe', 'Shepard', '2017-12-16', 0, 2147483647, 499),
(500, 'Smithyman', 'Annabel', '2013-02-21', 0, 2147483647, 500),
(501, 'Rupke', 'Stepha', '2015-06-20', 1, 2147483647, 501),
(502, 'Toyer', 'Shantee', '2005-07-22', 0, 2147483647, 502),
(503, 'Coulthard', 'Jervis', '2008-10-05', 1, 2147483647, 503),
(504, 'Drews', 'Godard', '2022-08-30', 0, 2147483647, 504),
(505, 'Tosney', 'Aldus', '2012-02-12', 0, 2147483647, 505),
(506, 'Harmer', 'Hilario', '2014-11-02', 0, 2147483647, 506),
(507, 'Coulbeck', 'Leanora', '2005-03-19', 0, 2147483647, 507),
(508, 'Sapsed', 'Joete', '2010-12-22', 0, 2147483647, 508),
(509, 'Rapa', 'Walt', '2022-10-06', 1, 2147483647, 509),
(510, 'Daunter', 'Felice', '2007-08-20', 1, 2147483647, 510),
(511, 'Roelvink', 'Kessiah', '2012-04-06', 1, 2147483647, 511),
(512, 'Jerzykiewicz', 'Whitaker', '2012-07-22', 0, 2147483647, 512),
(513, 'Shetliff', 'Antonietta', '2006-08-07', 1, 2147483647, 513),
(514, 'Mapstone', 'Pepe', '2015-02-14', 0, 2147483647, 514),
(515, 'Haggata', 'Finley', '2022-01-29', 0, 2147483647, 515),
(516, 'Vales', 'Bay', '2009-06-27', 0, 2147483647, 516),
(517, 'Neil', 'Geoff', '2018-02-23', 1, 2147483647, 517),
(518, 'Gawler', 'Jazmin', '2019-10-18', 0, 2147483647, 518),
(519, 'Chyuerton', 'Egon', '2015-06-04', 1, 2147483647, 519),
(520, 'Fairy', 'Thalia', '2019-06-03', 0, 2147483647, 520),
(521, 'Welford', 'Burty', '2006-10-07', 0, 2147483647, 521),
(522, 'Danis', 'Cass', '2020-06-18', 0, 2147483647, 522),
(523, 'Lucchi', 'Patin', '2012-10-13', 0, 2147483647, 523),
(524, 'Sarrell', 'Celestine', '2015-06-10', 1, 2147483647, 524),
(525, 'Waterhouse', 'Raine', '2020-01-04', 0, 2147483647, 525),
(526, 'Verson', 'Geri', '2018-01-09', 0, 2147483647, 526),
(527, 'Whyberd', 'Samantha', '2018-03-30', 0, 2147483647, 527),
(528, 'Pilch', 'Zorana', '2019-01-28', 0, 2147483647, 528),
(529, 'Umney', 'Willdon', '2013-03-05', 1, 2147483647, 529),
(530, 'Klesse', 'Chrisse', '2008-07-20', 0, 2147483647, 530),
(531, 'Waleworke', 'Veda', '2008-08-20', 0, 2147483647, 531),
(532, 'Tyce', 'Patrice', '2005-11-01', 0, 2147483647, 532),
(533, 'Huston', 'Abbie', '2013-07-08', 0, 2147483647, 533),
(534, 'Sherr', 'Armstrong', '2011-12-05', 0, 2147483647, 534),
(535, 'Fetherstonhaugh', 'Bathsheba', '2018-07-01', 0, 2147483647, 535),
(536, 'Vany', 'Brenden', '2012-10-04', 0, 2147483647, 536),
(537, 'Inde', 'Bunny', '2005-06-15', 0, 2147483647, 537),
(538, 'Baccas', 'Thane', '2005-05-05', 1, 2147483647, 538),
(539, 'Milby', 'Pammie', '2011-07-12', 1, 2147483647, 539),
(540, 'Lowles', 'Breena', '2011-07-03', 0, 2147483647, 540),
(541, 'Calfe', 'Daisey', '2012-09-12', 1, 2147483647, 541),
(542, 'MacCaughey', 'Gayel', '2018-03-19', 0, 2147483647, 542),
(543, 'Pillans', 'Laryssa', '2017-02-07', 1, 2147483647, 543),
(544, 'O\'Mullally', 'Clerissa', '2010-05-16', 0, 2147483647, 544),
(545, 'Treamayne', 'Brnaba', '2009-12-16', 1, 2147483647, 545),
(546, 'Pollins', 'Rhonda', '2016-05-26', 1, 2147483647, 546),
(547, 'Van Velden', 'Lorilee', '2006-03-06', 0, 2147483647, 547),
(548, 'Lorentz', 'Wallie', '2015-05-31', 1, 2147483647, 548),
(549, 'Monckton', 'Valenka', '2008-05-12', 1, 2147483647, 549),
(550, 'Beckett', 'Mychal', '2010-09-30', 1, 2147483647, 550),
(551, 'Southern', 'Royce', '2013-11-21', 1, 2147483647, 551),
(552, 'Morstatt', 'Celie', '2021-12-20', 1, 2147483647, 552),
(553, 'Plimmer', 'Elwyn', '2008-11-07', 0, 2147483647, 553),
(554, 'Findlay', 'Britteny', '2016-03-02', 1, 2147483647, 554),
(555, 'Woehler', 'Abie', '2018-12-12', 1, 2147483647, 555),
(556, 'Ivanets', 'Alan', '2022-09-10', 1, 2147483647, 556),
(557, 'Jewess', 'Stefan', '2009-10-01', 1, 2147483647, 557),
(558, 'Pinock', 'Eric', '2008-08-16', 0, 2147483647, 558),
(559, 'McGrae', 'Carleen', '2021-10-27', 1, 2147483647, 559),
(560, 'Millimoe', 'Lil', '2010-11-25', 0, 2147483647, 560),
(561, 'Venners', 'Dacia', '2021-08-30', 0, 2147483647, 561),
(562, 'Filipiak', 'Marj', '2008-05-04', 1, 2147483647, 562),
(563, 'Cody', 'Carlie', '2020-07-22', 0, 2147483647, 563),
(564, 'Dowderswell', 'Mill', '2015-05-02', 1, 2147483647, 564),
(565, 'Apedaile', 'Fabio', '2017-02-23', 1, 2147483647, 565),
(566, 'Matskiv', 'Bernadine', '2012-03-17', 0, 2147483647, 566),
(567, 'Bew', 'Ellis', '2010-10-28', 1, 2147483647, 567),
(568, 'Paulon', 'Aindrea', '2016-05-11', 0, 2147483647, 568),
(569, 'McBratney', 'Flore', '2016-01-26', 0, 2147483647, 569),
(570, 'Faircliffe', 'Joey', '2019-05-24', 1, 2147483647, 570),
(571, 'Killiner', 'Marjie', '2011-02-18', 1, 2147483647, 571),
(572, 'O\' Donohoe', 'Lorenzo', '2021-12-08', 0, 2147483647, 572),
(573, 'Cloute', 'Peirce', '2012-07-04', 1, 2147483647, 573),
(574, 'Cereceres', 'Valentino', '2012-03-23', 0, 2147483647, 574),
(575, 'Palfreeman', 'Jena', '2022-04-10', 0, 2147483647, 575),
(576, 'Archibold', 'Reba', '2007-07-09', 1, 2147483647, 576),
(577, 'Pacitti', 'Donaugh', '2017-04-24', 1, 2147483647, 577),
(578, 'McCartan', 'Martelle', '2008-08-22', 1, 2147483647, 578),
(579, 'Wolpert', 'Karry', '2012-12-06', 1, 2147483647, 579),
(580, 'Andriolli', 'Charlot', '2015-11-05', 1, 2147483647, 580),
(581, 'Cicero', 'Jacobo', '2010-06-27', 1, 2147483647, 581),
(582, 'Rosin', 'Filide', '2009-12-23', 0, 2147483647, 582),
(583, 'Shearston', 'Alf', '2014-10-17', 1, 2147483647, 583),
(584, 'Anselmi', 'Maible', '2017-03-14', 0, 2147483647, 584),
(585, 'Sarah', 'Kaela', '2012-05-04', 0, 2147483647, 585),
(586, 'Presley', 'Nana', '2013-11-13', 0, 2147483647, 586),
(587, 'Matashkin', 'Kim', '2006-01-16', 1, 2147483647, 587),
(588, 'Grzelak', 'Brendin', '2020-01-30', 1, 2147483647, 588),
(589, 'Cosgriff', 'Murray', '2013-11-05', 1, 2147483647, 589),
(590, 'Lexa', 'Maritsa', '2018-06-04', 0, 2147483647, 590),
(591, 'Blaxall', 'Joly', '2006-09-13', 1, 2147483647, 591),
(592, 'Vanichev', 'Devora', '2017-02-17', 1, 2147483647, 592),
(593, 'Titheridge', 'Alvy', '2010-05-12', 1, 2147483647, 593),
(594, 'Greste', 'Jerad', '2012-07-19', 1, 2147483647, 594),
(595, 'Barron', 'Lauri', '2008-03-13', 1, 2147483647, 595),
(596, 'Reijmers', 'Quintus', '2019-04-07', 1, 2147483647, 596),
(597, 'Mogridge', 'Annadiana', '2021-10-02', 1, 2147483647, 597),
(598, 'Titmarsh', 'Yancey', '2020-10-09', 1, 2147483647, 598),
(599, 'Waliszewski', 'Marielle', '2017-04-09', 0, 2147483647, 599),
(600, 'Fleg', 'Amandi', '2009-04-01', 0, 2147483647, 600),
(601, 'Gornall', 'Ezri', '2008-11-23', 1, 2147483647, 601),
(602, 'Bewshire', 'Donica', '2021-10-13', 1, 2147483647, 602),
(603, 'Woltman', 'Marsiella', '2021-10-09', 0, 2147483647, 603),
(604, 'Jeffers', 'Harli', '2011-05-07', 1, 2147483647, 604),
(605, 'Batcock', 'Candida', '2018-09-07', 0, 2147483647, 605),
(606, 'Postance', 'Abe', '2019-09-30', 0, 2147483647, 606),
(607, 'Stroder', 'Filmore', '2015-09-24', 1, 2147483647, 607),
(608, 'Rennebach', 'Lizbeth', '2018-04-28', 0, 2147483647, 608),
(609, 'Leatherbarrow', 'Karrie', '2010-04-07', 1, 2147483647, 609),
(610, 'Skyme', 'Dynah', '2015-01-19', 1, 2147483647, 610),
(611, 'Worthing', 'Novelia', '2014-02-22', 0, 2147483647, 611),
(612, 'Earle', 'Vyky', '2016-10-27', 0, 2147483647, 612),
(613, 'Danbury', 'Whitaker', '2020-02-03', 1, 2147483647, 613),
(614, 'Banford', 'Roxie', '2021-02-17', 0, 2147483647, 614),
(615, 'Megainey', 'Sela', '2022-09-10', 1, 2147483647, 615),
(616, 'De Metz', 'Jere', '2008-05-15', 0, 2147483647, 616),
(617, 'Warboy', 'Gina', '2018-08-29', 0, 2147483647, 617),
(618, 'Corp', 'Timoteo', '2017-04-15', 0, 2147483647, 618),
(619, 'Gascoigne', 'Eldin', '2017-06-29', 1, 2147483647, 619),
(620, 'McDell', 'Bunny', '2010-11-26', 0, 2147483647, 620),
(621, 'Coverdill', 'Dayle', '2019-10-27', 1, 2147483647, 621),
(622, 'Cisson', 'Clay', '2021-05-06', 1, 2147483647, 622),
(623, 'Brasier', 'Jo', '2015-11-16', 1, 2147483647, 623),
(624, 'Menichillo', 'Beniamino', '2013-07-19', 1, 2147483647, 624),
(625, 'Nawton', 'Thadeus', '2012-08-02', 0, 2147483647, 625),
(626, 'Klimkiewich', 'Shani', '2015-09-01', 0, 2147483647, 626),
(627, 'Ludman', 'Nick', '2011-04-12', 1, 2147483647, 627),
(628, 'Severwright', 'Lane', '2019-07-23', 1, 2147483647, 628),
(629, 'Thresh', 'Redford', '2008-09-18', 1, 2147483647, 629),
(630, 'Abreheart', 'Welby', '2020-01-27', 0, 2147483647, 630),
(631, 'Adelman', 'Ethan', '2015-03-02', 1, 2147483647, 631),
(632, 'Harry', 'Meriel', '2017-11-18', 1, 2147483647, 632),
(633, 'Wulfinger', 'Alisun', '2013-10-12', 1, 2147483647, 633),
(634, 'Haddington', 'Artemas', '2009-12-08', 0, 2147483647, 634),
(635, 'O\'Griffin', 'Beverly', '2020-05-17', 1, 2147483647, 635),
(636, 'De Bruijne', 'Gordy', '2019-01-27', 0, 2147483647, 636),
(637, 'Greves', 'Mischa', '2005-09-27', 0, 2147483647, 637),
(638, 'Pegden', 'Samuel', '2015-05-09', 0, 2147483647, 638),
(639, 'Boerder', 'Francesco', '2015-12-09', 0, 2147483647, 639),
(640, 'Rowesby', 'Kailey', '2019-05-27', 1, 2147483647, 640),
(641, 'Maffezzoli', 'Gabe', '2011-05-01', 0, 2147483647, 641),
(642, 'Toolan', 'Tyson', '2016-02-08', 0, 2147483647, 642),
(643, 'Westmacott', 'Glory', '2017-01-05', 0, 2147483647, 643),
(644, 'Erswell', 'Jami', '2010-05-30', 1, 2147483647, 644),
(645, 'Curcher', 'Nanni', '2010-07-04', 0, 2147483647, 645),
(646, 'Tissier', 'Westbrooke', '2021-09-17', 1, 2147483647, 646),
(647, 'St Angel', 'Carey', '2010-01-13', 1, 2147483647, 647),
(648, 'Lerner', 'Freda', '2021-07-14', 0, 2147483647, 648),
(649, 'Errey', 'Mace', '2017-04-20', 1, 2147483647, 649),
(650, 'Hagston', 'Linn', '2008-01-17', 1, 2147483647, 650),
(651, 'Wessell', 'Mufinella', '2009-06-10', 0, 2147483647, 651),
(652, 'Orrin', 'Baxy', '2010-08-15', 0, 2147483647, 652),
(653, 'Lipprose', 'Benjy', '2007-12-06', 0, 2147483647, 653),
(654, 'De Gouy', 'Northrup', '2013-10-04', 1, 2147483647, 654),
(655, 'Phillins', 'Iver', '2014-02-17', 0, 2147483647, 655),
(656, 'Loxdale', 'Silvie', '2022-07-17', 1, 2147483647, 656),
(657, 'Henriques', 'Matilde', '2016-03-18', 0, 2147483647, 657),
(658, 'Brydie', 'Ava', '2014-10-20', 1, 2147483647, 658),
(659, 'O\'Moylan', 'Staci', '2019-06-21', 0, 2147483647, 659),
(660, 'Abreheart', 'Drew', '2010-10-22', 1, 2147483647, 660),
(661, 'Flanders', 'Blythe', '2016-06-20', 0, 2147483647, 661),
(662, 'Santacrole', 'Jonis', '2022-07-06', 0, 2147483647, 662),
(663, 'Alessandretti', 'Ward', '2009-10-19', 0, 2147483647, 663),
(664, 'McCrackem', 'Keen', '2006-04-28', 0, 2147483647, 664),
(665, 'Kuhlmey', 'Raphael', '2014-12-01', 0, 2147483647, 665),
(666, 'Wingatt', 'Cleveland', '2014-05-01', 0, 2147483647, 666),
(667, 'Liptrod', 'Radcliffe', '2007-05-08', 1, 2147483647, 667),
(668, 'Reedy', 'Elnar', '2008-09-02', 0, 2147483647, 668),
(669, 'Dobrowlski', 'Noble', '2014-08-15', 1, 2147483647, 669),
(670, 'Hawyes', 'Selene', '2009-08-17', 1, 2147483647, 670),
(671, 'Pittendreigh', 'Pru', '2012-04-19', 1, 2147483647, 671),
(672, 'Dumphrey', 'Ettie', '2007-06-06', 1, 2147483647, 672),
(673, 'De Michele', 'Sean', '2014-09-21', 0, 2147483647, 673),
(674, 'Ranscome', 'Janel', '2016-11-29', 0, 2147483647, 674),
(675, 'Ettels', 'Evangelia', '2017-09-25', 1, 2147483647, 675),
(676, 'Karlolak', 'Devinne', '2009-07-10', 1, 2147483647, 676),
(677, 'Pyner', 'Kalvin', '2018-11-27', 0, 2147483647, 677),
(678, 'Grigg', 'Archer', '2006-04-20', 0, 2147483647, 678),
(679, 'Tickel', 'Osbourn', '2022-04-02', 0, 2147483647, 679),
(680, 'Ferrai', 'Francis', '2019-01-11', 1, 2147483647, 680),
(681, 'Welburn', 'Bengt', '2016-12-27', 1, 2147483647, 681),
(682, 'Jumont', 'Phaedra', '2021-12-08', 0, 2147483647, 682),
(683, 'Ironmonger', 'Arman', '2006-08-18', 0, 2147483647, 683),
(684, 'Bragg', 'Marna', '2014-11-27', 1, 2147483647, 684),
(685, 'Moralas', 'Sid', '2016-02-19', 1, 2147483647, 685),
(686, 'Clemitt', 'Micki', '2013-05-02', 0, 2147483647, 686),
(687, 'Petrello', 'Paulina', '2009-08-15', 0, 2147483647, 687),
(688, 'Ibbitt', 'Federico', '2013-03-21', 1, 2147483647, 688),
(689, 'Sandbrook', 'Hillary', '2017-03-17', 0, 2147483647, 689),
(690, 'Hedylstone', 'Cilka', '2012-12-31', 0, 2147483647, 690),
(691, 'Bernlin', 'Nike', '2021-03-01', 0, 2147483647, 691),
(692, 'Gatward', 'Kenton', '2019-04-23', 0, 2147483647, 692),
(693, 'Gulleford', 'Maurits', '2014-11-12', 0, 2147483647, 693),
(694, 'Chadwick', 'Marlee', '2016-04-14', 1, 2147483647, 694),
(695, 'Raithby', 'Austine', '2014-02-18', 1, 2147483647, 695),
(696, 'Cullingford', 'Trstram', '2018-01-13', 1, 2147483647, 696),
(697, 'Lillecrop', 'Marsha', '2009-04-14', 0, 2147483647, 697),
(698, 'McDonnell', 'Abigale', '2007-12-13', 0, 2147483647, 698),
(699, 'Kimpton', 'Kalli', '2020-10-20', 0, 2147483647, 699),
(700, 'Dollard', 'Marrissa', '2012-03-26', 0, 2147483647, 700),
(701, 'Stanaway', 'Claudelle', '2021-03-09', 1, 2147483647, 701),
(702, 'Box', 'Llewellyn', '2005-07-15', 1, 2147483647, 702),
(703, 'McElane', 'Kelvin', '2012-04-20', 0, 2147483647, 703),
(704, 'Downgate', 'Joline', '2012-09-10', 0, 2147483647, 704),
(705, 'Strowlger', 'Glenna', '2018-02-28', 1, 2147483647, 705),
(706, 'Tower', 'Hyacinth', '2017-11-10', 0, 2147483647, 706),
(707, 'Bambrick', 'Mayor', '2019-10-01', 0, 2147483647, 707),
(708, 'Buzzing', 'Ally', '2014-07-20', 1, 2147483647, 708),
(709, 'Bradick', 'Randy', '2018-04-12', 0, 2147483647, 709),
(710, 'Dungee', 'Palm', '2014-09-22', 0, 2147483647, 710),
(711, 'Flather', 'Fredelia', '2018-03-10', 0, 2147483647, 711),
(712, 'Aggus', 'Hans', '2007-07-04', 0, 2147483647, 712),
(713, 'Wickey', 'Torey', '2009-06-18', 1, 2147483647, 713),
(714, 'Dannohl', 'Jody', '2012-02-19', 0, 2147483647, 714),
(715, 'Kroon', 'Webster', '2015-06-28', 0, 2147483647, 715),
(716, 'Wann', 'Maiga', '2018-05-22', 0, 2147483647, 716),
(717, 'Dungate', 'Karissa', '2014-06-11', 0, 2147483647, 717),
(718, 'Skerrett', 'Deeann', '2016-08-08', 0, 2147483647, 718),
(719, 'Fussie', 'Trumaine', '2005-09-27', 1, 2147483647, 719),
(720, 'McBrady', 'Ronna', '2019-01-04', 1, 2147483647, 720),
(721, 'Keeltagh', 'Lammond', '2012-11-29', 1, 2147483647, 721),
(722, 'Kirkness', 'Gib', '2008-02-18', 1, 2147483647, 722),
(723, 'Bareford', 'Catharine', '2017-04-15', 0, 2147483647, 723),
(724, 'Bamlett', 'Ebba', '2022-05-01', 0, 2147483647, 724),
(725, 'Kettlesting', 'Pooh', '2012-06-07', 1, 2147483647, 725),
(726, 'Abella', 'Anna-diana', '2010-05-12', 0, 2147483647, 726),
(727, 'Truett', 'Clevey', '2018-11-03', 1, 2147483647, 727),
(728, 'Chaplain', 'Evangeline', '2015-12-28', 1, 2147483647, 728),
(729, 'Bygrave', 'Dorette', '2016-10-27', 0, 2147483647, 729),
(730, 'Castiglione', 'Fayina', '2012-07-31', 1, 2147483647, 730),
(731, 'Legendre', 'Berti', '2013-04-06', 1, 2147483647, 731),
(732, 'Tonkin', 'Suellen', '2009-03-30', 1, 2147483647, 732),
(733, 'Caulcutt', 'Willie', '2013-10-03', 0, 2147483647, 733),
(734, 'Spracklin', 'Tudor', '2020-08-23', 0, 2147483647, 734),
(735, 'Paragreen', 'Patrick', '2015-01-04', 0, 2147483647, 735),
(736, 'Wein', 'Garret', '2018-10-22', 0, 2147483647, 736),
(737, 'Marwick', 'Vinnie', '2007-10-05', 0, 2147483647, 737),
(738, 'Crisall', 'Rosabel', '2019-04-21', 1, 2147483647, 738),
(739, 'Cooper', 'Sibley', '2005-09-30', 1, 2147483647, 739),
(740, 'Scragg', 'Hynda', '2019-04-08', 1, 2147483647, 740),
(741, 'Caress', 'Merola', '2021-10-01', 0, 2147483647, 741),
(742, 'Riepl', 'Lenna', '2014-12-06', 0, 2147483647, 742),
(743, 'Cariss', 'Coraline', '2022-03-10', 0, 2147483647, 743),
(744, 'Stitcher', 'Trix', '2015-04-07', 0, 2147483647, 744),
(745, 'Curnick', 'Jobyna', '2019-05-13', 1, 2147483647, 745),
(746, 'Chettoe', 'Palmer', '2006-02-21', 0, 2147483647, 746),
(747, 'Bedding', 'Camey', '2006-01-13', 0, 2147483647, 747),
(748, 'McKeefry', 'Logan', '2020-09-04', 0, 2147483647, 748),
(749, 'Handy', 'Sharl', '2005-03-22', 0, 2147483647, 749),
(750, 'Lombardo', 'Geoff', '2008-06-01', 0, 2147483647, 750),
(751, 'Glynne', 'Jens', '2019-03-25', 1, 2147483647, 751),
(752, 'Nowakowska', 'Caesar', '2020-08-26', 1, 2147483647, 752),
(753, 'Mussolini', 'Meier', '2015-12-30', 0, 2147483647, 753),
(754, 'Dalgleish', 'Nicola', '2010-09-16', 1, 2147483647, 754),
(755, 'Peartree', 'Marrilee', '2009-05-17', 1, 2147483647, 755),
(756, 'Tufts', 'Candis', '2010-07-15', 1, 2147483647, 756),
(757, 'Gradon', 'Waiter', '2010-10-05', 1, 2147483647, 757),
(758, 'Arstingall', 'Lonnie', '2017-04-08', 1, 2147483647, 758),
(759, 'Muat', 'Spencer', '2010-01-16', 1, 2147483647, 759),
(760, 'Cavnor', 'Sheba', '2017-09-14', 1, 2147483647, 760),
(761, 'Skade', 'Trista', '2018-03-22', 1, 2147483647, 761),
(762, 'MacArthur', 'Lonnie', '2020-12-31', 0, 2147483647, 762),
(763, 'Youll', 'Torrie', '2013-01-05', 1, 2147483647, 763),
(764, 'Wolvey', 'Hermy', '2016-12-26', 0, 2147483647, 764),
(765, 'Williscroft', 'Sofie', '2006-03-19', 1, 2147483647, 765),
(766, 'Haysham', 'Ginnifer', '2010-10-18', 0, 2147483647, 766),
(767, 'McPherson', 'Hulda', '2010-04-18', 0, 2147483647, 767),
(768, 'Fateley', 'Tamar', '2007-01-01', 0, 2147483647, 768),
(769, 'Stithe', 'Freeman', '2008-10-07', 1, 2147483647, 769),
(770, 'Meffan', 'Georas', '2008-11-01', 0, 2147483647, 770),
(771, 'Barratt', 'Abdul', '2021-08-01', 1, 2147483647, 771),
(772, 'Brockton', 'Daune', '2018-12-09', 1, 2147483647, 772),
(773, 'Bleackly', 'Leonie', '2012-07-25', 1, 2147483647, 773),
(774, 'Giovanetti', 'Doralia', '2010-05-23', 1, 2147483647, 774),
(775, 'Benezet', 'Waldo', '2015-10-30', 0, 2147483647, 775),
(776, 'Redmain', 'Gabbi', '2009-07-04', 1, 2147483647, 776),
(777, 'Lanfear', 'Ly', '2012-06-27', 0, 2147483647, 777),
(778, 'Dalgarnocht', 'Jessalyn', '2012-12-14', 0, 2147483647, 778),
(779, 'Tackley', 'Reina', '2010-07-18', 0, 2147483647, 779),
(780, 'Ruddock', 'Ginger', '2006-10-23', 0, 2147483647, 780),
(781, 'Muehler', 'Loise', '2008-01-25', 0, 2147483647, 781),
(782, 'Gravenor', 'Sig', '2009-11-28', 1, 2147483647, 782),
(783, 'Marioneau', 'Shannen', '2016-08-27', 1, 2147483647, 783),
(784, 'Geaves', 'Priscella', '2010-07-12', 0, 2147483647, 784),
(785, 'Heliet', 'Jere', '2008-05-12', 0, 2147483647, 785),
(786, 'Matchett', 'Amara', '2016-07-09', 0, 2147483647, 786),
(787, 'Bullocke', 'Benjamen', '2013-03-22', 1, 2147483647, 787),
(788, 'Parell', 'Anastassia', '2020-11-12', 1, 2147483647, 788),
(789, 'McKeighan', 'Lily', '2021-09-11', 0, 2147483647, 789),
(790, 'Mabbett', 'Juliet', '2019-09-24', 0, 2147483647, 790),
(791, 'Tejero', 'Sybil', '2017-03-14', 1, 2147483647, 791),
(792, 'Geindre', 'Shep', '2007-03-20', 1, 2147483647, 792),
(793, 'Derrington', 'Filide', '2017-03-23', 0, 2147483647, 793),
(794, 'Eden', 'Brynn', '2013-11-09', 1, 2147483647, 794),
(795, 'Libermore', 'Garth', '2014-02-23', 1, 2147483647, 795),
(796, 'McKibben', 'Christos', '2006-05-20', 0, 2147483647, 796),
(797, 'Brunstan', 'Korey', '2014-10-06', 1, 2147483647, 797),
(798, 'Falloon', 'Ashlie', '2013-06-18', 0, 2147483647, 798),
(799, 'Grzes', 'Brendis', '2005-04-05', 1, 2147483647, 799),
(800, 'Tregoning', 'De', '2005-06-05', 0, 2147483647, 800),
(801, 'Bleby', 'Wendie', '2008-03-21', 0, 2147483647, 801),
(802, 'Kermon', 'Emmie', '2005-09-12', 0, 2147483647, 802),
(803, 'Haensel', 'Byron', '2016-08-29', 0, 2147483647, 803),
(804, 'Syme', 'Gerhard', '2016-02-08', 0, 2147483647, 804),
(805, 'Newlove', 'Katy', '2015-06-17', 0, 2147483647, 805),
(806, 'Gue', 'Vachel', '2013-03-01', 1, 2147483647, 806),
(807, 'Staff', 'Gamaliel', '2015-03-16', 0, 2147483647, 807),
(808, 'Borrett', 'Lura', '2017-01-30', 1, 2147483647, 808),
(809, 'Vreede', 'Sheila', '2011-07-06', 0, 2147483647, 809),
(810, 'Godehard.sf', 'Elga', '2007-02-11', 0, 2147483647, 810),
(811, 'Pavier', 'Wilhelmina', '2006-04-23', 1, 2147483647, 811),
(812, 'Coathup', 'Packston', '2011-05-21', 1, 2147483647, 812),
(813, 'Agdahl', 'Obed', '2007-02-13', 1, 2147483647, 813),
(814, 'Pygott', 'Barnabe', '2008-01-18', 1, 2147483647, 814),
(815, 'Corrigan', 'Christine', '2008-10-29', 1, 2147483647, 815),
(816, 'Colnett', 'Egon', '2022-10-01', 0, 2147483647, 816),
(817, 'Doers', 'Tanitansy', '2012-03-21', 1, 2147483647, 817),
(818, 'Gunthorp', 'Anitra', '2013-07-10', 0, 2147483647, 818),
(819, 'Cowper', 'Lisha', '2011-02-16', 1, 2147483647, 819),
(820, 'Cruickshank', 'Eyde', '2020-04-16', 1, 2147483647, 820),
(821, 'Matton', 'Egor', '2018-12-18', 0, 2147483647, 821),
(822, 'Towell', 'Perle', '2021-12-20', 0, 2147483647, 822),
(823, 'Pinckney', 'Dill', '2011-10-15', 0, 2147483647, 823),
(824, 'Tabbernor', 'Olivia', '2019-10-06', 1, 2147483647, 824),
(825, 'Drabble', 'Callida', '2014-03-21', 1, 2147483647, 825),
(826, 'Aggett', 'Thea', '2008-05-30', 1, 2147483647, 826),
(827, 'Ornils', 'Efrem', '2015-03-07', 1, 2147483647, 827),
(828, 'Breakspear', 'Rachael', '2016-05-08', 1, 2147483647, 828),
(829, 'Philipsohn', 'Byrle', '2013-10-11', 0, 2147483647, 829),
(830, 'Labadini', 'Louisa', '2016-09-12', 0, 2147483647, 830),
(831, 'Ingray', 'Georgia', '2020-01-30', 1, 2147483647, 831),
(832, 'Benz', 'Lydia', '2022-05-07', 1, 2147483647, 832),
(833, 'Brahan', 'Marne', '2022-02-18', 0, 2147483647, 833),
(834, 'Offner', 'Yvette', '2006-11-23', 1, 2147483647, 834);
INSERT INTO `uczniowie` (`iducznia`, `Nazwisko`, `Imie`, `DataUrodzenia`, `CzyChlopak`, `Pesel`, `idklasy`) VALUES
(835, 'Gerriets', 'Cozmo', '2011-04-30', 0, 2147483647, 835),
(836, 'Engelmann', 'Remus', '2011-07-01', 1, 2147483647, 836),
(837, 'Beek', 'Lanae', '2006-02-10', 1, 2147483647, 837),
(838, 'Wimsett', 'Vernor', '2020-03-07', 1, 2147483647, 838),
(839, 'Bignold', 'Humbert', '2008-07-02', 0, 2147483647, 839),
(840, 'Bonass', 'Crichton', '2014-04-16', 1, 2147483647, 840),
(841, 'Rosoman', 'Davis', '2010-08-08', 1, 2147483647, 841),
(842, 'Shepstone', 'Adriena', '2015-06-29', 0, 2147483647, 842),
(843, 'Tidbury', 'Wallache', '2010-12-15', 0, 2147483647, 843),
(844, 'Cuschieri', 'Cliff', '2016-07-25', 1, 2147483647, 844),
(845, 'Woodburne', 'Enrichetta', '2020-11-13', 0, 2147483647, 845),
(846, 'Boseley', 'Kelley', '2006-06-23', 0, 2147483647, 846),
(847, 'Pinhorn', 'Tybalt', '2015-09-29', 1, 2147483647, 847),
(848, 'Dumbreck', 'Ericha', '2010-05-16', 1, 2147483647, 848),
(849, 'Bewick', 'Alfy', '2020-12-09', 0, 2147483647, 849),
(850, 'Hambly', 'Genni', '2010-02-15', 0, 2147483647, 850),
(851, 'Stoppard', 'Lorin', '2011-05-04', 1, 2147483647, 851),
(852, 'Dust', 'Richmond', '2014-11-14', 0, 2147483647, 852),
(853, 'de Juares', 'Orson', '2009-07-03', 0, 2147483647, 853),
(854, 'Harry', 'Hartley', '2022-09-01', 1, 2147483647, 854),
(855, 'Fozzard', 'Huntley', '2006-03-15', 1, 2147483647, 855),
(856, 'Paver', 'Freddy', '2012-12-15', 1, 2147483647, 856),
(857, 'Zoane', 'Alli', '2019-08-24', 0, 2147483647, 857),
(858, 'Fielding', 'Taddeo', '2022-09-21', 0, 2147483647, 858),
(859, 'Viccars', 'Richard', '2007-01-31', 1, 2147483647, 859),
(860, 'Stelfox', 'Kaylyn', '2014-10-01', 1, 2147483647, 860),
(861, 'Gerring', 'Nada', '2008-03-05', 0, 2147483647, 861),
(862, 'Mathey', 'Allsun', '2020-07-21', 0, 2147483647, 862),
(863, 'Corlett', 'Hersch', '2006-05-16', 1, 2147483647, 863),
(864, 'Narup', 'Tito', '2020-11-10', 0, 2147483647, 864),
(865, 'Tytler', 'Nadya', '2022-01-27', 0, 2147483647, 865),
(866, 'Lejeune', 'Carly', '2015-10-31', 1, 2147483647, 866),
(867, 'O\'Hoolahan', 'Lennard', '2017-05-10', 1, 2147483647, 867),
(868, 'Phelp', 'Ermengarde', '2021-01-20', 0, 2147483647, 868),
(869, 'Botler', 'Renaud', '2008-06-08', 0, 2147483647, 869),
(870, 'McMorland', 'Margo', '2017-05-04', 0, 2147483647, 870),
(871, 'Manueli', 'Riannon', '2016-06-07', 1, 2147483647, 871),
(872, 'Dabels', 'Demeter', '2017-05-11', 1, 2147483647, 872),
(873, 'Beardwood', 'Morgan', '2010-06-29', 0, 2147483647, 873),
(874, 'Ipsgrave', 'Adelina', '2017-06-14', 0, 2147483647, 874),
(875, 'Pipkin', 'Oswell', '2006-05-25', 1, 2147483647, 875),
(876, 'Headingham', 'Darci', '2015-11-11', 1, 2147483647, 876),
(877, 'Parchment', 'Conan', '2008-03-10', 0, 2147483647, 877),
(878, 'Itzkovich', 'Estella', '2005-04-27', 1, 2147483647, 878),
(879, 'Jorioz', 'Hilary', '2015-09-15', 0, 2147483647, 879),
(880, 'Duffin', 'Anna-diane', '2008-03-22', 1, 2147483647, 880),
(881, 'Charteris', 'Elberta', '2020-07-26', 1, 2147483647, 881),
(882, 'Garber', 'Griz', '2020-02-23', 0, 2147483647, 882),
(883, 'Briiginshaw', 'Nona', '2009-06-13', 0, 2147483647, 883),
(884, 'Mansfield', 'Dasya', '2014-05-06', 0, 2147483647, 884),
(885, 'Kinahan', 'Budd', '2018-10-25', 0, 2147483647, 885),
(886, 'Watkiss', 'Johnathan', '2009-03-23', 0, 2147483647, 886),
(887, 'Bittleson', 'Toiboid', '2010-06-05', 0, 2147483647, 887),
(888, 'Dobrovolski', 'Mavra', '2015-12-23', 1, 2147483647, 888),
(889, 'Rochester', 'Maurise', '2015-01-16', 1, 2147483647, 889),
(890, 'Felten', 'Nicky', '2022-01-29', 0, 2147483647, 890),
(891, 'Rhymer', 'Melvyn', '2008-02-20', 1, 2147483647, 891),
(892, 'Madge', 'Sharline', '2008-11-30', 1, 2147483647, 892),
(893, 'McNeigh', 'Josh', '2010-04-25', 0, 2147483647, 893),
(894, 'Curee', 'Edsel', '2005-04-29', 0, 2147483647, 894),
(895, 'Carse', 'Zak', '2006-01-30', 1, 2147483647, 895),
(896, 'Scroggie', 'Glendon', '2007-05-16', 1, 2147483647, 896),
(897, 'Burdoun', 'Joellyn', '2020-08-30', 1, 2147483647, 897),
(898, 'Miell', 'Sydney', '2020-09-02', 1, 2147483647, 898),
(899, 'Von Welldun', 'Kennedy', '2005-08-07', 0, 2147483647, 899),
(900, 'Collishaw', 'Mackenzie', '2017-01-01', 0, 2147483647, 900),
(901, 'Joinsey', 'Ingamar', '2012-01-14', 1, 2147483647, 901),
(902, 'Perigoe', 'Obed', '2011-03-24', 1, 2147483647, 902),
(903, 'Crebott', 'Nolana', '2015-05-27', 1, 2147483647, 903),
(904, 'Caris', 'Alessandro', '2009-08-05', 0, 2147483647, 904),
(905, 'Cowdroy', 'Niels', '2015-11-19', 1, 2147483647, 905),
(906, 'MacKerley', 'Harwilll', '2016-04-10', 0, 2147483647, 906),
(907, 'Youde', 'Emmet', '2018-06-11', 1, 2147483647, 907),
(908, 'Colliber', 'Olenolin', '2014-11-07', 0, 2147483647, 908),
(909, 'Pidgen', 'Gunter', '2012-11-06', 0, 2147483647, 909),
(910, 'Huey', 'Graig', '2020-03-03', 1, 2147483647, 910),
(911, 'Iggulden', 'Opal', '2021-11-15', 0, 2147483647, 911),
(912, 'Miguet', 'Forester', '2014-10-14', 0, 2147483647, 912),
(913, 'Westmacott', 'Murial', '2012-04-21', 0, 2147483647, 913),
(914, 'Tukesby', 'Bren', '2005-08-09', 0, 2147483647, 914),
(915, 'McVeighty', 'Tamarra', '2009-07-25', 1, 2147483647, 915),
(916, 'Bollins', 'Walliw', '2009-02-07', 0, 2147483647, 916),
(917, 'Flowerden', 'Shanta', '2014-02-19', 1, 2147483647, 917),
(918, 'Gilbart', 'Ivonne', '2020-01-03', 1, 2147483647, 918),
(919, 'Tinline', 'Odette', '2017-01-03', 1, 2147483647, 919),
(920, 'Rickword', 'Kathie', '2009-06-06', 0, 2147483647, 920),
(921, 'Gough', 'Lou', '2015-05-12', 0, 2147483647, 921),
(922, 'Shakshaft', 'Merwin', '2014-04-27', 1, 2147483647, 922),
(923, 'Grishelyov', 'Alfredo', '2012-12-29', 1, 2147483647, 923),
(924, 'Blinkhorn', 'Veda', '2007-05-19', 0, 2147483647, 924),
(925, 'Greave', 'Darbie', '2016-03-01', 0, 2147483647, 925),
(926, 'Antonchik', 'Barbra', '2008-01-18', 0, 2147483647, 926),
(927, 'Jobin', 'Inger', '2019-10-17', 0, 2147483647, 927),
(928, 'Binfield', 'Trista', '2016-05-28', 1, 2147483647, 928),
(929, 'Edmundson', 'Maury', '2008-02-16', 1, 2147483647, 929),
(930, 'Darey', 'Amble', '2018-06-27', 1, 2147483647, 930),
(931, 'Fishpond', 'Jasper', '2005-04-10', 1, 2147483647, 931),
(932, 'Longland', 'Gianna', '2012-02-25', 0, 2147483647, 932),
(933, 'Fulmen', 'Erminie', '2019-06-06', 1, 2147483647, 933),
(934, 'Jerdein', 'Jacquelynn', '2009-02-03', 1, 2147483647, 934),
(935, 'Wallicker', 'Bail', '2018-03-22', 1, 2147483647, 935),
(936, 'Lambert-Ciorwyn', 'Noby', '2020-12-21', 0, 2147483647, 936),
(937, 'Bisco', 'Alexei', '2014-12-07', 0, 2147483647, 937),
(938, 'Llopis', 'Iver', '2017-03-09', 0, 2147483647, 938),
(939, 'Swetenham', 'Malynda', '2016-12-23', 0, 2147483647, 939),
(940, 'Sheppey', 'Elayne', '2020-11-28', 0, 2147483647, 940),
(941, 'Thomson', 'Bridie', '2022-02-05', 1, 2147483647, 941),
(942, 'Southward', 'Alec', '2012-05-17', 0, 2147483647, 942),
(943, 'Fiennes', 'Berkeley', '2021-04-11', 1, 2147483647, 943),
(944, 'Vakhrushin', 'Foss', '2009-04-27', 1, 2147483647, 944),
(945, 'de Banke', 'Gaylord', '2007-01-07', 0, 2147483647, 945),
(946, 'Ledeker', 'Aubrette', '2018-06-12', 1, 2147483647, 946),
(947, 'Natt', 'Ajay', '2012-10-13', 1, 2147483647, 947),
(948, 'Pickthorne', 'Iolande', '2014-09-16', 1, 2147483647, 948),
(949, 'Whilde', 'Berrie', '2009-06-05', 0, 2147483647, 949),
(950, 'Dulwitch', 'Venus', '2008-02-11', 1, 2147483647, 950),
(951, 'Symson', 'Adan', '2010-09-30', 1, 2147483647, 951),
(952, 'Garret', 'Garth', '2021-02-16', 0, 2147483647, 952),
(953, 'Gingell', 'Karleen', '2015-04-13', 1, 2147483647, 953),
(954, 'Shipperbottom', 'Nevil', '2018-10-26', 0, 2147483647, 954),
(955, 'Reichert', 'Carla', '2010-10-29', 1, 2147483647, 955),
(956, 'Dullingham', 'Basil', '2020-08-27', 0, 2147483647, 956),
(957, 'Wardrope', 'Abbye', '2022-01-30', 0, 2147483647, 957),
(958, 'Strippling', 'Odey', '2013-06-07', 1, 2147483647, 958),
(959, 'Calverd', 'Neron', '2015-03-17', 0, 2147483647, 959),
(960, 'Nutting', 'Umberto', '2009-01-14', 0, 2147483647, 960),
(961, 'Kittle', 'Tyne', '2010-02-18', 0, 2147483647, 961),
(962, 'Moran', 'Vanya', '2022-02-09', 1, 2147483647, 962),
(963, 'Berrick', 'Elsbeth', '2013-10-11', 1, 2147483647, 963),
(964, 'Mattersley', 'Bertine', '2016-04-10', 0, 2147483647, 964),
(965, 'Bligh', 'Bailey', '2012-11-20', 0, 2147483647, 965),
(966, 'Hagger', 'Patricia', '2018-09-13', 1, 2147483647, 966),
(967, 'Coot', 'Giuseppe', '2007-12-19', 1, 2147483647, 967),
(968, 'des Remedios', 'Yoko', '2009-10-19', 0, 2147483647, 968),
(969, 'Legrice', 'Nikolas', '2015-10-10', 1, 2147483647, 969),
(970, 'Flewin', 'Gino', '2007-11-27', 1, 2147483647, 970),
(971, 'Crawley', 'Wade', '2017-02-23', 1, 2147483647, 971),
(972, 'Lorenzetti', 'Harland', '2018-10-22', 1, 2147483647, 972),
(973, 'Burhouse', 'Rosaleen', '2008-06-25', 0, 2147483647, 973),
(974, 'Eyden', 'Katrina', '2010-04-28', 1, 2147483647, 974),
(975, 'Boules', 'Maitilde', '2017-09-02', 1, 2147483647, 975),
(976, 'Ghion', 'Korella', '2010-03-03', 1, 2147483647, 976),
(977, 'Prigg', 'Lucina', '2013-04-08', 1, 2147483647, 977),
(978, 'Verlander', 'Collete', '2005-06-02', 1, 2147483647, 978),
(979, 'Dey', 'Micheal', '2006-04-03', 0, 2147483647, 979),
(980, 'Alywen', 'Mel', '2017-01-18', 0, 2147483647, 980),
(981, 'Alexandre', 'Francoise', '2011-12-04', 0, 2147483647, 981),
(982, 'Robinette', 'Morie', '2007-06-17', 1, 2147483647, 982),
(983, 'Tytterton', 'Seymour', '2022-07-10', 1, 2147483647, 983),
(984, 'Bresland', 'Charmaine', '2009-01-31', 1, 2147483647, 984),
(985, 'Seamans', 'Nydia', '2006-03-14', 1, 2147483647, 985),
(986, 'Colmore', 'Sunny', '2018-01-03', 1, 2147483647, 986),
(987, 'Cluckie', 'Hillery', '2020-06-08', 1, 2147483647, 987),
(988, 'Golthorpp', 'Torrey', '2014-04-29', 0, 2147483647, 988),
(989, 'Eslemont', 'Camilla', '2021-07-28', 1, 2147483647, 989),
(990, 'Ray', 'Marci', '2009-05-15', 0, 2147483647, 990),
(991, 'Daen', 'Lelah', '2006-05-27', 0, 2147483647, 991),
(992, 'Labadini', 'Jamal', '2011-10-27', 1, 2147483647, 992),
(993, 'Dunderdale', 'Silvie', '2017-12-02', 0, 2147483647, 993),
(994, 'Follett', 'Therese', '2008-09-05', 0, 2147483647, 994),
(995, 'Barten', 'Alf', '2021-11-24', 0, 2147483647, 995),
(996, 'Rubartelli', 'Web', '2016-06-17', 0, 2147483647, 996),
(997, 'Kupper', 'Farrand', '2020-03-13', 0, 2147483647, 997),
(998, 'Stranio', 'Kamilah', '2010-10-31', 1, 2147483647, 998),
(999, 'Turban', 'Zacharie', '2013-07-30', 0, 2147483647, 999),
(1000, 'Cram', 'Cletis', '2006-06-24', 0, 2147483647, 1000);

--
-- Indeksy dla zrzutów tabel
--

--
-- Indeksy dla tabeli `klasy`
--
ALTER TABLE `klasy`
  ADD PRIMARY KEY (`idklasy`);

--
-- Indeksy dla tabeli `nauczyciele`
--
ALTER TABLE `nauczyciele`
  ADD PRIMARY KEY (`idnauczyciela`);

--
-- Indeksy dla tabeli `nieobecnosci`
--
ALTER TABLE `nieobecnosci`
  ADD PRIMARY KEY (`IdNieobecnosci`),
  ADD KEY `IdNauczyciela` (`IdNauczyciela`),
  ADD KEY `IdUcznia` (`IdUcznia`);

--
-- Indeksy dla tabeli `oceny`
--
ALTER TABLE `oceny`
  ADD PRIMARY KEY (`idoceny`),
  ADD KEY `iducznia` (`iducznia`),
  ADD KEY `idnauczyciela` (`idnauczyciela`),
  ADD KEY `idrodzaju_oceny` (`idrodzaju_oceny`),
  ADD KEY `idprzedmiotu` (`idprzedmiotu`);

--
-- Indeksy dla tabeli `przedmioty`
--
ALTER TABLE `przedmioty`
  ADD PRIMARY KEY (`idprzedmiotu`);

--
-- Indeksy dla tabeli `rodzajeocen`
--
ALTER TABLE `rodzajeocen`
  ADD PRIMARY KEY (`idrodzaju_oceny`);

--
-- Indeksy dla tabeli `uczniowie`
--
ALTER TABLE `uczniowie`
  ADD PRIMARY KEY (`iducznia`),
  ADD KEY `idklasy` (`idklasy`);

--
-- Ograniczenia dla zrzutów tabel
--

--
-- Ograniczenia dla tabeli `nieobecnosci`
--
ALTER TABLE `nieobecnosci`
  ADD CONSTRAINT `nieobecnosci_ibfk_1` FOREIGN KEY (`IdNauczyciela`) REFERENCES `nauczyciele` (`idnauczyciela`),
  ADD CONSTRAINT `nieobecnosci_ibfk_2` FOREIGN KEY (`IdUcznia`) REFERENCES `uczniowie` (`iducznia`);

--
-- Ograniczenia dla tabeli `oceny`
--
ALTER TABLE `oceny`
  ADD CONSTRAINT `oceny_ibfk_1` FOREIGN KEY (`iducznia`) REFERENCES `uczniowie` (`iducznia`),
  ADD CONSTRAINT `oceny_ibfk_2` FOREIGN KEY (`idnauczyciela`) REFERENCES `nauczyciele` (`idnauczyciela`),
  ADD CONSTRAINT `oceny_ibfk_3` FOREIGN KEY (`idrodzaju_oceny`) REFERENCES `rodzajeocen` (`idrodzaju_oceny`),
  ADD CONSTRAINT `oceny_ibfk_4` FOREIGN KEY (`idprzedmiotu`) REFERENCES `przedmioty` (`idprzedmiotu`);

--
-- Ograniczenia dla tabeli `uczniowie`
--
ALTER TABLE `uczniowie`
  ADD CONSTRAINT `uczniowie_ibfk_1` FOREIGN KEY (`idklasy`) REFERENCES `klasy` (`idklasy`);
COMMIT;

/*!40101 SET CHARACTER_SET_CLIENT=@OLD_CHARACTER_SET_CLIENT */;
/*!40101 SET CHARACTER_SET_RESULTS=@OLD_CHARACTER_SET_RESULTS */;
/*!40101 SET COLLATION_CONNECTION=@OLD_COLLATION_CONNECTION */;
